Age,Budget,Duree,Budget_per_day,Interet_Aventure,Interet_Culture,Interet_Nature,Interet_Plage,Interet_Ville,Climat_Chaud,Climat_Froid,Climat_Tempéré,Destination
-0.6503545574805996,-0.6617091356463682,-0.5719645872760255,-0.34661375835367686,1.0,0.0,0.0,0.0,0.0,0.0,0.0,1.0,Tokyo
-0.5159532353866113,1.4793091190545398,1.5333961401820628,-0.3550157741259638,0.0,0.0,0.0,1.0,0.0,0.0,0.0,1.0,Sydney
-1.2551605069035465,1.1100621558020705,0.6664828994640265,-0.26079332125968435,1.0,0.0,0.0,0.0,0.0,0.0,1.0,0.0,New York
0.8952606466002652,0.41916347196169146,-0.44811983860202037,-0.046352449040949144,1.0,0.0,0.0,0.0,0.0,0.0,1.0,0.0,New York
1.0296619686942534,0.09904708178231585,1.1618618941600474,-0.5062397080506125,0.0,0.0,0.0,1.0,0.0,0.0,1.0,0.0,Sydney
-0.045548608057652464,-0.9142709878502401,1.4095513915080577,-0.6729290765109928,0.0,0.0,0.0,1.0,0.0,1.0,0.0,0.0,Barcelone
0.22325403613032402,0.04991650870922222,-1.0673435819720463,0.31894122576826905,0.0,1.0,0.0,0.0,0.0,1.0,0.0,0.0,Barcelone
0.3576553582243122,1.533813348557503,0.04725915609400046,0.019736555840617457,0.0,0.0,0.0,0.0,1.0,0.0,1.0,0.0,New York
1.2312639518352357,1.39486594658516,0.6664828994640265,-0.20942442758697108,1.0,0.0,0.0,0.0,0.0,0.0,0.0,1.0,Tokyo
-0.5159532353866113,1.333452730243793,1.4095513915080577,-0.357608065472576,1.0,0.0,0.0,0.0,0.0,0.0,0.0,1.0,Tokyo
0.29045469717731814,-0.9181093138715756,1.1618618941600474,-0.6603463902428984,0.0,0.0,0.0,0.0,1.0,0.0,1.0,0.0,Londres
0.9624613076472592,1.419431233121707,0.04725915609400046,-0.007341150680618282,0.0,0.0,1.0,0.0,0.0,0.0,0.0,1.0,Sydney
0.49205668031830047,-0.1573530964428915,-1.6865673253420723,2.817461748040652,0.0,0.0,1.0,0.0,0.0,1.0,0.0,0.0,Rio de Janeiro
0.9624613076472592,-1.1261465842279563,1.4095513915080577,-0.7026519586990403,0.0,1.0,0.0,0.0,0.0,0.0,1.0,0.0,Londres
0.021652052989341655,-0.20878666512878638,-1.6865673253420723,2.7200547390093543,0.0,0.0,1.0,0.0,0.0,0.0,0.0,1.0,Sydney
-0.11274926910464658,-1.0132997992006945,1.6572408888560681,-0.6972116756813946,0.0,0.0,0.0,1.0,0.0,0.0,1.0,0.0,Rio de Janeiro
-1.3895618289975349,0.7914810960312291,-1.6865673253420723,4.614402989274748,0.0,0.0,0.0,0.0,1.0,1.0,0.0,0.0,Sydney
-0.31435125224562893,0.06450214759029689,0.9141723968120369,-0.4831249711600755,1.0,0.0,0.0,0.0,0.0,0.0,0.0,1.0,New York
1.0296619686942534,0.9887710535278706,-1.0673435819720463,0.8269532282896398,0.0,0.0,0.0,0.0,1.0,1.0,0.0,0.0,Rome
-0.31435125224562893,-1.7034308178368065,1.6572408888560681,-0.7873495468949498,0.0,0.0,1.0,0.0,0.0,0.0,0.0,1.0,Sydney
0.9624613076472592,-1.2842856163069765,-0.20043034125400994,-0.6202371215113249,0.0,0.0,0.0,0.0,1.0,1.0,0.0,0.0,Rome
1.3656652739292239,1.1300214511130149,-0.20043034125400994,0.032950884233143754,1.0,0.0,0.0,0.0,0.0,0.0,1.0,0.0,New York
-1.6583644731855112,-1.629734958227166,0.6664828994640265,-0.7549593091785893,0.0,0.0,0.0,0.0,1.0,0.0,1.0,0.0,Londres
-0.8519565406215819,1.5008037447740183,0.17110390476800566,-0.03804275576716129,0.0,0.0,0.0,1.0,0.0,0.0,1.0,0.0,Sydney
-0.6503545574805996,-0.4843784734606709,-0.3242750899280151,-0.3704648046005511,0.0,1.0,0.0,0.0,0.0,1.0,0.0,0.0,Rome
-1.1879598458565523,0.423769463187294,0.7903276481380317,-0.40516370159792864,1.0,0.0,0.0,0.0,0.0,0.0,1.0,0.0,New York
0.42485601927130634,0.01767457013000453,-1.5627225766680672,1.8201307253718226,0.0,0.0,0.0,0.0,1.0,0.0,1.0,0.0,New York
0.8280599855532711,1.5852469172433978,0.17110390476800566,-0.01922839980483058,0.0,0.0,1.0,0.0,0.0,0.0,0.0,1.0,Sydney
1.5000665960232122,-0.9457452612251908,0.41879340211601607,-0.6099181568552201,0.0,1.0,0.0,0.0,0.0,0.0,0.0,1.0,Rome
0.021652052989341655,0.5304749265804192,-1.6865673253420723,4.120098764339802,1.0,0.0,0.0,0.0,0.0,1.0,0.0,0.0,Rio de Janeiro
0.42485601927130634,-1.1606915184199753,1.4095513915080577,-0.7074980807949176,0.0,0.0,0.0,1.0,0.0,0.0,0.0,1.0,Barcelone
-1.0535585237625642,1.2497772229786805,1.6572408888560681,-0.4016316486095811,0.0,0.0,0.0,1.0,0.0,0.0,0.0,1.0,Sydney
-1.1207591848095584,-1.236690373642417,0.5426381507900213,-0.6763967481877384,0.0,0.0,0.0,0.0,1.0,0.0,1.0,0.0,New York
1.1640632907882416,-0.26789688585735216,-0.44811983860202037,-0.26321640279146113,1.0,0.0,0.0,0.0,0.0,0.0,0.0,1.0,Tokyo
-0.31435125224562893,1.629771499090889,-0.5719645872760255,0.44242298765895444,0.0,0.0,0.0,1.0,0.0,0.0,1.0,0.0,Bali
0.49205668031830047,0.1389656724042044,-1.0673435819720463,0.3671255203655535,0.0,0.0,1.0,0.0,0.0,0.0,0.0,1.0,Sydney
-1.5911638121385172,-0.35003706271393054,-0.44811983860202037,-0.28914315480409225,0.0,0.0,0.0,1.0,0.0,1.0,0.0,0.0,Bali
1.3656652739292239,-0.5450240245977709,-1.3150330793200569,0.330821079917442,0.0,0.0,0.0,1.0,0.0,0.0,0.0,1.0,Sydney
0.7608593245062769,0.036098535032414635,-0.5719645872760255,-0.10633422665334796,0.0,1.0,0.0,0.0,0.0,0.0,0.0,1.0,Londres
1.29846461288223,-0.301674154845104,-1.0673435819720463,0.12869633847899048,0.0,0.0,1.0,0.0,0.0,0.0,0.0,1.0,Sydney
-0.38155191329262306,-0.4774694866222671,-0.44811983860202037,-0.3293659663377067,0.0,0.0,1.0,0.0,0.0,0.0,1.0,0.0,Sydney
0.49205668031830047,-1.6780978660959924,0.41879340211601607,-0.7559139591932285,1.0,0.0,0.0,0.0,0.0,0.0,0.0,1.0,New York
0.22325403613032402,-0.6640121312591695,-1.0673435819720463,-0.06736389470996057,0.0,0.0,0.0,1.0,0.0,0.0,0.0,1.0,Barcelone
-1.7255651342325053,-0.0560212894796359,-0.5719645872760255,-0.13805429684481052,0.0,0.0,0.0,0.0,1.0,0.0,1.0,0.0,Londres
-1.2551605069035465,0.8590356340067328,1.4095513915080577,-0.42416147558929107,0.0,0.0,0.0,1.0,0.0,1.0,0.0,0.0,Sydney
-0.6503545574805996,-1.1983071134290626,-0.44811983860202037,-0.5568913882055623,0.0,0.0,0.0,1.0,0.0,1.0,0.0,0.0,Rio de Janeiro
1.5000665960232122,0.6218270858882027,-0.6958093359500308,0.18863598340708454,0.0,0.0,1.0,0.0,0.0,1.0,0.0,0.0,Rio de Janeiro
-1.4567624900445288,-0.459045521719857,1.1618618941600474,-0.5907948461289461,0.0,0.0,1.0,0.0,0.0,0.0,0.0,1.0,Sydney
0.5592573413652946,-1.3380221806056727,-0.07658559258000475,-0.6482892435492165,0.0,0.0,0.0,1.0,0.0,0.0,1.0,0.0,Bali
-0.38155191329262306,0.9066308766712923,1.1618618941600474,-0.38388481773643524,0.0,0.0,0.0,0.0,1.0,0.0,0.0,1.0,Sydney
-1.2551605069035465,0.2610244398826714,1.6572408888560681,-0.5307724474116489,0.0,1.0,0.0,0.0,0.0,0.0,0.0,1.0,Rome
-0.5831538964336054,-0.3224011153603154,-0.9434988332980412,-0.001889315686107306,0.0,0.0,1.0,0.0,0.0,0.0,1.0,0.0,Rio de Janeiro
-1.2551605069035465,-0.8989176837648983,-1.5627225766680672,0.6628771117662686,0.0,1.0,0.0,0.0,0.0,1.0,0.0,0.0,Barcelone
-0.5831538964336054,1.2820191615578982,-0.819654084624036,0.5804933756519426,0.0,1.0,0.0,0.0,0.0,0.0,1.0,0.0,Londres
-0.11274926910464658,1.113132816619139,-1.1911883306460516,1.1828661953077306,1.0,0.0,0.0,0.0,0.0,0.0,0.0,1.0,New York
-0.4487525743396172,1.5660552871367208,-1.1911883306460516,1.4687873619006384,0.0,1.0,0.0,0.0,0.0,0.0,1.0,0.0,Londres
-0.2471505911986348,1.3633916732102096,-0.07658559258000475,0.03385088245491479,1.0,0.0,0.0,0.0,0.0,1.0,0.0,0.0,Rio de Janeiro
-1.0535585237625642,1.7126793411517345,-1.5627225766680672,3.9601776088232996,0.0,0.0,0.0,1.0,0.0,0.0,0.0,1.0,Barcelone
1.432865934976218,-0.24409926452507244,1.2857066428340524,-0.5689694029751775,1.0,0.0,0.0,0.0,0.0,0.0,0.0,1.0,Rome
0.22325403613032402,-1.6757948704831913,-1.438877827994062,-0.4478537110343832,0.0,1.0,0.0,0.0,0.0,1.0,0.0,0.0,Rome
0.7608593245062769,1.7326386364626787,-0.3242750899280151,0.27548596715320073,0.0,1.0,0.0,0.0,0.0,0.0,1.0,0.0,Londres
-0.045548608057652464,-0.8789583884539541,0.9141723968120369,-0.6384958585723371,1.0,0.0,0.0,0.0,0.0,1.0,0.0,0.0,Rio de Janeiro
-0.6503545574805996,0.4798090230987914,-0.5719645872760255,0.04645077810219674,0.0,0.0,0.0,1.0,0.0,0.0,1.0,0.0,Sydney
0.7608593245062769,1.3856539641339551,-0.07658559258000475,0.039472383919569504,0.0,0.0,0.0,0.0,1.0,0.0,1.0,0.0,New York
1.0968626297412476,-1.6972894962026697,0.7903276481380317,-0.7703410262761092,0.0,0.0,0.0,1.0,0.0,0.0,0.0,1.0,Sydney
-1.7255651342325053,-0.5480946854148392,1.1618618941600474,-0.6042864500038934,0.0,0.0,1.0,0.0,0.0,0.0,1.0,0.0,Rio de Janeiro
-1.7255651342325053,-0.9380686091825199,0.41879340211601607,-0.6083878025330188,0.0,0.0,0.0,1.0,0.0,1.0,0.0,0.0,Bali
-0.6503545574805996,-0.2279782952354636,0.7903276481380317,-0.5173734550006703,0.0,1.0,0.0,0.0,0.0,1.0,0.0,0.0,Barcelone
1.5000665960232122,-0.8758877276368857,-0.9434988332980412,-0.2639433449696246,0.0,0.0,0.0,0.0,1.0,1.0,0.0,0.0,Barcelone
1.6344679181172004,-0.36385503639073813,0.41879340211601607,-0.4939172992323583,0.0,0.0,1.0,0.0,0.0,0.0,0.0,1.0,Sydney
-1.6583644731855112,0.20037888874557144,-0.819654084624036,0.12528100716530083,0.0,0.0,1.0,0.0,0.0,0.0,0.0,1.0,Sydney
-1.1879598458565523,1.5637522915239195,1.1618618941600474,-0.2843260856937207,0.0,0.0,1.0,0.0,0.0,1.0,0.0,0.0,Sydney
-0.5159532353866113,-1.1591561880114412,1.038017145486042,-0.6910078048967889,0.0,0.0,1.0,0.0,0.0,1.0,0.0,0.0,Bali
-0.8519565406215819,-1.1652975096455778,0.2949486534420109,-0.6434754269209831,0.0,0.0,1.0,0.0,0.0,0.0,1.0,0.0,Bali
-0.2471505911986348,-0.2832501899426939,-0.20043034125400994,-0.3494081359816629,0.0,0.0,0.0,1.0,0.0,0.0,1.0,0.0,Bali
-1.4567624900445288,-0.24870525575067495,-1.6865673253420723,2.6444552693134216,1.0,0.0,0.0,0.0,0.0,0.0,1.0,0.0,New York
-0.4487525743396172,1.1891316718415805,-0.20043034125400994,0.04894308659954242,0.0,0.0,1.0,0.0,0.0,0.0,0.0,1.0,Sydney
-0.7175552185275936,-1.5744630635199357,-1.3150330793200569,-0.44901676066645385,0.0,1.0,0.0,0.0,0.0,0.0,0.0,1.0,Barcelone
0.22325403613032402,-0.6409821751311569,1.2857066428340524,-0.6267873672828597,1.0,0.0,0.0,0.0,0.0,1.0,0.0,0.0,Rio de Janeiro
-0.8519565406215819,-0.5058730991801493,-1.0673435819720463,0.018204766385217154,1.0,0.0,0.0,0.0,0.0,0.0,1.0,0.0,New York
-0.9863578627155701,-0.5074084295886836,0.2949486534420109,-0.5050378749457464,0.0,0.0,1.0,0.0,0.0,1.0,0.0,0.0,Bali
-0.8519565406215819,1.2382622449146743,-0.44811983860202037,0.21218815280463338,0.0,0.0,1.0,0.0,0.0,0.0,1.0,0.0,Sydney
-1.0535585237625642,-0.42373292232357096,-0.20043034125400994,-0.3874155779693379,0.0,0.0,1.0,0.0,0.0,0.0,0.0,1.0,Sydney
-0.8519565406215819,0.8981865594243543,0.7903276481380317,-0.3234845171422227,0.0,1.0,0.0,0.0,0.0,0.0,1.0,0.0,Londres
-0.7175552185275936,0.2594891094741372,-1.5627225766680672,2.1254363269511773,0.0,0.0,1.0,0.0,0.0,0.0,1.0,0.0,Sydney
-1.3223611679505407,-0.5173880772441557,-0.9434988332980412,-0.09420793349195108,1.0,0.0,0.0,0.0,0.0,1.0,0.0,0.0,Rio de Janeiro
0.021652052989341655,0.6563720200802217,1.6572408888560681,-0.4791361808098904,0.0,0.0,0.0,1.0,0.0,0.0,0.0,1.0,Sydney
-0.11274926910464658,1.5952265648988702,1.038017145486042,-0.2563106549090813,0.0,1.0,0.0,0.0,0.0,0.0,0.0,1.0,Tokyo
-0.31435125224562893,-0.9810578606214768,-0.44811983860202037,-0.4883187637235568,0.0,1.0,0.0,0.0,0.0,0.0,1.0,0.0,Londres
-0.919157201668576,-1.0639657026823222,0.5426381507900213,-0.6436854244646023,0.0,0.0,0.0,1.0,0.0,0.0,1.0,0.0,Bali
1.432865934976218,0.9588321105614542,-0.44811983860202037,0.12398873474297264,0.0,1.0,0.0,0.0,0.0,0.0,1.0,0.0,Londres
-0.5159532353866113,-0.449833539268652,1.038017145486042,-0.579062385000289,0.0,0.0,0.0,0.0,1.0,1.0,0.0,0.0,Sydney
0.49205668031830047,1.472400132216136,0.6664828994640265,-0.19543990397256666,0.0,0.0,0.0,1.0,0.0,1.0,0.0,0.0,Sydney
-0.045548608057652464,-0.4682575041710621,-0.3242750899280151,-0.3657677941411228,0.0,0.0,0.0,0.0,1.0,1.0,0.0,0.0,Sydney
1.29846461288223,0.8836009205432797,0.04725915609400046,-0.1341883933103003,1.0,0.0,0.0,0.0,0.0,0.0,1.0,0.0,New York
-0.6503545574805996,1.4969654187526829,1.038017145486042,-0.2718182455440943,1.0,0.0,0.0,0.0,0.0,0.0,0.0,1.0,New York
-0.31435125224562893,1.2866251527835006,-1.1911883306460516,1.2923885404772173,0.0,0.0,0.0,0.0,1.0,0.0,0.0,1.0,New York
0.6936586634592828,1.6712254201213117,-0.07658559258000475,0.11158267856962256,0.0,0.0,1.0,0.0,0.0,1.0,0.0,0.0,Sydney
1.6344679181172004,-0.7668792686309592,-0.44811983860202037,-0.4207153636158554,0.0,0.0,0.0,0.0,1.0,0.0,1.0,0.0,Londres
-1.2551605069035465,-0.3968646401742229,0.04725915609400046,-0.43731332268896733,0.0,1.0,0.0,0.0,0.0,0.0,0.0,1.0,Barcelone
-1.523963151091523,-1.4339803311390587,-0.20043034125400994,-0.6607368547768803,0.0,1.0,0.0,0.0,0.0,1.0,0.0,0.0,Barcelone
-1.3223611679505407,0.2786807395808144,0.6664828994640265,-0.41074618338245655,0.0,1.0,0.0,0.0,0.0,0.0,1.0,0.0,Londres
1.2312639518352357,-1.1906304613863918,-0.5719645872760255,-0.5287398280363244,0.0,0.0,0.0,0.0,1.0,0.0,1.0,0.0,Rome
-0.7847558795745877,1.3012107916645754,-0.9434988332980412,0.7668267341538918,0.0,0.0,1.0,0.0,0.0,0.0,0.0,1.0,Sydney
0.22325403613032402,1.2651305270640223,-0.3242750899280151,0.13927266382978135,0.0,0.0,0.0,0.0,1.0,1.0,0.0,0.0,Sydney
-1.0535585237625642,-0.6133462277775417,-0.9434988332980412,-0.1396403241444333,1.0,0.0,0.0,0.0,0.0,1.0,0.0,0.0,Rio de Janeiro
1.29846461288223,0.318599330202703,0.5426381507900213,-0.38184945101852125,1.0,0.0,0.0,0.0,0.0,0.0,0.0,1.0,Tokyo
-1.1207591848095584,-0.8021918680272453,0.7903276481380317,-0.616234344924405,0.0,0.0,0.0,0.0,1.0,1.0,0.0,0.0,Rome
-0.7175552185275936,-0.46979283457959625,1.2857066428340524,-0.6018484774557551,0.0,0.0,0.0,1.0,0.0,1.0,0.0,0.0,Bali
0.9624613076472592,-0.6801331005487783,1.038017145486042,-0.6154083005511007,0.0,0.0,0.0,0.0,1.0,0.0,1.0,0.0,Londres
0.49205668031830047,0.9235195111651682,1.5333961401820628,-0.4301998970271674,0.0,0.0,0.0,1.0,0.0,0.0,1.0,0.0,Sydney
0.08885271403633577,-1.3702641191848903,-1.438877827994062,-0.15854028352355054,1.0,0.0,0.0,0.0,0.0,1.0,0.0,0.0,Rio de Janeiro
-0.11274926910464658,-1.2766089642643055,0.04725915609400046,-0.6455754144563248,0.0,1.0,0.0,0.0,0.0,1.0,0.0,0.0,Barcelone
0.8280599855532711,-0.5695893111343177,0.41879340211601607,-0.5349307950673542,1.0,0.0,0.0,0.0,0.0,0.0,1.0,0.0,New York
-0.7175552185275936,1.3572503515760728,0.17110390476800566,-0.07002716090312347,0.0,0.0,1.0,0.0,0.0,0.0,0.0,1.0,Sydney
-1.1879598458565523,1.237494579710407,0.7903276481380317,-0.26506671855092495,0.0,0.0,1.0,0.0,0.0,0.0,0.0,1.0,Sydney
1.7016685791641946,0.9288931675950378,1.1618618941600474,-0.3805119167676984,0.0,0.0,0.0,0.0,1.0,0.0,1.0,0.0,Londres
1.5672672570702064,0.4729000362603876,-0.07658559258000475,-0.19100917613127227,1.0,0.0,0.0,0.0,0.0,0.0,1.0,0.0,New York
-1.6583644731855112,-0.9964111647068186,1.4095513915080577,-0.6844520779389678,1.0,0.0,0.0,0.0,0.0,1.0,0.0,0.0,Rio de Janeiro
-0.11274926910464658,1.1300214511130149,1.5333961401820628,-0.4022654646232671,0.0,0.0,0.0,1.0,0.0,0.0,0.0,1.0,Sydney
-0.2471505911986348,1.665084098487175,-0.07658559258000475,0.11003191954489018,0.0,0.0,1.0,0.0,0.0,0.0,0.0,1.0,Sydney
-0.045548608057652464,-1.6527649143551786,0.2949486534420109,-0.746051676050826,0.0,0.0,0.0,0.0,1.0,0.0,1.0,0.0,Londres
0.42485601927130634,-1.3180628852947283,0.5426381507900213,-0.6918074162528602,1.0,0.0,0.0,0.0,0.0,1.0,0.0,0.0,Rio de Janeiro
-0.6503545574805996,0.44603175411103957,1.1618618941600474,-0.45366897571030057,0.0,0.0,1.0,0.0,0.0,0.0,0.0,1.0,Sydney
0.08885271403633577,-0.6148815581860758,-1.1911883306460516,0.09200425293377332,0.0,0.0,0.0,1.0,0.0,0.0,1.0,0.0,Barcelone
-0.045548608057652464,1.490056431914279,-0.07658559258000475,0.06583528734001891,0.0,0.0,1.0,0.0,0.0,0.0,1.0,0.0,Rio de Janeiro
-0.5831538964336054,-1.1284495798407577,1.038017145486042,-0.6861616828233474,0.0,0.0,0.0,1.0,0.0,0.0,1.0,0.0,Barcelone
0.08885271403633577,0.23799448375465873,1.1618618941600474,-0.48518815372849644,0.0,0.0,1.0,0.0,0.0,0.0,1.0,0.0,Sydney
0.9624613076472592,-0.8298278153808605,-0.07658559258000475,-0.5199639342526166,1.0,0.0,0.0,0.0,0.0,1.0,0.0,0.0,Rio de Janeiro
1.3656652739292239,-1.0685716939079248,-1.1911883306460516,-0.1944015258059019,0.0,0.0,1.0,0.0,0.0,0.0,0.0,1.0,Rome
0.42485601927130634,0.17504593700475754,-0.07658559258000475,-0.26622098883079004,1.0,0.0,0.0,0.0,0.0,1.0,0.0,0.0,Rio de Janeiro
-1.6583644731855112,1.2413329057317426,-0.9434988332980412,0.7384769223867429,0.0,1.0,0.0,0.0,0.0,0.0,0.0,1.0,Tokyo
0.8280599855532711,0.441425762885437,-1.438877827994062,1.5569865730733474,1.0,0.0,0.0,0.0,0.0,0.0,0.0,1.0,New York
1.5672672570702064,1.1023855037593997,-1.1911883306460516,1.176081625252984,1.0,0.0,0.0,0.0,0.0,0.0,0.0,1.0,New York
-0.5831538964336054,-1.4946258822761584,0.17110390476800566,-0.7054392736309297,0.0,0.0,0.0,0.0,1.0,0.0,0.0,1.0,Tokyo
-1.3895618289975349,-0.6540324836036974,-0.5719645872760255,-0.343970419171055,0.0,0.0,0.0,0.0,1.0,1.0,0.0,0.0,Barcelone
1.5672672570702064,1.5652876219324536,-1.6865673253420723,6.07986963261129,1.0,0.0,0.0,0.0,0.0,1.0,0.0,0.0,Rio de Janeiro
1.29846461288223,-0.9196446442801097,1.5333961401820628,-0.6795328791898603,0.0,1.0,0.0,0.0,0.0,1.0,0.0,0.0,Le Caire
-0.5159532353866113,-0.07367758917777892,0.41879340211601607,-0.4360699058531474,0.0,1.0,0.0,0.0,0.0,0.0,0.0,1.0,Paris
0.3576553582243122,-0.24870525575067495,1.6572408888560681,-0.5973481387195472,0.0,0.0,0.0,0.0,1.0,0.0,0.0,1.0,Rome
-0.6503545574805996,0.01383624410866909,-1.6865673253420723,3.1416671661597486,1.0,0.0,0.0,0.0,0.0,0.0,1.0,0.0,New York
-0.7847558795745877,-1.5038378647273636,0.17110390476800566,-0.7074917488268203,0.0,0.0,0.0,1.0,0.0,1.0,0.0,0.0,Bali
1.29846461288223,1.6957907066578586,0.17110390476800566,0.005401302545856875,1.0,0.0,0.0,0.0,0.0,0.0,0.0,1.0,Tokyo
1.1640632907882416,-0.8812613840667554,-0.6958093359500308,-0.38068640457035835,0.0,0.0,0.0,1.0,0.0,0.0,0.0,1.0,Barcelone
1.5000665960232122,0.28789272203201943,0.17110390476800566,-0.30828532322609364,0.0,0.0,1.0,0.0,0.0,1.0,0.0,0.0,Sydney
-0.8519565406215819,-1.4424246483859966,-0.3242750899280151,-0.64960142618943,0.0,1.0,0.0,0.0,0.0,0.0,0.0,1.0,Barcelone
-1.6583644731855112,0.07985545167563865,-0.6958093359500308,-0.016645735649133287,0.0,0.0,0.0,0.0,1.0,0.0,0.0,1.0,Barcelone
-0.4487525743396172,1.515389383655093,1.5333961401820628,-0.35013503686580283,0.0,0.0,0.0,1.0,0.0,0.0,0.0,1.0,Sydney
-0.8519565406215819,0.8705506120707391,-0.5719645872760255,0.1809967424976505,0.0,0.0,0.0,0.0,1.0,0.0,0.0,1.0,Tokyo
-0.045548608057652464,-0.5319737161252304,1.5333961401820628,-0.6270909150115347,1.0,0.0,0.0,0.0,0.0,1.0,0.0,0.0,Rio de Janeiro
0.3576553582243122,-1.646623592721042,-0.20043034125400994,-0.7182672451079511,0.0,0.0,1.0,0.0,0.0,0.0,0.0,1.0,Sydney
-1.3223611679505407,-1.0294207684903034,-0.20043034125400994,-0.5512837294899693,0.0,0.0,0.0,1.0,0.0,1.0,0.0,0.0,Bali
0.5592573413652946,-0.3523400583267318,1.1618618941600474,-0.5746281828650006,0.0,0.0,0.0,1.0,0.0,0.0,0.0,1.0,Sydney
-0.4487525743396172,0.6272007423180723,1.6572408888560681,-0.4829462354329328,1.0,0.0,0.0,0.0,0.0,0.0,1.0,0.0,New York
1.432865934976218,0.2763777439680131,1.6572408888560681,-0.5287671555047845,0.0,0.0,0.0,1.0,0.0,0.0,0.0,1.0,Sydney
-1.0535585237625642,0.65944268089729,0.7903276481380317,-0.3645884433003531,0.0,1.0,0.0,0.0,0.0,1.0,0.0,0.0,Barcelone
0.8952606466002652,0.782269113580024,1.1618618941600474,-0.40272654038937894,0.0,0.0,1.0,0.0,0.0,0.0,1.0,0.0,Sydney
-1.5911638121385172,1.3633916732102096,-1.0673435819720463,1.0296595710782162,0.0,0.0,0.0,1.0,0.0,1.0,0.0,0.0,Sydney
-0.7847558795745877,1.3687653296400792,-1.1911883306460516,1.3442420401813548,1.0,0.0,0.0,0.0,0.0,0.0,1.0,0.0,New York
0.29045469717731814,-0.6056695757348708,-1.6865673253420723,1.9684215499170992,0.0,0.0,0.0,0.0,1.0,0.0,0.0,1.0,Paris
1.7016685791641946,-0.013032038040678985,1.1618618941600474,-0.5232205198242531,0.0,0.0,0.0,0.0,1.0,0.0,0.0,1.0,Sydney
0.49205668031830047,0.9918417143449391,-1.6865673253420723,4.993854173710102,0.0,0.0,1.0,0.0,0.0,0.0,1.0,0.0,Sydney
-0.8519565406215819,0.5657875259767052,0.17110390476800566,-0.24636898815005984,0.0,1.0,0.0,0.0,0.0,0.0,0.0,1.0,Tokyo
1.6344679181172004,-1.3526078194867472,0.17110390476800566,-0.6737969476942827,0.0,1.0,0.0,0.0,0.0,1.0,0.0,0.0,Le Caire
0.8280599855532711,-0.5511653462319076,-0.3242750899280151,-0.38992384793246815,0.0,1.0,0.0,0.0,0.0,0.0,1.0,0.0,Londres
-1.1207591848095584,-1.2313167172125474,1.1618618941600474,-0.7077996176651269,0.0,0.0,0.0,0.0,1.0,0.0,0.0,1.0,Barcelone
-1.523963151091523,0.15815730251088161,-0.5719645872760255,-0.06430513364966008,1.0,0.0,0.0,0.0,0.0,0.0,1.0,0.0,New York
1.29846461288223,1.2336562536890716,-1.0673435819720463,0.9594600384321721,1.0,0.0,0.0,0.0,0.0,0.0,0.0,1.0,Tokyo
-0.7175552185275936,-1.6873098485471976,1.6572408888560681,-0.7852439903927422,1.0,0.0,0.0,0.0,0.0,1.0,0.0,0.0,Rio de Janeiro
-0.5831538964336054,-1.0608950418652539,1.4095513915080577,-0.6934981725179387,0.0,0.0,0.0,1.0,0.0,1.0,0.0,0.0,Rio de Janeiro
0.1560533750833299,0.3431646167392498,0.6664828994640265,-0.39911549047542716,0.0,0.0,0.0,1.0,0.0,1.0,0.0,0.0,Sydney
-0.5159532353866113,1.4601174889478625,0.17110390476800566,-0.04710785454901149,1.0,0.0,0.0,0.0,0.0,0.0,1.0,0.0,New York
-0.9863578627155701,1.508480396816689,-1.3150330793200569,1.8864260191880766,0.0,0.0,1.0,0.0,0.0,1.0,0.0,0.0,Rio de Janeiro
-1.6583644731855112,-1.2558820037490943,0.5426381507900213,-0.6800313397125313,1.0,0.0,0.0,0.0,0.0,0.0,0.0,1.0,Rio de Janeiro
-1.2551605069035465,-1.288891607532579,-0.3242750899280151,-0.6048679932424943,0.0,0.0,0.0,1.0,0.0,1.0,0.0,0.0,Bali
1.0296619686942534,0.9334991588206404,0.04725915609400046,-0.12237597100237868,1.0,0.0,0.0,0.0,0.0,1.0,0.0,0.0,Rio de Janeiro
-1.3895618289975349,1.2029496455183881,1.4095513915080577,-0.3759156378347792,0.0,0.0,0.0,1.0,0.0,1.0,0.0,0.0,Sydney
-1.5911638121385172,1.700396697883461,0.9141723968120369,-0.2137227245567155,0.0,0.0,0.0,1.0,0.0,1.0,0.0,0.0,Sydney
-0.7175552185275936,-0.7108397087194619,0.41879340211601607,-0.563089314595859,0.0,0.0,0.0,1.0,0.0,0.0,0.0,1.0,Barcelone
1.29846461288223,-0.7860708987376365,-1.1911883306460516,-0.016064255795410428,0.0,1.0,0.0,0.0,0.0,0.0,1.0,0.0,Londres
0.8280599855532711,-0.4866814690734722,0.2949486534420109,-0.5006763651402255,0.0,0.0,1.0,0.0,0.0,1.0,0.0,0.0,Bali
0.3576553582243122,1.480844449463074,-1.5627225766680672,3.667471920959918,0.0,1.0,0.0,0.0,0.0,1.0,0.0,0.0,Barcelone
-1.523963151091523,0.45370840615371044,-1.0673435819720463,0.5374320788559559,0.0,0.0,0.0,0.0,1.0,0.0,1.0,0.0,New York
-1.1207591848095584,0.5596462043425685,0.41879340211601607,-0.30981567427153656,0.0,0.0,1.0,0.0,0.0,0.0,1.0,0.0,Sydney
-1.1207591848095584,0.7684511399032165,1.038017145486042,-0.3867924917364952,1.0,0.0,0.0,0.0,0.0,1.0,0.0,0.0,Rio de Janeiro
0.5592573413652946,1.5583786350940498,0.6664828994640265,-0.1799323134298607,0.0,1.0,0.0,0.0,0.0,0.0,0.0,1.0,Tokyo
-0.919157201668576,0.3232053214283055,-0.07658559258000475,-0.2288089273591227,0.0,0.0,0.0,0.0,1.0,0.0,0.0,1.0,Sydney
-0.7847558795745877,0.29173104805335487,1.4095513915080577,-0.5037455695638096,0.0,0.0,1.0,0.0,0.0,1.0,0.0,0.0,Sydney
1.6344679181172004,-1.0478447333927134,-0.819654084624036,-0.400038589115238,0.0,0.0,1.0,0.0,0.0,0.0,0.0,1.0,Rio de Janeiro
-0.5831538964336054,-0.520458738061224,1.2857066428340524,-0.6092294941758847,0.0,0.0,1.0,0.0,0.0,1.0,0.0,0.0,Sydney
0.29045469717731814,0.9895387187321377,-1.1911883306460516,1.104843639678141,0.0,0.0,0.0,0.0,1.0,1.0,0.0,0.0,Sydney
0.6264580024122887,-0.23872560809520282,0.6664828994640265,-0.5040686478983831,1.0,0.0,0.0,0.0,0.0,0.0,0.0,1.0,New York
0.6936586634592828,-1.3518401542824803,0.2949486534420109,-0.682729015170671,0.0,0.0,0.0,0.0,1.0,0.0,1.0,0.0,New York
0.6936586634592828,-1.0140674644049616,0.41879340211601607,-0.6235383103228122,0.0,0.0,0.0,1.0,0.0,0.0,0.0,1.0,Barcelone
-1.4567624900445288,-1.4531719612457359,1.2857066428340524,-0.745107301978271,0.0,0.0,0.0,0.0,1.0,0.0,1.0,0.0,New York
0.42485601927130634,-0.7661116034266922,-1.438877827994062,0.4135443080619403,0.0,0.0,1.0,0.0,0.0,0.0,1.0,0.0,Londres
0.7608593245062769,0.6809373066167684,-0.20043034125400994,-0.08854831556352213,0.0,0.0,0.0,1.0,0.0,1.0,0.0,0.0,Sydney
0.8952606466002652,-0.20341300869891676,1.4095513915080577,-0.5732066529380508,0.0,0.0,1.0,0.0,0.0,0.0,0.0,1.0,Sydney
-0.8519565406215819,1.1591927288751642,-1.3150330793200569,1.6218277958728846,1.0,0.0,0.0,0.0,0.0,1.0,0.0,0.0,Rio de Janeiro
-1.2551605069035465,-1.5237971600383078,-1.6865673253420723,0.22963374691064506,1.0,0.0,0.0,0.0,0.0,0.0,1.0,0.0,New York
-0.31435125224562893,0.2026818843583727,1.038017145486042,-0.4760822909396559,0.0,1.0,0.0,0.0,0.0,1.0,0.0,0.0,Barcelone
0.8952606466002652,1.7357092972797472,-0.07658559258000475,0.12786564832931188,0.0,0.0,0.0,0.0,1.0,0.0,0.0,1.0,Tokyo
-0.7175552185275936,1.2566862098170843,1.1618618941600474,-0.33084885767629757,0.0,0.0,1.0,0.0,0.0,0.0,1.0,0.0,Sydney
-0.8519565406215819,1.1591927288751642,0.2949486534420109,-0.1543401791018268,0.0,0.0,0.0,0.0,1.0,1.0,0.0,0.0,Sydney
-0.6503545574805996,1.7334063016669459,1.2857066428340524,-0.2808860837167848,0.0,1.0,0.0,0.0,0.0,0.0,1.0,0.0,Tokyo
-1.6583644731855112,0.9050955462627581,1.6572408888560681,-0.44665045191868696,0.0,1.0,0.0,0.0,0.0,0.0,0.0,1.0,Paris
-0.17994993015164068,0.8498236515555277,0.17110390476800566,-0.18308433627676549,0.0,1.0,0.0,0.0,0.0,0.0,0.0,1.0,Tokyo
-1.0535585237625642,-1.5660187462729978,1.5333961401820628,-0.7669707679782766,0.0,0.0,0.0,1.0,0.0,0.0,0.0,1.0,Sydney
-1.6583644731855112,-0.9288566267313147,0.17110390476800566,-0.5793830886833138,0.0,0.0,0.0,1.0,0.0,1.0,0.0,0.0,Bali
-0.9863578627155701,1.4877534363014777,-0.6958093359500308,0.5166215062051213,0.0,0.0,0.0,1.0,0.0,0.0,1.0,0.0,New York
-0.17994993015164068,1.2981401308475071,-1.1911883306460516,1.299657722678732,1.0,0.0,0.0,0.0,0.0,0.0,1.0,0.0,New York
1.7016685791641946,0.7523301706136076,-0.6958093359500308,0.23806642567274613,0.0,0.0,0.0,1.0,0.0,0.0,1.0,0.0,Sydney
0.5592573413652946,1.7241943192157407,1.1618618941600474,-0.2600179373328243,0.0,1.0,0.0,0.0,0.0,0.0,1.0,0.0,Londres
-0.9863578627155701,1.1031531689636667,0.04725915609400046,-0.082213735155445,0.0,1.0,0.0,0.0,0.0,0.0,1.0,0.0,Londres
-0.4487525743396172,-0.07828358040338146,0.9141723968120369,-0.5066391982216546,0.0,1.0,0.0,0.0,0.0,1.0,0.0,0.0,Barcelone
0.6936586634592828,-0.7423139820944125,-0.07658559258000475,-0.49786561815018104,1.0,0.0,0.0,0.0,0.0,0.0,0.0,1.0,New York
-0.5159532353866113,0.7937840916440303,1.1618618941600474,-0.4009819364400322,0.0,0.0,1.0,0.0,0.0,0.0,0.0,1.0,Sydney
1.432865934976218,0.9588321105614542,0.2949486534420109,-0.19650144055519528,0.0,0.0,1.0,0.0,0.0,1.0,0.0,0.0,Sydney
0.42485601927130634,-0.7215870215792011,1.1618618941600474,-0.6305718161740493,0.0,1.0,0.0,0.0,0.0,1.0,0.0,0.0,Rome
0.7608593245062769,-1.3664257931635548,0.17110390476800566,-0.6768756604881185,0.0,0.0,0.0,0.0,1.0,1.0,0.0,0.0,Barcelone
0.8952606466002652,1.2213736104207982,-1.3150330793200569,1.6689320949685562,0.0,0.0,0.0,1.0,0.0,0.0,1.0,0.0,Sydney
-0.9863578627155701,-0.5089437599972177,-1.438877827994062,0.6570618915195509,0.0,1.0,0.0,0.0,0.0,0.0,1.0,0.0,Londres
0.021652052989341655,-0.9104326618289047,0.9141723968120369,-0.6436791021719326,0.0,1.0,0.0,0.0,0.0,0.0,0.0,1.0,Londres
0.8280599855532711,1.254383214204283,-0.9434988332980412,0.7446557275154805,0.0,0.0,1.0,0.0,0.0,1.0,0.0,0.0,Sydney
-1.5911638121385172,1.7280326452370762,0.9141723968120369,-0.2091715838351196,0.0,0.0,0.0,0.0,1.0,0.0,0.0,1.0,Tokyo
-1.4567624900445288,1.3111904393200475,0.41879340211601607,-0.15999398612802496,0.0,0.0,0.0,1.0,0.0,1.0,0.0,0.0,Sydney
-0.38155191329262306,-1.3902234144958345,1.2857066428340524,-0.7359369478714434,0.0,0.0,0.0,1.0,0.0,1.0,0.0,0.0,Bali
-0.8519565406215819,-0.019941024879082777,0.2949486534420109,-0.4024616258159035,0.0,0.0,0.0,1.0,0.0,1.0,0.0,0.0,Sydney
-1.6583644731855112,1.09701184732953,-1.1911883306460516,1.1726893402256104,0.0,0.0,0.0,1.0,0.0,1.0,0.0,0.0,Rio de Janeiro
-0.7175552185275936,-1.4777372477822825,1.2857066428340524,-0.7486859767516673,1.0,0.0,0.0,0.0,0.0,0.0,1.0,0.0,New York
0.6936586634592828,-1.0056231471580235,1.038017145486042,-0.6667771945295812,0.0,0.0,1.0,0.0,0.0,1.0,0.0,0.0,Rio de Janeiro
0.22325403613032402,-1.516120507995637,-1.6865673253420723,0.24417210646755524,0.0,0.0,0.0,0.0,1.0,1.0,0.0,0.0,Sydney
0.42485601927130634,-0.31702745893044576,1.4095513915080577,-0.5891450100533807,0.0,0.0,0.0,0.0,1.0,1.0,0.0,0.0,Barcelone
0.22325403613032402,-0.9726135433745388,-1.5627225766680672,0.5698315950944655,0.0,0.0,1.0,0.0,0.0,1.0,0.0,0.0,Rio de Janeiro
-0.5159532353866113,1.6220948470482182,1.038017145486042,-0.2520702980948199,1.0,0.0,0.0,0.0,0.0,1.0,0.0,0.0,Rio de Janeiro
-0.4487525743396172,-0.4229652571193039,-0.20043034125400994,-0.3872078870295145,0.0,1.0,0.0,0.0,0.0,1.0,0.0,0.0,Rome
0.8280599855532711,-0.49589345152467723,-0.20043034125400994,-0.40693852631273375,1.0,0.0,0.0,0.0,0.0,1.0,0.0,0.0,Rio de Janeiro
-0.38155191329262306,-0.22490763441839523,-0.20043034125400994,-0.33362362455508754,0.0,0.0,0.0,1.0,0.0,0.0,1.0,0.0,Sydney
0.08885271403633577,-0.5227617336740253,-1.0673435819720463,0.009066365685732184,0.0,0.0,0.0,0.0,1.0,1.0,0.0,0.0,Barcelone
-1.2551605069035465,-1.5069085255444319,0.17110390476800566,-0.7081759072254505,1.0,0.0,0.0,0.0,0.0,0.0,1.0,0.0,New York
-1.2551605069035465,0.8106727261379063,1.4095513915080577,-0.4309460465235193,0.0,0.0,0.0,1.0,0.0,0.0,0.0,1.0,Sydney
1.7016685791641946,-0.9856638518470793,1.5333961401820628,-0.6884635899212187,0.0,0.0,1.0,0.0,0.0,0.0,1.0,0.0,Bali
-0.5159532353866113,0.6625133417143583,0.2949486534420109,-0.2588548770341234,1.0,0.0,0.0,0.0,0.0,0.0,1.0,0.0,New York
0.1560533750833299,-0.9649368913318679,0.7903276481380317,-0.6442537415338059,0.0,0.0,1.0,0.0,0.0,1.0,0.0,0.0,Sydney
0.22325403613032402,-1.262790990587498,-0.44811983860202037,-0.5772451000659456,0.0,0.0,1.0,0.0,0.0,0.0,1.0,0.0,Rio de Janeiro
-1.523963151091523,0.9235195111651682,-0.44811983860202037,0.112842654438477,0.0,0.0,0.0,1.0,0.0,0.0,1.0,0.0,Sydney
-0.31435125224562893,-0.13509080551914596,0.04725915609400046,-0.3753435379658705,0.0,0.0,0.0,0.0,1.0,1.0,0.0,0.0,Sydney
0.08885271403633577,0.6433217116076811,-0.5719645872760255,0.10275390269204286,0.0,0.0,0.0,0.0,1.0,0.0,0.0,1.0,Tokyo
-0.8519565406215819,0.12821835954446517,0.7903276481380317,-0.45604798317632156,0.0,0.0,0.0,1.0,0.0,1.0,0.0,0.0,Rio de Janeiro
0.6936586634592828,-1.1553178619901057,1.6572408888560681,-0.7157606258198904,1.0,0.0,0.0,0.0,0.0,0.0,0.0,1.0,New York
-1.1879598458565523,0.6517660288546191,-1.438877827994062,1.7561621487968853,0.0,0.0,0.0,0.0,1.0,0.0,1.0,0.0,New York
-0.2471505911986348,-0.17347406573250035,1.4095513915080577,-0.5690066804549573,0.0,0.0,0.0,0.0,1.0,1.0,0.0,0.0,Sydney
-0.919157201668576,-1.3426281718312751,1.2857066428340524,-0.7290032654979882,0.0,0.0,0.0,1.0,0.0,0.0,0.0,1.0,Barcelone
1.5000665960232122,-0.4552071956985216,1.4095513915080577,-0.6085294984368899,0.0,0.0,1.0,0.0,0.0,0.0,0.0,1.0,Sydney
0.22325403613032402,1.1108298210063376,0.41879340211601607,-0.19993623393748003,0.0,0.0,0.0,1.0,0.0,1.0,0.0,0.0,Sydney
-0.7847558795745877,-1.3341838545843372,0.5426381507900213,-0.6948604731336864,0.0,0.0,0.0,1.0,0.0,1.0,0.0,0.0,Bali
-0.919157201668576,-1.1292172450450246,0.2949486534420109,-0.6358831691113727,0.0,1.0,0.0,0.0,0.0,1.0,0.0,0.0,Rome
-0.5159532353866113,-0.18038305257090415,1.038017145486042,-0.5365376638058392,0.0,1.0,0.0,0.0,0.0,1.0,0.0,0.0,Barcelone
-0.2471505911986348,-1.4163240314409156,-1.1911883306460516,-0.41393082829164274,1.0,0.0,0.0,0.0,0.0,1.0,0.0,0.0,Rio de Janeiro
0.42485601927130634,0.21035853640104357,1.038017145486042,-0.4748707604212955,1.0,0.0,0.0,0.0,0.0,1.0,0.0,0.0,New York
0.8280599855532711,-0.9710782129660046,0.6664828994640265,-0.6361600887710744,0.0,0.0,0.0,0.0,1.0,0.0,0.0,1.0,Rome
0.7608593245062769,1.5637522915239195,0.7903276481380317,-0.20889575836698474,0.0,0.0,0.0,1.0,0.0,0.0,1.0,0.0,New York
1.29846461288223,1.5883175780604664,0.9141723968120369,-0.2321801285942991,0.0,1.0,0.0,0.0,0.0,0.0,1.0,0.0,Londres
-0.2471505911986348,0.8367733430829872,1.4095513915080577,-0.42728453205107864,0.0,0.0,1.0,0.0,0.0,1.0,0.0,0.0,Sydney
-0.4487525743396172,1.5345810137617701,0.04725915609400046,0.01991828541458556,1.0,0.0,0.0,0.0,0.0,1.0,0.0,0.0,Rio de Janeiro
-1.7255651342325053,-0.8989176837648983,1.6572408888560681,-0.6822722509752549,0.0,0.0,1.0,0.0,0.0,0.0,0.0,1.0,Sydney
0.6264580024122887,-0.3600167103694027,-0.819654084624036,-0.11056358403075901,0.0,0.0,0.0,0.0,1.0,0.0,1.0,0.0,Londres
-0.38155191329262306,-0.9196446442801097,-0.9434988332980412,-0.2846605151071565,0.0,0.0,1.0,0.0,0.0,0.0,0.0,1.0,Rio de Janeiro
0.42485601927130634,-0.2456345949336066,-0.44811983860202037,-0.2561895260777574,0.0,1.0,0.0,0.0,0.0,1.0,0.0,0.0,Rome
-0.8519565406215819,-0.528135390103895,-0.819654084624036,-0.18131696138957698,0.0,0.0,0.0,1.0,0.0,1.0,0.0,0.0,Barcelone
0.3576553582243122,-0.5573066678660443,-0.5719645872760255,-0.3106643454700193,1.0,0.0,0.0,0.0,0.0,0.0,1.0,0.0,New York
-1.6583644731855112,0.03149254380681211,-0.5719645872760255,-0.10792023016292109,0.0,0.0,0.0,0.0,1.0,1.0,0.0,0.0,Barcelone
0.6264580024122887,0.746956514183738,0.2949486534420109,-0.24108576301163095,1.0,0.0,0.0,0.0,0.0,1.0,0.0,0.0,New York
-0.045548608057652464,-1.507676190748699,-1.438877827994062,-0.2886586340874677,0.0,0.0,0.0,0.0,1.0,0.0,0.0,1.0,Londres
0.9624613076472592,1.5545403090727143,-0.44811983860202037,0.3120182633579416,0.0,0.0,0.0,1.0,0.0,1.0,0.0,0.0,Sydney
1.6344679181172004,1.1622633896922325,-1.1911883306460516,1.2138813727008597,0.0,0.0,1.0,0.0,0.0,0.0,0.0,1.0,Sydney
0.1560533750833299,-1.5399181293279167,-1.1911883306460516,-0.49195338392123283,0.0,1.0,0.0,0.0,0.0,1.0,0.0,0.0,Rome
-0.7847558795745877,-1.0593597114567197,1.6572408888560681,-0.703227551401988,0.0,0.0,1.0,0.0,0.0,1.0,0.0,0.0,Bali
0.021652052989341655,0.5488988914828293,0.7903276481380317,-0.3836204862803234,0.0,0.0,0.0,0.0,1.0,0.0,0.0,1.0,New York
-1.2551605069035465,1.4002396030150297,-1.3150330793200569,1.804429646688204,0.0,0.0,1.0,0.0,0.0,1.0,0.0,0.0,Sydney
-1.3223611679505407,-0.02224402049188404,0.7903276481380317,-0.4819527083435033,0.0,0.0,1.0,0.0,0.0,0.0,0.0,1.0,Sydney
0.021652052989341655,1.4186635679174397,-1.0673435819720463,1.0595670642765307,1.0,0.0,0.0,0.0,0.0,1.0,0.0,0.0,Rio de Janeiro
0.22325403613032402,1.1883640066373136,0.04725915609400046,-0.062041752444994075,0.0,0.0,0.0,0.0,1.0,0.0,0.0,1.0,Sydney
-0.7175552185275936,-1.288123942328312,1.038017145486042,-0.7113615176052435,0.0,0.0,0.0,1.0,0.0,0.0,1.0,0.0,Barcelone
-0.31435125224562893,0.8145110521592417,-1.438877827994062,1.9102687986267763,1.0,0.0,0.0,0.0,0.0,0.0,1.0,0.0,New York
-0.7847558795745877,-0.7545966253626859,-1.438877827994062,0.4244480804555647,1.0,0.0,0.0,0.0,0.0,1.0,0.0,0.0,Rio de Janeiro
0.8952606466002652,-1.3019419160051195,0.9141723968120369,-0.7081535957278752,0.0,1.0,0.0,0.0,0.0,0.0,1.0,0.0,Londres
0.8280599855532711,-1.6742595400746572,1.2857066428340524,-0.7773153749388366,0.0,1.0,0.0,0.0,0.0,1.0,0.0,0.0,Le Caire
0.8952606466002652,1.708841015130399,0.7903276481380317,-0.18391620195577366,0.0,0.0,0.0,0.0,1.0,0.0,0.0,1.0,Tokyo
0.021652052989341655,0.6279684075223394,1.4095513915080577,-0.45657664783060375,0.0,0.0,0.0,1.0,0.0,1.0,0.0,0.0,Sydney
0.7608593245062769,-1.2927299335539144,-0.5719645872760255,-0.5638962391651955,0.0,1.0,0.0,0.0,0.0,1.0,0.0,0.0,Rome
-1.6583644731855112,0.48825334034572937,-0.20043034125400994,-0.1406787414591856,1.0,0.0,0.0,0.0,0.0,1.0,0.0,0.0,Rio de Janeiro
1.5672672570702064,0.40227483746781556,-0.5719645872760255,0.01975305235771568,0.0,0.0,1.0,0.0,0.0,1.0,0.0,0.0,Sydney
-0.4487525743396172,0.6057061165985939,-1.0673435819720463,0.6196776851513208,0.0,0.0,0.0,1.0,0.0,0.0,0.0,1.0,Sydney
-1.3895618289975349,0.9089338722840935,-1.438877827994062,1.999679732254496,0.0,0.0,0.0,0.0,1.0,1.0,0.0,0.0,Sydney
-0.4487525743396172,-0.7246576823962694,0.41879340211601607,-0.5658439523758214,0.0,0.0,0.0,1.0,0.0,0.0,1.0,0.0,Bali
0.7608593245062769,0.4107191547147535,-0.07658559258000475,-0.20671061125668708,0.0,0.0,0.0,1.0,0.0,1.0,0.0,0.0,Sydney
0.021652052989341655,-0.3784406752718128,-0.20043034125400994,-0.3751618125197596,0.0,1.0,0.0,0.0,0.0,1.0,0.0,0.0,Rome
-0.045548608057652464,-0.34236041067125966,-1.438877827994062,0.8148031321473164,0.0,0.0,0.0,1.0,0.0,0.0,0.0,1.0,Barcelone
-1.3895618289975349,-1.3518401542824803,1.1618618941600474,-0.7260598056682883,0.0,0.0,0.0,0.0,1.0,0.0,0.0,1.0,Barcelone
-0.5159532353866113,-0.33314842822005464,-0.07658559258000475,-0.3945462981273899,0.0,0.0,1.0,0.0,0.0,0.0,1.0,0.0,Rio de Janeiro
1.6344679181172004,-0.6194875494116784,-1.5627225766680672,1.015674695813523,0.0,0.0,0.0,1.0,0.0,0.0,1.0,0.0,Barcelone
-0.7847558795745877,1.6113475341884789,-0.5719645872760255,0.4360789736206619,0.0,0.0,0.0,1.0,0.0,1.0,0.0,0.0,Rio de Janeiro
-1.3895618289975349,0.40995148951048643,0.2949486534420109,-0.31200068170139633,1.0,0.0,0.0,0.0,0.0,0.0,1.0,0.0,New York
-0.8519565406215819,-0.4797724822350684,-1.1911883306460516,0.17729599076487798,1.0,0.0,0.0,0.0,0.0,1.0,0.0,0.0,Rio de Janeiro
-0.4487525743396172,-0.9580279044934641,-1.0673435819720463,-0.2264551432509948,1.0,0.0,0.0,0.0,0.0,0.0,1.0,0.0,New York
-1.7255651342325053,-1.2781442946728399,-0.3242750899280151,-0.6017366529362088,0.0,0.0,1.0,0.0,0.0,0.0,0.0,1.0,Bali
-0.5159532353866113,1.0663052391588466,0.41879340211601607,-0.2088122890062478,0.0,1.0,0.0,0.0,0.0,1.0,0.0,0.0,Le Caire
0.8280599855532711,-0.7860708987376365,0.7903276481380317,-0.6134588386564926,0.0,0.0,0.0,0.0,1.0,1.0,0.0,0.0,Rome
-0.5159532353866113,0.1389656724042044,1.6572408888560681,-0.546714518071221,0.0,0.0,1.0,0.0,0.0,1.0,0.0,0.0,Sydney
-1.4567624900445288,1.541490000600174,0.9141723968120369,-0.2398917837058922,0.0,0.0,1.0,0.0,0.0,1.0,0.0,0.0,Sydney
-0.5831538964336054,-0.07905124560764853,-1.438877827994062,1.0641360608815265,0.0,0.0,0.0,0.0,1.0,0.0,1.0,0.0,Londres
-0.8519565406215819,-0.667850457280505,1.4095513915080577,-0.638360072227068,0.0,0.0,0.0,0.0,1.0,1.0,0.0,0.0,Barcelone
-1.2551605069035465,0.47673836228172306,0.17110390476800566,-0.2662095817103359,0.0,1.0,0.0,0.0,0.0,0.0,1.0,0.0,Londres
-1.1207591848095584,-1.0340267597159059,-0.07658559258000475,-0.5715266718249664,0.0,0.0,0.0,0.0,1.0,0.0,1.0,0.0,Londres
-0.11274926910464658,-1.4861815650292205,-0.5719645872760255,-0.6305083865672668,0.0,0.0,0.0,1.0,0.0,1.0,0.0,0.0,Rio de Janeiro
1.1640632907882416,1.1553544028538287,1.1618618941600474,-0.34620137243054794,1.0,0.0,0.0,0.0,0.0,1.0,0.0,0.0,Rio de Janeiro
1.0968626297412476,0.33088197347097636,-1.6865673253420723,3.7421014158601382,1.0,0.0,0.0,0.0,0.0,0.0,1.0,0.0,New York
0.49205668031830047,-1.4877168954377546,-0.20043034125400994,-0.6752752205645155,0.0,0.0,0.0,1.0,0.0,0.0,1.0,0.0,Bali
-1.3895618289975349,0.27023642233387646,1.038017145486042,-0.46542082237808446,0.0,1.0,0.0,0.0,0.0,0.0,1.0,0.0,Londres
0.3576553582243122,0.2341561577333233,1.4095513915080577,-0.511822439723605,1.0,0.0,0.0,0.0,0.0,0.0,1.0,0.0,New York
1.0296619686942534,1.525369031310565,-0.07658559258000475,0.07475215173222985,0.0,0.0,0.0,1.0,0.0,0.0,1.0,0.0,Sydney
1.5000665960232122,-0.49051979509480764,-0.20043034125400994,-0.4054846897339703,1.0,0.0,0.0,0.0,0.0,0.0,1.0,0.0,Rio de Janeiro
1.3656652739292239,1.3211700869755196,-0.819654084624036,0.5969701895574206,0.0,1.0,0.0,0.0,0.0,0.0,1.0,0.0,Londres
-1.7255651342325053,-0.45060120447291907,0.6664828994640265,-0.5422837817357655,0.0,1.0,0.0,0.0,0.0,1.0,0.0,0.0,Rome
-1.1207591848095584,0.21035853640104357,-0.9434988332980412,0.25035131721647397,0.0,0.0,0.0,1.0,0.0,1.0,0.0,0.0,Rio de Janeiro
1.1640632907882416,-0.7023953914725238,-1.6865673253420723,1.7852382195000314,1.0,0.0,0.0,0.0,0.0,1.0,0.0,0.0,Rio de Janeiro
-0.2471505911986348,-1.149944205560236,0.2949486534420109,-0.6402446789168936,0.0,0.0,1.0,0.0,0.0,0.0,1.0,0.0,Bali
0.021652052989341655,1.1522837420367604,-1.6865673253420723,5.297705888449524,0.0,0.0,0.0,1.0,0.0,1.0,0.0,0.0,Sydney
0.6264580024122887,1.2835544919664323,1.1618618941600474,-0.32677811512782207,1.0,0.0,0.0,0.0,0.0,0.0,1.0,0.0,New York
1.2312639518352357,1.51615704885936,0.7903276481380317,-0.21709011020558305,0.0,0.0,0.0,0.0,1.0,0.0,0.0,1.0,Tokyo
0.1560533750833299,0.7607744878605456,-0.9434988332980412,0.5109515099991119,0.0,0.0,0.0,1.0,0.0,0.0,0.0,1.0,Sydney
-1.1879598458565523,-0.8858673752923578,0.6664828994640265,-0.6207909588582142,0.0,1.0,0.0,0.0,0.0,0.0,1.0,0.0,Londres
-0.5831538964336054,1.0924058561039276,-0.5719645872760255,0.2573892448754227,0.0,0.0,1.0,0.0,0.0,0.0,0.0,1.0,Sydney
0.22325403613032402,0.7669158094946823,-0.44811983860202037,0.06341221134897475,0.0,1.0,0.0,0.0,0.0,0.0,1.0,0.0,Londres
-1.7255651342325053,-1.0109968035878931,-0.20043034125400994,-0.5462991469342086,1.0,0.0,0.0,0.0,0.0,0.0,1.0,0.0,Rio de Janeiro
1.3656652739292239,0.9580644453571872,0.04725915609400046,-0.11656062463540184,0.0,0.0,0.0,1.0,0.0,0.0,0.0,1.0,Sydney
-0.6503545574805996,-0.6739917789146416,-1.6865673253420723,1.839030149860599,0.0,1.0,0.0,0.0,0.0,0.0,1.0,0.0,Londres
0.49205668031830047,1.2344239188933388,1.6572408888560681,-0.40363694051644544,0.0,0.0,0.0,0.0,1.0,0.0,0.0,1.0,New York
-0.4487525743396172,0.6333420639522089,1.6572408888560681,-0.48214411867018697,0.0,0.0,0.0,0.0,1.0,0.0,1.0,0.0,New York
-1.3895618289975349,-0.16042375725995986,-0.07658559258000475,-0.35093120055679317,0.0,1.0,0.0,0.0,0.0,1.0,0.0,0.0,Barcelone
0.8280599855532711,0.6486953680375508,0.2949486534420109,-0.26176255023780404,0.0,0.0,0.0,1.0,0.0,0.0,1.0,0.0,Sydney
-0.5831538964336054,-1.104651958508478,-0.6958093359500308,-0.46529969103687313,1.0,0.0,0.0,0.0,0.0,0.0,0.0,1.0,New York
-1.6583644731855112,0.8237230346104468,1.6572408888560681,-0.4572784990250684,0.0,0.0,0.0,1.0,0.0,0.0,0.0,1.0,Sydney
-0.2471505911986348,-0.21876631278425854,0.17110390476800566,-0.4211714590000781,0.0,0.0,0.0,0.0,1.0,0.0,1.0,0.0,Londres
-1.4567624900445288,-0.9595632349019984,0.41879340211601607,-0.6126727946351825,0.0,0.0,0.0,0.0,1.0,1.0,0.0,0.0,Barcelone
1.2312639518352357,0.7707541355160177,-1.6865673253420723,4.5751494184710895,0.0,0.0,1.0,0.0,0.0,1.0,0.0,0.0,Sydney
-0.11274926910464658,1.0778202172228528,1.5333961401820628,-0.4093269568294575,0.0,1.0,0.0,0.0,0.0,0.0,0.0,1.0,Tokyo
-1.523963151091523,-0.21646331717145725,0.5426381507900213,-0.48318186272974756,0.0,0.0,1.0,0.0,0.0,0.0,0.0,1.0,Sydney
0.8952606466002652,-1.0202087860390983,0.5426381507900213,-0.6353985557880745,0.0,0.0,0.0,0.0,1.0,0.0,0.0,1.0,Rome
1.6344679181172004,-0.5296707205124291,-1.6865673253420723,2.11235130953051,0.0,0.0,1.0,0.0,0.0,1.0,0.0,0.0,Sydney
0.1560533750833299,-0.14737344878741937,-0.819654084624036,-0.021071869289240455,0.0,0.0,0.0,1.0,0.0,1.0,0.0,0.0,Barcelone
0.08885271403633577,1.3303820694267248,-1.1911883306460516,1.3200114328429728,0.0,0.0,0.0,0.0,1.0,0.0,1.0,0.0,New York
-0.31435125224562893,-1.01713812522203,-0.20043034125400994,-0.5479606744527955,1.0,0.0,0.0,0.0,0.0,1.0,0.0,0.0,Rio de Janeiro
1.432865934976218,0.7093409191746507,-0.6958093359500308,0.2217834564558224,1.0,0.0,0.0,0.0,0.0,0.0,1.0,0.0,New York
-1.3895618289975349,0.5573432087297673,-0.6958093359500308,0.16421152958169896,0.0,0.0,0.0,0.0,1.0,1.0,0.0,0.0,Sydney
0.42485601927130634,1.5399546701916398,-1.5627225766680672,3.7421021791237603,0.0,0.0,0.0,0.0,1.0,1.0,0.0,0.0,Barcelone
-0.38155191329262306,-1.6289672930228989,-0.9434988332980412,-0.620496746810305,0.0,0.0,1.0,0.0,0.0,1.0,0.0,0.0,Bali
-0.5159532353866113,0.6333420639522089,-1.1911883306460516,0.8799836035779559,0.0,0.0,1.0,0.0,0.0,0.0,1.0,0.0,Sydney
0.1560533750833299,-0.48975212989054057,1.1618618941600474,-0.5954471233272037,0.0,1.0,0.0,0.0,0.0,0.0,1.0,0.0,Londres
0.49205668031830047,0.13128902036153353,0.5426381507900213,-0.41732306430050004,0.0,1.0,0.0,0.0,0.0,0.0,0.0,1.0,Paris
0.22325403613032402,-1.2942652639624486,0.41879340211601607,-0.6793962430831612,0.0,0.0,1.0,0.0,0.0,1.0,0.0,0.0,Sydney
-0.2471505911986348,-1.489252225846289,0.2949486534420109,-0.7116442098072725,0.0,1.0,0.0,0.0,0.0,0.0,1.0,0.0,Londres
-0.5831538964336054,-0.7430816472986795,0.41879340211601607,-0.5695168027491047,0.0,0.0,1.0,0.0,0.0,0.0,1.0,0.0,Bali
0.6264580024122887,0.3370232951051131,0.2949486534420109,-0.32734673472082165,1.0,0.0,0.0,0.0,0.0,0.0,1.0,0.0,New York
1.29846461288223,1.7441536145266852,-0.9434988332980412,0.9765426494057494,0.0,1.0,0.0,0.0,0.0,0.0,0.0,1.0,Rome
0.6936586634592828,1.5652876219324536,-1.438877827994062,2.621194758691084,0.0,0.0,0.0,0.0,1.0,1.0,0.0,0.0,Rome
-0.9863578627155701,-0.43831856120464563,0.2949486534420109,-0.4904995089273434,0.0,0.0,1.0,0.0,0.0,0.0,1.0,0.0,Sydney
1.5000665960232122,0.2901957176448207,0.41879340211601607,-0.36353111098080376,1.0,0.0,0.0,0.0,0.0,0.0,0.0,1.0,Tokyo
-0.31435125224562893,1.1115974862106046,1.4095513915080577,-0.38873093848832135,0.0,0.0,1.0,0.0,0.0,1.0,0.0,0.0,Sydney
-1.3223611679505407,-0.9434422656123894,-1.6865673253420723,1.3287337294130526,0.0,0.0,1.0,0.0,0.0,0.0,1.0,0.0,Rio de Janeiro
-1.3895618289975349,-1.5237971600383078,-0.20043034125400994,-0.6850366947362134,0.0,1.0,0.0,0.0,0.0,0.0,1.0,0.0,Londres
-1.6583644731855112,1.2152322887866616,0.04725915609400046,-0.05568121735611325,0.0,1.0,0.0,0.0,0.0,0.0,0.0,1.0,Tokyo
0.5592573413652946,-0.19957468267758133,-0.20043034125400994,-0.3267698235409166,0.0,0.0,1.0,0.0,0.0,1.0,0.0,0.0,Bali
0.08885271403633577,-0.2978358288237686,-0.07658559258000475,-0.38562943373517894,1.0,0.0,0.0,0.0,0.0,0.0,1.0,0.0,New York
-0.5159532353866113,1.0325279701710948,0.6664828994640265,-0.27477784487408874,1.0,0.0,0.0,0.0,0.0,1.0,0.0,0.0,Rio de Janeiro
1.2312639518352357,0.5343132526017547,1.038017145486042,-0.4237441725464871,0.0,0.0,1.0,0.0,0.0,0.0,0.0,1.0,Sydney
1.0296619686942534,-1.6235936365930292,-0.5719645872760255,-0.6778241579361984,0.0,0.0,0.0,1.0,0.0,1.0,0.0,0.0,Bali
-0.5159532353866113,0.6878462934551722,0.17110390476800566,-0.21917369180450902,1.0,0.0,0.0,0.0,0.0,0.0,1.0,0.0,New York
-0.4487525743396172,-1.1821861441394539,-0.9434988332980412,-0.4089635359323478,0.0,0.0,1.0,0.0,0.0,1.0,0.0,0.0,Rio de Janeiro
-1.523963151091523,-0.12127283184233838,-0.3242750899280151,-0.26467023568104814,0.0,0.0,0.0,1.0,0.0,0.0,1.0,0.0,Rio de Janeiro
-0.5159532353866113,1.089335195286859,1.5333961401820628,-0.40776927472515084,0.0,1.0,0.0,0.0,0.0,0.0,0.0,1.0,Tokyo
-0.4487525743396172,0.5028389792268041,0.41879340211601607,-0.3211402962558265,0.0,0.0,0.0,1.0,0.0,0.0,0.0,1.0,Sydney
1.0296619686942534,-0.6271642014543493,-0.819654084624036,-0.22299360832696294,1.0,0.0,0.0,0.0,0.0,0.0,1.0,0.0,New York
0.5592573413652946,-0.8912410317222275,0.17110390476800566,-0.5710021483000938,0.0,0.0,1.0,0.0,0.0,1.0,0.0,0.0,Bali
1.5000665960232122,1.2728071791066933,1.4095513915080577,-0.366115702040894,0.0,1.0,0.0,0.0,0.0,1.0,0.0,0.0,Le Caire
1.7016685791641946,1.061699247933244,0.17110390476800566,-0.13587740677128113,0.0,0.0,0.0,0.0,1.0,1.0,0.0,0.0,Sydney
1.0296619686942534,0.35007360357765355,-1.1911883306460516,0.7011617214206967,0.0,0.0,1.0,0.0,0.0,0.0,1.0,0.0,Sydney
-0.7175552185275936,0.9711147538297277,0.04725915609400046,-0.1134712218779454,0.0,0.0,0.0,0.0,1.0,1.0,0.0,0.0,Sydney
0.5592573413652946,1.070911230384449,0.9141723968120369,-0.31738759654862325,0.0,0.0,0.0,1.0,0.0,0.0,1.0,0.0,Sydney
1.1640632907882416,0.693987615089309,-0.44811983860202037,0.040393132459255694,0.0,1.0,0.0,0.0,0.0,1.0,0.0,0.0,Rome
1.2312639518352357,0.3984365114464801,-1.6865673253420723,3.870038979960947,0.0,0.0,0.0,1.0,0.0,1.0,0.0,0.0,Sydney
1.2312639518352357,0.5274042657633509,0.04725915609400046,-0.2185109156314643,0.0,1.0,0.0,0.0,0.0,0.0,0.0,1.0,Rome
-1.7255651342325053,-1.5399181293279167,-0.5719645872760255,-0.64901176084562,0.0,1.0,0.0,0.0,0.0,1.0,0.0,0.0,Rome
1.5672672570702064,-0.3523400583267318,-0.3242750899280151,-0.3319940522661864,0.0,0.0,1.0,0.0,0.0,0.0,1.0,0.0,Rio de Janeiro
-1.7255651342325053,-0.9703105477617375,1.6572408888560681,-0.6915968583421744,0.0,0.0,0.0,1.0,0.0,0.0,1.0,0.0,Bali
1.1640632907882416,1.4570468281307942,-1.438877827994062,2.5186992981910152,0.0,0.0,0.0,0.0,1.0,1.0,0.0,0.0,Rome
-0.38155191329262306,0.9903063839364048,0.2949486534420109,-0.18987840714681173,0.0,0.0,0.0,0.0,1.0,1.0,0.0,0.0,Sydney
1.0968626297412476,1.1676370461221022,0.41879340211601607,-0.18861161195319012,1.0,0.0,0.0,0.0,0.0,0.0,0.0,1.0,Tokyo
0.42485601927130634,-0.9119679922374389,1.038017145486042,-0.6519965222055844,0.0,1.0,0.0,0.0,0.0,0.0,1.0,0.0,Londres
1.5000665960232122,0.07524946045003612,0.7903276481380317,-0.4651675037708906,0.0,0.0,1.0,0.0,0.0,1.0,0.0,0.0,Sydney
-0.31435125224562893,0.1642986241450183,-1.1911883306460516,0.5838855819029278,1.0,0.0,0.0,0.0,0.0,0.0,0.0,1.0,New York
1.29846461288223,1.3856539641339551,0.04725915609400046,-0.015337251935211547,1.0,0.0,0.0,0.0,0.0,0.0,0.0,1.0,Tokyo
1.6344679181172004,-1.3295778633587347,-1.3150330793200569,-0.26350723706745105,0.0,1.0,0.0,0.0,0.0,0.0,0.0,1.0,Barcelone
-1.7255651342325053,1.4532085021094587,1.1618618941600474,-0.30107428360744837,0.0,0.0,0.0,0.0,1.0,1.0,0.0,0.0,Sydney
1.29846461288223,1.1799196893903756,-0.07658559258000475,-0.01247804340896336,0.0,0.0,0.0,0.0,1.0,0.0,0.0,1.0,Sydney
1.5000665960232122,1.6758314113469144,-1.0673435819720463,1.1987199840186886,0.0,0.0,1.0,0.0,0.0,0.0,1.0,0.0,Bali
-0.9863578627155701,1.2658981922682895,-0.6958093359500308,0.4325897543534966,0.0,0.0,1.0,0.0,0.0,0.0,1.0,0.0,Sydney
-1.3223611679505407,-0.17193873532396617,1.2857066428340524,-0.5584570458283262,1.0,0.0,0.0,0.0,0.0,0.0,0.0,1.0,Tokyo
0.6936586634592828,-0.14814111399168645,0.04725915609400046,-0.37843294072332695,0.0,0.0,0.0,1.0,0.0,1.0,0.0,0.0,Sydney
0.9624613076472592,1.6090445385756778,-0.9434988332980412,0.9125738433670546,0.0,0.0,1.0,0.0,0.0,0.0,0.0,1.0,Sydney
-0.11274926910464658,1.296604800438973,0.04725915609400046,-0.0364178825155025,1.0,0.0,0.0,0.0,0.0,0.0,1.0,0.0,New York
0.8952606466002652,1.4102192506705018,0.41879340211601607,-0.1402524153716276,0.0,1.0,0.0,0.0,0.0,0.0,1.0,0.0,Londres
-1.7255651342325053,-1.2397610344594854,-1.438877827994062,-0.03496419639580791,1.0,0.0,0.0,0.0,0.0,1.0,0.0,0.0,Rio de Janeiro
1.2312639518352357,-0.4083796182382292,-0.44811983860202037,-0.3075584179158675,0.0,0.0,1.0,0.0,0.0,0.0,0.0,1.0,Sydney
0.021652052989341655,0.7791984527629556,0.7903276481380317,-0.3439703967387186,0.0,0.0,0.0,0.0,1.0,1.0,0.0,0.0,Sydney
1.0968626297412476,-0.651729487990896,0.7903276481380317,-0.5903296197572233,0.0,0.0,0.0,0.0,1.0,0.0,1.0,0.0,Londres
-0.7175552185275936,-1.6543002447637127,0.9141723968120369,-0.7661806399282235,0.0,0.0,0.0,1.0,0.0,1.0,0.0,0.0,Bali
-1.2551605069035465,-0.43985389161317984,-0.44811983860202037,-0.3174929677524832,1.0,0.0,0.0,0.0,0.0,1.0,0.0,0.0,Rio de Janeiro
-1.4567624900445288,1.4117545810790362,1.038017145486042,-0.28526623429789455,0.0,0.0,0.0,0.0,1.0,0.0,0.0,1.0,Sydney
-0.5831538964336054,-0.4099149486467634,-1.1911883306460516,0.2213956961207332,0.0,0.0,0.0,0.0,1.0,0.0,0.0,1.0,Paris
-1.0535585237625642,0.9288931675950378,-1.438877827994062,2.0185796044034445,0.0,1.0,0.0,0.0,0.0,0.0,0.0,1.0,Paris
0.08885271403633577,-1.3073155724349892,-1.0673435819720463,-0.41545388499034364,0.0,0.0,1.0,0.0,0.0,1.0,0.0,0.0,Rio de Janeiro
1.432865934976218,0.2848220612149511,0.2949486534420109,-0.3383312779347261,0.0,1.0,0.0,0.0,0.0,1.0,0.0,0.0,Rome
-0.8519565406215819,-1.2835179511027093,-0.6958093359500308,-0.5330484736715739,0.0,0.0,0.0,0.0,1.0,0.0,0.0,1.0,Rome
1.7016685791641946,0.511283296473742,0.7903276481380317,-0.3900966675721188,0.0,0.0,1.0,0.0,0.0,0.0,1.0,0.0,Sydney
-1.3223611679505407,0.9611351061742555,-1.6865673253420723,4.935700735482461,1.0,0.0,0.0,0.0,0.0,0.0,1.0,0.0,New York
-1.1207591848095584,1.307352113298712,0.17110390476800566,-0.08114473488086446,0.0,1.0,0.0,0.0,0.0,1.0,0.0,0.0,Rome
-0.31435125224562893,0.4736677014646547,-0.44811983860202037,-0.029148716397053832,1.0,0.0,0.0,0.0,0.0,1.0,0.0,0.0,Rio de Janeiro
0.8280599855532711,1.4071485898534335,-0.5719645872760255,0.36576615136291996,0.0,0.0,0.0,1.0,0.0,1.0,0.0,0.0,Sydney
0.6936586634592828,-1.0585920462524527,-1.5627225766680672,0.46127849231069484,0.0,0.0,0.0,1.0,0.0,0.0,0.0,1.0,Barcelone
0.9624613076472592,0.27561007876374605,-1.0673435819720463,0.4410634896613868,0.0,1.0,0.0,0.0,0.0,0.0,0.0,1.0,Rome
-0.17994993015164068,-1.0900663196274032,0.7903276481380317,-0.665796956851411,0.0,0.0,1.0,0.0,0.0,0.0,0.0,1.0,Sydney
1.0968626297412476,1.4140575766918373,1.1618618941600474,-0.30700593703522694,0.0,0.0,0.0,0.0,1.0,0.0,0.0,1.0,Paris
-1.5911638121385172,0.23876214895892584,-0.9434988332980412,0.2637993048496088,1.0,0.0,0.0,0.0,0.0,0.0,1.0,0.0,New York
-0.7847558795745877,-1.3863850884744993,-0.819654084624036,-0.542514568180255,0.0,0.0,0.0,1.0,0.0,0.0,1.0,0.0,Barcelone
1.29846461288223,0.9050955462627581,-0.6958093359500308,0.2959291198543147,0.0,0.0,0.0,0.0,1.0,0.0,0.0,1.0,New York
0.8952606466002652,0.6763313153911659,-0.819654084624036,0.3255873722907216,0.0,0.0,0.0,1.0,0.0,1.0,0.0,0.0,Sydney
0.42485601927130634,-0.5189234076526898,-1.5627225766680672,1.1426430571052546,0.0,0.0,0.0,1.0,0.0,0.0,1.0,0.0,Sydney
-1.3895618289975349,1.447834845679589,1.038017145486042,-0.2795720408616007,0.0,1.0,0.0,0.0,0.0,0.0,0.0,1.0,Tokyo
-0.7847558795745877,-0.371531688433409,-1.1911883306460516,0.24562630345911524,0.0,0.0,0.0,1.0,0.0,1.0,0.0,0.0,Barcelone
1.6344679181172004,1.2152322887866616,0.2949486534420109,-0.14254794888689995,0.0,0.0,0.0,1.0,0.0,0.0,1.0,0.0,Sydney
-1.2551605069035465,0.8375410082872543,0.2949486534420109,-0.22202434978750263,0.0,0.0,0.0,1.0,0.0,0.0,1.0,0.0,Sydney
-1.7255651342325053,1.6397511467463612,0.04725915609400046,0.044815237048205045,0.0,1.0,0.0,0.0,0.0,0.0,0.0,1.0,Tokyo
1.0296619686942534,0.2533477878400005,-1.3150330793200569,0.9356170189235954,0.0,1.0,0.0,0.0,0.0,0.0,1.0,0.0,Londres
-1.1207591848095584,1.0102656792473492,1.4095513915080577,-0.40294622996956153,0.0,0.0,1.0,0.0,0.0,0.0,0.0,1.0,Sydney
0.22325403613032402,-1.4424246483859966,1.6572408888560681,-0.7532595844782549,0.0,0.0,1.0,0.0,0.0,1.0,0.0,0.0,Rio de Janeiro
-1.5911638121385172,0.3423969515349827,-0.819654084624036,0.18504984192046675,1.0,0.0,0.0,0.0,0.0,1.0,0.0,0.0,Rio de Janeiro
-0.7847558795745877,-0.7745559206736301,1.6572408888560681,-0.6660293865296532,0.0,1.0,0.0,0.0,0.0,1.0,0.0,0.0,Le Caire
1.29846461288223,-0.7691822642437606,0.04725915609400046,-0.5254521660634598,1.0,0.0,0.0,0.0,0.0,0.0,1.0,0.0,New York
-0.11274926910464658,0.20037888874557144,0.2949486534420109,-0.35610039195721854,0.0,0.0,0.0,1.0,0.0,0.0,1.0,0.0,Sydney
0.29045469717731814,0.6425540464034141,-0.20043034125400994,-0.09893286255469014,0.0,1.0,0.0,0.0,0.0,1.0,0.0,0.0,Rome
-1.2551605069035465,-0.013799703244946072,-0.819654084624036,0.03514314285886154,0.0,0.0,1.0,0.0,0.0,0.0,0.0,1.0,Sydney
-0.5159532353866113,-1.585210376379675,1.2857066428340524,-0.7643426788852755,1.0,0.0,0.0,0.0,0.0,0.0,0.0,1.0,Tokyo
1.5000665960232122,1.0555579262991073,-1.5627225766680672,3.1305217518330535,0.0,1.0,0.0,0.0,0.0,0.0,1.0,0.0,Londres
1.0968626297412476,-0.5396503681679012,1.4095513915080577,-0.6203755746712567,0.0,0.0,0.0,1.0,0.0,1.0,0.0,0.0,Bali
-0.17994993015164068,-1.0117644687921603,-0.3242750899280151,-0.5241241467732753,0.0,1.0,0.0,0.0,0.0,1.0,0.0,0.0,Rome
-1.2551605069035465,0.5481312262785623,-1.6865673253420723,4.153536991320696,0.0,0.0,0.0,0.0,1.0,0.0,0.0,1.0,Sydney
-1.4567624900445288,-1.5560390986175257,0.5426381507900213,-0.7368763511602924,0.0,1.0,0.0,0.0,0.0,0.0,1.0,0.0,Londres
-0.5159532353866113,0.6755636501868988,-1.0673435819720463,0.6574774334991907,0.0,0.0,1.0,0.0,0.0,0.0,1.0,0.0,Rio de Janeiro
-0.2471505911986348,-0.2947651680067002,-1.1911883306460516,0.2940875181358792,0.0,0.0,0.0,0.0,1.0,0.0,0.0,1.0,Barcelone
0.6264580024122887,-0.8751200624326186,-1.438877827994062,0.31032192940229664,1.0,0.0,0.0,0.0,0.0,0.0,1.0,0.0,New York
0.021652052989341655,-0.22874596043973067,-0.07658559258000475,-0.3681833947069403,1.0,0.0,0.0,0.0,0.0,0.0,0.0,1.0,Tokyo
-0.7175552185275936,0.6794019762082343,-1.0673435819720463,0.6595543427490737,1.0,0.0,0.0,0.0,0.0,1.0,0.0,0.0,Rio de Janeiro
-0.6503545574805996,1.6359128207250258,0.2949486534420109,-0.05402545357484662,0.0,0.0,0.0,1.0,0.0,0.0,0.0,1.0,Sydney
-1.5911638121385172,-1.5483624465748547,0.7903276481380317,-0.7447006350392048,0.0,0.0,0.0,1.0,0.0,0.0,1.0,0.0,Bali
-1.7255651342325053,1.533045683353236,1.6572408888560681,-0.36463401292793274,0.0,0.0,0.0,0.0,1.0,0.0,0.0,1.0,New York
-1.4567624900445288,1.3242407477925882,-1.6865673253420723,5.623365142524311,0.0,1.0,0.0,0.0,0.0,0.0,0.0,1.0,Tokyo
-0.919157201668576,1.035598630988163,0.9141723968120369,-0.323202943026218,0.0,0.0,0.0,0.0,1.0,0.0,0.0,1.0,Sydney
-1.4567624900445288,1.2635951966554881,-1.1911883306460516,1.2778501760741883,0.0,0.0,0.0,1.0,0.0,0.0,1.0,0.0,Sydney
0.3576553582243122,0.7339062057111975,1.038017145486042,-0.39224437906911697,1.0,0.0,0.0,0.0,0.0,0.0,0.0,1.0,Tokyo
-1.523963151091523,0.19961122354130434,1.038017145486042,-0.47656690314700006,0.0,0.0,0.0,1.0,0.0,1.0,0.0,0.0,Sydney
0.6264580024122887,0.20652021037970814,-0.9434988332980412,0.24853402159037463,1.0,0.0,0.0,0.0,0.0,1.0,0.0,0.0,Rio de Janeiro
0.021652052989341655,0.9150751939182302,0.17110390476800566,-0.16854597030587362,1.0,0.0,0.0,0.0,0.0,0.0,0.0,1.0,Tokyo
0.5592573413652946,-0.052182963458300466,-0.5719645872760255,-0.13673262725349958,0.0,0.0,0.0,0.0,1.0,1.0,0.0,0.0,Rome
-0.5831538964336054,0.7761277919458873,-0.6958093359500308,0.24708021220354334,1.0,0.0,0.0,0.0,0.0,0.0,0.0,1.0,Tokyo
0.3576553582243122,1.6313068294994233,-1.0673435819720463,1.1746278367200464,1.0,0.0,0.0,0.0,0.0,1.0,0.0,0.0,Tokyo
0.7608593245062769,0.3255083170411068,-1.6865673253420723,3.7319245641703005,0.0,0.0,1.0,0.0,0.0,1.0,0.0,0.0,Sydney
-1.3223611679505407,1.603670882145808,-0.20043034125400994,0.16109619410415707,0.0,1.0,0.0,0.0,0.0,0.0,1.0,0.0,Tokyo
0.6936586634592828,-0.27557353790002304,1.038017145486042,-0.5515606422335081,0.0,0.0,0.0,0.0,1.0,0.0,0.0,1.0,Paris
-1.6583644731855112,-1.5836750459711408,-0.819654084624036,-0.6255447872725666,0.0,0.0,0.0,1.0,0.0,1.0,0.0,0.0,Bali
-1.1207591848095584,1.4171282375089056,0.04725915609400046,-0.007886339402522428,0.0,0.0,0.0,1.0,0.0,0.0,1.0,0.0,Bali
1.5672672570702064,1.2850898223749665,-1.6865673253420723,5.54921950878407,0.0,1.0,0.0,0.0,0.0,1.0,0.0,0.0,Le Caire
-0.2471505911986348,-1.4071120489897104,-1.0673435819720463,-0.4694535254873005,0.0,0.0,1.0,0.0,0.0,0.0,1.0,0.0,Bali
-0.7175552185275936,1.2490095577744134,0.9141723968120369,-0.2880580230094493,0.0,0.0,0.0,0.0,1.0,0.0,1.0,0.0,New York
0.3576553582243122,0.6540690244674203,0.7903276481380317,-0.3655136120563238,0.0,0.0,0.0,1.0,0.0,1.0,0.0,0.0,Sydney
0.29045469717731814,1.349573699533402,0.41879340211601607,-0.1523422145170182,0.0,0.0,0.0,0.0,1.0,1.0,0.0,0.0,Sydney
-0.2471505911986348,-1.1514795359687702,-1.0673435819720463,-0.33113136944509575,0.0,0.0,0.0,1.0,0.0,0.0,1.0,0.0,Rio de Janeiro
-0.5159532353866113,-1.5299384816724446,0.04725915609400046,-0.7055461738657733,0.0,1.0,0.0,0.0,0.0,1.0,0.0,0.0,Barcelone
-0.5159532353866113,-1.4086473793982448,0.17110390476800566,-0.686282838469284,1.0,0.0,0.0,0.0,0.0,0.0,1.0,0.0,New York
0.3576553582243122,1.4148252418961045,-0.3242750899280151,0.18288776095304377,1.0,0.0,0.0,0.0,0.0,0.0,0.0,1.0,Tokyo
1.2312639518352357,-1.6251289670015634,1.5333961401820628,-0.774966869447051,0.0,1.0,0.0,0.0,0.0,1.0,0.0,0.0,Le Caire
-0.8519565406215819,1.219838280012264,-1.3150330793200569,1.6677690258550828,0.0,0.0,1.0,0.0,0.0,1.0,0.0,0.0,Sydney
-0.31435125224562893,0.7047349279490481,1.5333961401820628,-0.4597958570089947,0.0,0.0,0.0,0.0,1.0,1.0,0.0,0.0,Sydney
1.0296619686942534,0.2978723696874916,-1.3150330793200569,0.9693460232143231,1.0,0.0,0.0,0.0,0.0,0.0,1.0,0.0,New York
1.5672672570702064,0.6295037379308736,0.6664828994640265,-0.34746967554302266,0.0,0.0,0.0,0.0,1.0,0.0,0.0,1.0,Sydney
-1.523963151091523,1.4094515854662348,-1.1911883306460516,1.3699264839600396,0.0,1.0,0.0,0.0,0.0,0.0,1.0,0.0,Tokyo
-0.7175552185275936,0.4107191547147535,0.9141723968120369,-0.4261092915645263,0.0,0.0,0.0,0.0,1.0,0.0,0.0,1.0,Sydney
-0.045548608057652464,-0.8797260536582212,-1.438877827994062,0.30596042044484684,0.0,1.0,0.0,0.0,0.0,0.0,0.0,1.0,Rome
-0.17994993015164068,-0.8766553928411528,-0.44811983860202037,-0.4553651349972221,0.0,0.0,0.0,1.0,0.0,0.0,0.0,1.0,Barcelone
-1.5911638121385172,-0.23181662125679903,0.17110390476800566,-0.42407913219425647,0.0,0.0,0.0,1.0,0.0,0.0,1.0,0.0,Sydney
0.9624613076472592,-0.9641692261276008,-1.1911883306460516,-0.12849427384550283,0.0,0.0,0.0,1.0,0.0,1.0,0.0,0.0,Rio de Janeiro
0.42485601927130634,-1.604402006486352,-1.6865673253420723,0.07698097156308849,0.0,1.0,0.0,0.0,0.0,0.0,1.0,0.0,Londres
-1.6583644731855112,0.8567326383939315,0.17110390476800566,-0.1815449798798475,0.0,1.0,0.0,0.0,0.0,1.0,0.0,0.0,Le Caire
0.9624613076472592,1.210626297561059,-0.9434988332980412,0.7239385573779484,0.0,1.0,0.0,0.0,0.0,1.0,0.0,0.0,Rome
0.08885271403633577,-0.5066407643844165,0.9141723968120369,-0.5771818794063919,0.0,1.0,0.0,0.0,0.0,0.0,0.0,1.0,Barcelone
-0.7847558795745877,-1.3794761016360955,-0.5719645872760255,-0.5937659719288226,0.0,0.0,1.0,0.0,0.0,0.0,0.0,1.0,Sydney
0.42485601927130634,-0.5703569763385847,-1.5627225766680672,1.0777050402613921,0.0,1.0,0.0,0.0,0.0,0.0,1.0,0.0,Londres
-1.1879598458565523,-0.7699499294480276,-0.9434988332980412,-0.21378598568928425,0.0,1.0,0.0,0.0,0.0,0.0,1.0,0.0,Londres
-0.7847558795745877,-0.3914909837443533,0.9141723968120369,-0.5582187930664086,1.0,0.0,0.0,0.0,0.0,0.0,0.0,1.0,New York
0.08885271403633577,-1.446262974407332,0.2949486534420109,-0.7025981153958217,0.0,1.0,0.0,0.0,0.0,0.0,1.0,0.0,Barcelone
0.6936586634592828,1.3856539641339551,-1.438877827994062,2.451095909350544,0.0,0.0,1.0,0.0,0.0,0.0,1.0,0.0,New York
-0.919157201668576,1.0332956353753617,0.04725915609400046,-0.09875112638653535,0.0,0.0,1.0,0.0,0.0,0.0,0.0,1.0,Sydney
-0.919157201668576,0.563484530363904,0.9141723968120369,-0.4009515970201488,1.0,0.0,0.0,0.0,0.0,0.0,0.0,1.0,New York
-0.6503545574805996,0.18041959343462716,0.6664828994640265,-0.42846914400269187,0.0,0.0,0.0,0.0,1.0,0.0,0.0,1.0,New York
0.8280599855532711,0.5742318432236432,1.4095513915080577,-0.46411505997974617,0.0,0.0,0.0,1.0,0.0,0.0,1.0,0.0,Londres
1.1640632907882416,1.5499343178471119,0.17110390476800566,-0.02709622138907796,1.0,0.0,0.0,0.0,0.0,0.0,0.0,1.0,Tokyo
0.6936586634592828,0.007694922474532387,1.6572408888560681,-0.5638597638749117,1.0,0.0,0.0,0.0,0.0,0.0,1.0,0.0,New York
0.7608593245062769,0.2095908711967765,1.5333961401820628,-0.526776187494183,0.0,0.0,1.0,0.0,0.0,1.0,0.0,0.0,Sydney
1.0968626297412476,0.2211058492607828,-0.5719645872760255,-0.042629752352160676,1.0,0.0,0.0,0.0,0.0,0.0,0.0,1.0,Tokyo
-0.7175552185275936,-1.5629480854559294,-0.819654084624036,-0.6168217681461369,0.0,0.0,0.0,1.0,0.0,0.0,0.0,1.0,Barcelone
-0.5831538964336054,-0.9349979483654515,1.5333961401820628,-0.6816097886622693,0.0,0.0,0.0,0.0,1.0,1.0,0.0,0.0,Rome
0.42485601927130634,0.842914664717124,1.5333961401820628,-0.44110367175731424,0.0,0.0,0.0,1.0,0.0,0.0,1.0,0.0,Sydney
0.8280599855532711,1.2850898223749665,-1.3150330793200569,1.7171994631777012,1.0,0.0,0.0,0.0,0.0,0.0,1.0,0.0,New York
0.5592573413652946,1.5660552871367208,-1.6865673253420723,6.081323468566981,0.0,1.0,0.0,0.0,0.0,0.0,0.0,1.0,Tokyo
1.432865934976218,0.5972617993516559,0.7903276481380317,-0.3752939674765864,0.0,0.0,0.0,1.0,0.0,0.0,1.0,0.0,Sydney
1.2312639518352357,-0.9380686091825199,1.038017145486042,-0.6561157259680097,0.0,0.0,0.0,0.0,1.0,0.0,0.0,1.0,Rome
0.6936586634592828,1.11543581223194,-0.9434988332980412,0.6788696258506861,0.0,0.0,1.0,0.0,0.0,0.0,1.0,0.0,New York
-0.38155191329262306,-1.192933456999193,-1.438877827994062,0.009377811338264534,0.0,0.0,0.0,0.0,1.0,0.0,1.0,0.0,New York
-1.3895618289975349,0.5627168651596369,-1.6865673253420723,4.1811598744788245,0.0,0.0,1.0,0.0,0.0,0.0,1.0,0.0,Sydney
1.29846461288223,0.020745230947072882,0.41879340211601607,-0.4172465476900709,0.0,0.0,0.0,0.0,1.0,0.0,0.0,1.0,Rome
-0.8519565406215819,-1.3725671147976917,0.9141723968120369,-0.7197842886830649,0.0,0.0,0.0,1.0,0.0,0.0,1.0,0.0,Rio de Janeiro
-0.8519565406215819,-0.38227900129314824,0.17110390476800566,-0.4576028937271367,0.0,1.0,0.0,0.0,0.0,1.0,0.0,0.0,Rome
-1.7255651342325053,1.0348309657838959,1.4095513915080577,-0.3995000987013821,1.0,0.0,0.0,0.0,0.0,0.0,0.0,1.0,Tokyo
-0.2471505911986348,0.8421469995128569,0.17110390476800566,-0.18479473227334103,0.0,0.0,0.0,1.0,0.0,0.0,1.0,0.0,Sydney
-0.9863578627155701,-0.8996853489691654,0.6664828994640265,-0.6232832501954347,0.0,1.0,0.0,0.0,0.0,0.0,1.0,0.0,Londres
-0.4487525743396172,-1.1606915184199753,-0.07658559258000475,-0.6035110767100706,0.0,0.0,0.0,1.0,0.0,0.0,0.0,1.0,Sydney
-1.1207591848095584,0.45908206258358003,1.6572408888560681,-0.504904181813098,0.0,1.0,0.0,0.0,0.0,1.0,0.0,0.0,Rome
-1.3895618289975349,-0.3730670188419432,-0.819654084624036,-0.11605585533258503,0.0,0.0,0.0,1.0,0.0,1.0,0.0,0.0,Bali
-0.919157201668576,-0.43831856120464563,1.1618618941600474,-0.5876545590201221,0.0,0.0,1.0,0.0,0.0,1.0,0.0,0.0,Sydney
-0.2471505911986348,-0.7185163607621328,-1.0673435819720463,-0.09685600605829849,0.0,0.0,0.0,1.0,0.0,0.0,0.0,1.0,Barcelone
1.5672672570702064,1.1875963414330464,-0.5719645872760255,0.29016665073993403,1.0,0.0,0.0,0.0,0.0,1.0,0.0,0.0,Rio de Janeiro
1.432865934976218,-1.5498977769833888,0.7903276481380317,-0.744964968969482,0.0,0.0,0.0,0.0,1.0,0.0,1.0,0.0,Londres
1.29846461288223,-0.67706243973171,-0.3242750899280151,-0.42660526294895545,0.0,0.0,0.0,0.0,1.0,1.0,0.0,0.0,Rome
0.9624613076472592,-0.8589990931430098,1.2857066428340524,-0.6585481058967508,0.0,0.0,0.0,1.0,0.0,0.0,1.0,0.0,Londres
-0.7847558795745877,1.0901028604911263,0.7903276481380317,-0.29044277585755207,0.0,0.0,0.0,0.0,1.0,0.0,1.0,0.0,New York
-0.38155191329262306,-1.5383827989193826,-1.5627225766680672,-0.14448659018802482,1.0,0.0,0.0,0.0,0.0,1.0,0.0,0.0,Rio de Janeiro
0.8952606466002652,1.2574538750213513,-1.0673435819720463,0.9723368757814466,0.0,0.0,0.0,1.0,0.0,0.0,0.0,1.0,Sydney
-0.7175552185275936,-1.271235307834436,1.6572408888560681,-0.7309005797167167,0.0,1.0,0.0,0.0,0.0,1.0,0.0,0.0,Barcelone
-0.31435125224562893,-0.7668792686309592,-0.44811983860202037,-0.4207153636158554,0.0,0.0,1.0,0.0,0.0,1.0,0.0,0.0,Rio de Janeiro
1.5672672570702064,1.0732142259972504,-0.9434988332980412,0.6588793739635941,0.0,0.0,0.0,1.0,0.0,1.0,0.0,0.0,Sydney
0.6936586634592828,0.4575467321750459,-1.438877827994062,1.5722518544244213,1.0,0.0,0.0,0.0,0.0,0.0,1.0,0.0,New York
1.6344679181172004,-0.8636050843686123,1.2857066428340524,-0.6592191074167626,0.0,0.0,0.0,0.0,1.0,0.0,0.0,1.0,Rome
0.3576553582243122,0.4966976575926674,-1.5627225766680672,2.4249265837385443,0.0,0.0,1.0,0.0,0.0,0.0,0.0,1.0,Sydney
-1.7255651342325053,0.6970582759063773,1.2857066428340524,-0.4318614257194363,0.0,1.0,0.0,0.0,0.0,1.0,0.0,0.0,Le Caire
-0.7847558795745877,1.6673870940999764,1.038017145486042,-0.24492226803649358,0.0,0.0,1.0,0.0,0.0,1.0,0.0,0.0,Sydney
-0.9863578627155701,0.3477706079648523,1.6572408888560681,-0.5194425481378651,1.0,0.0,0.0,0.0,0.0,0.0,1.0,0.0,New York
1.6344679181172004,1.5437929962129753,0.9141723968120369,-0.23951252197909254,0.0,0.0,0.0,0.0,1.0,1.0,0.0,0.0,Sydney
-0.7175552185275936,-0.3531077235309989,-1.3150330793200569,0.4762047191016135,0.0,0.0,0.0,0.0,1.0,1.0,0.0,0.0,Barcelone
-1.1879598458565523,0.13666267679140315,-0.9434988332980412,0.2154592411953677,0.0,0.0,0.0,1.0,0.0,0.0,1.0,0.0,Rio de Janeiro
1.2312639518352357,1.3649270036187438,-1.6865673253420723,5.7004184481759355,0.0,0.0,0.0,1.0,0.0,0.0,0.0,1.0,Sydney
0.29045469717731814,0.8175817129763101,-1.5627225766680672,2.830062270913688,0.0,0.0,1.0,0.0,0.0,0.0,1.0,0.0,Sydney
-0.2471505911986348,-0.3945616445614216,0.6664828994640265,-0.5321761557570376,0.0,0.0,0.0,1.0,0.0,0.0,0.0,1.0,Sydney
0.8952606466002652,-0.16502974848556237,-0.6958093359500308,-0.10940050672411002,0.0,0.0,0.0,1.0,0.0,1.0,0.0,0.0,Sydney
-1.4567624900445288,-0.39532930976568875,-1.3150330793200569,0.44422031848109567,0.0,0.0,0.0,0.0,1.0,0.0,0.0,1.0,Barcelone
-1.2551605069035465,-0.2955328332109673,-0.07658559258000475,-0.38504789910090437,0.0,1.0,0.0,0.0,0.0,1.0,0.0,0.0,Barcelone
1.2312639518352357,-0.22183697360132687,0.41879340211601607,-0.4656057442716334,0.0,0.0,0.0,0.0,1.0,0.0,0.0,1.0,Rome
0.9624613076472592,1.488521101505745,-0.44811983860202037,0.29117993931040637,1.0,0.0,0.0,0.0,0.0,1.0,0.0,0.0,Rio de Janeiro
0.49205668031830047,1.6666194288957092,-1.0673435819720463,1.1937354018189694,1.0,0.0,0.0,0.0,0.0,0.0,0.0,1.0,New York
-0.11274926910464658,0.7630774834733468,0.41879340211601607,-0.26926128473320093,0.0,1.0,0.0,0.0,0.0,1.0,0.0,0.0,Barcelone
-0.31435125224562893,0.07524946045003612,-1.438877827994062,1.2102466109560928,1.0,0.0,0.0,0.0,0.0,1.0,0.0,0.0,Rio de Janeiro
1.432865934976218,0.32857897785817514,-0.5719645872760255,-0.005623003795454362,1.0,0.0,0.0,0.0,0.0,0.0,1.0,0.0,New York
1.0968626297412476,-0.9081296662161035,-0.44811983860202037,-0.46529968483383777,0.0,0.0,0.0,0.0,1.0,0.0,0.0,1.0,Paris
0.3576553582243122,-0.214160321558656,-1.1911883306460516,0.3449717935464814,0.0,0.0,1.0,0.0,0.0,0.0,0.0,1.0,Sydney
0.6264580024122887,-0.0038200555894739308,-1.6865673253420723,3.1082289391788556,1.0,0.0,0.0,0.0,0.0,1.0,0.0,0.0,New York
-1.7255651342325053,1.5046420707953536,-1.1911883306460516,1.4300183901592272,0.0,0.0,0.0,0.0,1.0,0.0,0.0,1.0,New York
-1.1879598458565523,1.0125686748601503,0.7903276481380317,-0.303791639336559,1.0,0.0,0.0,0.0,0.0,0.0,0.0,1.0,New York
0.6264580024122887,-0.2786441987170914,0.5426381507900213,-0.49495793927007653,0.0,1.0,0.0,0.0,0.0,0.0,1.0,0.0,Londres
1.0296619686942534,-0.10899018857406496,-1.6865673253420723,2.9090534132491865,0.0,1.0,0.0,0.0,0.0,0.0,0.0,1.0,Rome
-0.045548608057652464,-1.6481589231295761,-1.6865673253420723,-0.005887677911299348,1.0,0.0,0.0,0.0,0.0,0.0,1.0,0.0,New York
-1.6583644731855112,1.4570468281307942,-0.07658559258000475,0.05749995758208281,0.0,0.0,0.0,1.0,0.0,0.0,0.0,1.0,Sydney
0.22325403613032402,-0.4989641123417456,0.17110390476800566,-0.4836009128750846,0.0,0.0,0.0,1.0,0.0,0.0,0.0,1.0,Sydney
0.9624613076472592,0.2994077000960258,-0.20043034125400994,-0.19177071265573234,0.0,0.0,1.0,0.0,0.0,0.0,0.0,1.0,Sydney
-1.0535585237625642,0.2763777439680131,-1.438877827994062,1.4006991687647314,0.0,1.0,0.0,0.0,0.0,0.0,0.0,1.0,Rome
-0.31435125224562893,0.38692153338247376,1.2857066428340524,-0.4770421947335632,0.0,0.0,1.0,0.0,0.0,0.0,1.0,0.0,Sydney
-0.31435125224562893,0.5120509616780091,1.2857066428340524,-0.45881332010657633,1.0,0.0,0.0,0.0,0.0,1.0,0.0,0.0,New York
0.22325403613032402,1.5130863880422916,-1.6865673253420723,5.981008787624302,0.0,0.0,0.0,1.0,0.0,1.0,0.0,0.0,Sydney
-1.523963151091523,-0.9273212963227806,1.6572408888560681,-0.685982041002954,1.0,0.0,0.0,0.0,0.0,0.0,1.0,0.0,New York
0.021652052989341655,-1.2988712551880512,1.1618618941600474,-0.7180346275012939,0.0,0.0,1.0,0.0,0.0,1.0,0.0,0.0,Rio de Janeiro
1.29846461288223,1.5637522915239195,1.1618618941600474,-0.2843260856937207,0.0,0.0,1.0,0.0,0.0,1.0,0.0,0.0,Sydney
0.021652052989341655,-0.36078437557366977,-1.0673435819720463,0.09671193603079284,0.0,1.0,0.0,0.0,0.0,1.0,0.0,0.0,Barcelone
-0.7175552185275936,-0.8198481677253883,0.2949486534420109,-0.5707835968289685,0.0,0.0,1.0,0.0,0.0,0.0,0.0,1.0,Sydney
-0.919157201668576,-0.012264372836411897,-0.44811983860202037,-0.18252847363065616,0.0,0.0,0.0,0.0,1.0,0.0,0.0,1.0,Londres
-0.5159532353866113,-0.7791619118992327,-1.0673435819720463,-0.12967117220644916,0.0,0.0,0.0,0.0,1.0,1.0,0.0,0.0,Rome
-0.4487525743396172,-0.21876631278425854,-0.5719645872760255,-0.19409308751639437,0.0,0.0,1.0,0.0,0.0,1.0,0.0,0.0,Bali
-0.11274926910464658,0.2088232059925094,-0.5719645872760255,-0.04685909504435568,0.0,0.0,1.0,0.0,0.0,0.0,0.0,1.0,Sydney
0.1560533750833299,0.563484530363904,-1.3150330793200569,1.1705569798452162,0.0,0.0,0.0,1.0,0.0,0.0,1.0,0.0,Londres
0.42485601927130634,-1.506140860340165,1.2857066428340524,-0.7528238194584065,0.0,0.0,0.0,0.0,1.0,1.0,0.0,0.0,Sydney
-0.17994993015164068,-1.1438028839260994,-1.438877827994062,0.05590057355106169,1.0,0.0,0.0,0.0,0.0,0.0,0.0,1.0,New York
1.5000665960232122,0.3040136913216283,0.41879340211601607,-0.36077647320084133,0.0,0.0,0.0,0.0,1.0,0.0,0.0,1.0,Tokyo
-1.6583644731855112,1.6827403981853182,-1.6865673253420723,6.3023065338320166,0.0,0.0,0.0,0.0,1.0,0.0,1.0,0.0,New York
-0.7847558795745877,1.4524408369051918,-0.07658559258000475,0.05633688831353348,0.0,0.0,0.0,0.0,1.0,0.0,0.0,1.0,New York
0.22325403613032402,-0.8114038504784503,0.9141723968120369,-0.6273708479195472,0.0,0.0,0.0,1.0,0.0,0.0,0.0,1.0,Barcelone
-1.1207591848095584,-0.32163345015604833,0.7903276481380317,-0.5334978247475897,1.0,0.0,0.0,0.0,0.0,1.0,0.0,0.0,Rio de Janeiro
0.1560533750833299,1.1069914949850022,0.5426381507900213,-0.23254043118002865,0.0,0.0,0.0,0.0,1.0,0.0,0.0,1.0,Tokyo
1.5000665960232122,-1.2996389203923182,-1.6865673253420723,0.6541538459724218,0.0,0.0,1.0,0.0,0.0,0.0,0.0,1.0,Sydney
1.3656652739292239,1.3695329948443462,1.038017145486042,-0.29192965214887673,0.0,0.0,1.0,0.0,0.0,0.0,0.0,1.0,Sydney
1.432865934976218,-1.0040878167494893,-0.9434988332980412,-0.32464101888134084,1.0,0.0,0.0,0.0,0.0,1.0,0.0,0.0,Rio de Janeiro
0.021652052989341655,-0.2740382074914888,1.6572408888560681,-0.6006568703658736,0.0,1.0,0.0,0.0,0.0,0.0,0.0,1.0,Barcelone
1.6344679181172004,1.743385949322418,-0.3242750899280151,0.2786173074594862,0.0,0.0,0.0,0.0,1.0,0.0,1.0,0.0,New York
0.021652052989341655,-0.30090648964083694,0.2949486534420109,-0.46158431429074204,1.0,0.0,0.0,0.0,0.0,1.0,0.0,0.0,Rio de Janeiro
-0.9863578627155701,0.6364127247692773,0.04725915609400046,-0.19270531612800462,0.0,0.0,0.0,0.0,1.0,0.0,0.0,1.0,Sydney
0.5592573413652946,1.541490000600174,-1.0673435819720463,1.126028160272785,0.0,0.0,0.0,0.0,1.0,1.0,0.0,0.0,Rome
1.3656652739292239,-1.4808079085993509,-0.5719645872760255,-0.6286580491394315,0.0,1.0,0.0,0.0,0.0,0.0,0.0,1.0,Rome
-0.6503545574805996,-0.6847390917743809,1.6572408888560681,-0.6542984288744964,1.0,0.0,0.0,0.0,0.0,1.0,0.0,0.0,Rio de Janeiro
-1.3223611679505407,1.4608851541521297,-1.1911883306460516,1.4023954977934716,0.0,1.0,0.0,0.0,0.0,0.0,1.0,0.0,Tokyo
-0.8519565406215819,0.555040213116966,0.7903276481380317,-0.3825631505592139,0.0,1.0,0.0,0.0,0.0,0.0,0.0,1.0,Tokyo
-1.3223611679505407,-0.8981500185606313,0.7903276481380317,-0.6327552155667404,0.0,0.0,1.0,0.0,0.0,0.0,0.0,1.0,Sydney
-0.38155191329262306,1.5852469172433978,1.4095513915080577,-0.322285219973737,0.0,0.0,0.0,1.0,0.0,1.0,0.0,0.0,Bali
-1.523963151091523,-0.6724564485061074,-0.44811983860202037,-0.39091171410600845,0.0,0.0,0.0,1.0,0.0,1.0,0.0,0.0,Bali
-0.919157201668576,-0.7484553037285492,0.6664828994640265,-0.5960065061158538,1.0,0.0,0.0,0.0,0.0,0.0,1.0,0.0,New York
0.22325403613032402,0.869015281662205,-0.6958093359500308,0.2822630564043964,0.0,0.0,0.0,1.0,0.0,0.0,0.0,1.0,Sydney
0.8952606466002652,0.39536585062941176,0.04725915609400046,-0.2497684023539647,0.0,0.0,0.0,0.0,1.0,0.0,1.0,0.0,Londres
1.5672672570702064,1.307352113298712,-0.20043034125400994,0.08092749133233992,0.0,0.0,0.0,1.0,0.0,0.0,1.0,0.0,Sydney
1.432865934976218,-1.0854603284018007,1.6572408888560681,-0.7066365476436575,0.0,0.0,0.0,0.0,1.0,0.0,0.0,1.0,Rome
-1.7255651342325053,1.3626240080059424,0.6664828994640265,-0.21523977404048575,0.0,0.0,0.0,1.0,0.0,0.0,1.0,0.0,Sydney
0.021652052989341655,1.4616528193563967,-0.6958093359500308,0.5067354177519889,0.0,0.0,0.0,0.0,1.0,1.0,0.0,0.0,Rome
1.0968626297412476,0.5558078783212331,-1.3150330793200569,1.1647416342778496,0.0,1.0,0.0,0.0,0.0,0.0,1.0,0.0,Londres
-0.6503545574805996,-0.8912410317222275,-0.6958093359500308,-0.3844663795671442,0.0,0.0,1.0,0.0,0.0,0.0,1.0,0.0,Bali
0.5592573413652946,0.9972153707748086,-0.3242750899280151,0.061212823337378645,0.0,0.0,0.0,0.0,1.0,0.0,1.0,0.0,New York
0.49205668031830047,0.05375483473055766,0.41879340211601607,-0.4106660241046052,0.0,0.0,1.0,0.0,0.0,0.0,0.0,1.0,Sydney
-0.5159532353866113,-0.9641692261276008,-0.44811983860202037,-0.48298802966488513,0.0,1.0,0.0,0.0,0.0,0.0,1.0,0.0,Londres
0.1560533750833299,-1.5637157506601964,0.7903276481380317,-0.7473439743419783,0.0,0.0,0.0,1.0,0.0,1.0,0.0,0.0,Sydney
0.42485601927130634,-1.0079261427708248,1.1618618941600474,-0.6739543010478023,0.0,0.0,0.0,1.0,0.0,0.0,0.0,1.0,Barcelone
-1.5911638121385172,0.1082590642335209,-0.3242750899280151,-0.19779375342537922,0.0,0.0,0.0,0.0,1.0,0.0,0.0,1.0,Sydney
-1.3895618289975349,1.305049117685911,1.038017145486042,-0.302106508503104,0.0,0.0,1.0,0.0,0.0,0.0,0.0,1.0,Sydney
0.6936586634592828,-0.003052390385206843,0.04725915609400046,-0.3440860512433701,0.0,0.0,0.0,1.0,0.0,1.0,0.0,0.0,Sydney
0.5592573413652946,-0.3385220846499242,1.5333961401820628,-0.600921855659182,0.0,0.0,0.0,0.0,1.0,0.0,1.0,0.0,Londres
1.5000665960232122,-0.2725028770829547,-1.5627225766680672,1.453764003476597,0.0,0.0,1.0,0.0,0.0,0.0,1.0,0.0,Bali
-0.919157201668576,1.5975295605116713,-0.9434988332980412,0.9071219564887567,0.0,0.0,0.0,0.0,1.0,0.0,0.0,1.0,New York
-0.31435125224562893,-0.6901127482042505,1.038017145486042,-0.6169832902249691,0.0,0.0,0.0,1.0,0.0,0.0,0.0,1.0,Barcelone
-0.7847558795745877,0.15431897648954618,-0.3242750899280151,-0.18437372354129852,0.0,1.0,0.0,0.0,0.0,1.0,0.0,0.0,Barcelone
-0.11274926910464658,-1.6182199801631596,-1.438877827994062,-0.3933348490662615,0.0,0.0,1.0,0.0,0.0,0.0,1.0,0.0,Sydney
-1.523963151091523,0.5235659397420154,1.038017145486042,-0.42544031527219167,0.0,0.0,0.0,0.0,1.0,1.0,0.0,0.0,Sydney
1.0296619686942534,0.8697829468664721,0.04725915609400046,-0.13745952564172478,0.0,0.0,0.0,0.0,1.0,0.0,0.0,1.0,Londres
0.8280599855532711,-1.2934975987581816,0.2949486534420109,-0.6704521727551308,0.0,0.0,0.0,1.0,0.0,0.0,0.0,1.0,Barcelone
1.5000665960232122,-0.9204123094843768,-0.3242750899280151,-0.49750775416984855,1.0,0.0,0.0,0.0,0.0,0.0,1.0,0.0,New York
-1.3895618289975349,1.4155929071003714,-0.6958093359500308,0.48928937930528477,0.0,0.0,0.0,1.0,0.0,0.0,1.0,0.0,Rio de Janeiro
1.432865934976218,-0.07137459356497766,-0.20043034125400994,-0.29208543659041547,0.0,0.0,0.0,0.0,1.0,0.0,0.0,1.0,Sydney
1.5672672570702064,0.7799661179672228,-0.6958093359500308,0.24853404874076854,0.0,0.0,1.0,0.0,0.0,0.0,1.0,0.0,Sydney
-0.31435125224562893,0.4160928111446231,-1.3150330793200569,1.0589023449517727,0.0,0.0,1.0,0.0,0.0,0.0,0.0,1.0,Sydney
0.22325403613032402,0.6179887598668672,-0.07658559258000475,-0.15437249417197108,0.0,0.0,1.0,0.0,0.0,0.0,1.0,0.0,Sydney
-0.045548608057652464,1.5837115868348637,-1.438877827994062,2.6386407945208825,0.0,0.0,0.0,0.0,1.0,0.0,1.0,0.0,New York
0.3576553582243122,-0.7162133651493314,-1.3150330793200569,0.20113887376516093,0.0,0.0,0.0,1.0,0.0,0.0,1.0,0.0,Barcelone
1.432865934976218,0.7400475273453342,-1.3150330793200569,1.3043099278946542,1.0,0.0,0.0,0.0,0.0,0.0,0.0,1.0,New York
1.2312639518352357,1.6804374025725168,-1.0673435819720463,1.2012122751185481,0.0,1.0,0.0,0.0,0.0,1.0,0.0,0.0,Le Caire
-0.045548608057652464,-1.5729277331114015,0.17110390476800566,-0.7228853127960001,0.0,0.0,0.0,1.0,0.0,0.0,1.0,0.0,Bali
1.1640632907882416,-0.9695428825574705,-0.9434988332980412,-0.3082853582464472,1.0,0.0,0.0,0.0,0.0,0.0,0.0,1.0,New York
1.5000665960232122,-1.630502623431433,-0.5719645872760255,-0.6802031632005582,1.0,0.0,0.0,0.0,0.0,0.0,1.0,0.0,New York
0.8280599855532711,0.8352380126744531,-0.9434988332980412,0.5462070451454382,0.0,0.0,0.0,0.0,1.0,1.0,0.0,0.0,Rome
0.49205668031830047,-0.3845819969059495,-1.0673435819720463,0.08383509868151852,1.0,0.0,0.0,0.0,0.0,0.0,0.0,1.0,New York
-1.5911638121385172,-0.2264429648269294,-0.3242750899280151,-0.29531263724969914,0.0,1.0,0.0,0.0,0.0,0.0,1.0,0.0,Londres
1.0968626297412476,-1.2305490520082802,0.9141723968120369,-0.6963964821970857,0.0,1.0,0.0,0.0,0.0,0.0,1.0,0.0,Londres
1.1640632907882416,0.8590356340067328,0.9141723968120369,-0.35227967541419214,0.0,1.0,0.0,0.0,0.0,0.0,0.0,1.0,Tokyo
-1.523963151091523,-0.4360155655918444,1.4095513915080577,-0.6058372083836249,0.0,0.0,0.0,0.0,1.0,0.0,0.0,1.0,Barcelone
-0.31435125224562893,-1.4593132828798725,1.2857066428340524,-0.7460019706716201,0.0,1.0,0.0,0.0,0.0,1.0,0.0,0.0,Le Caire
-0.31435125224562893,0.5251012701505496,-0.819654084624036,0.2619416401460315,0.0,1.0,0.0,0.0,0.0,1.0,0.0,0.0,Rome
0.08885271403633577,-1.192933456999193,0.5426381507900213,-0.6681098795112106,1.0,0.0,0.0,0.0,0.0,1.0,0.0,0.0,Rio de Janeiro
1.7016685791641946,-1.1215405930023539,-1.0673435819720463,-0.3149314772960087,0.0,0.0,0.0,1.0,0.0,0.0,0.0,1.0,Barcelone
-0.4487525743396172,-0.8052625288443136,-0.9434988332980412,-0.23050510544939773,1.0,0.0,0.0,0.0,0.0,0.0,1.0,0.0,New York
-0.9863578627155701,0.9995183663876099,1.1618618941600474,-0.36981167921170577,1.0,0.0,0.0,0.0,0.0,0.0,0.0,1.0,New York
0.8280599855532711,0.5281719309676179,0.2949486534420109,-0.2871239220699069,1.0,0.0,0.0,0.0,0.0,0.0,1.0,0.0,New York
0.7608593245062769,-1.5491301117791219,-1.3150330793200569,-0.42982612029414324,0.0,0.0,0.0,1.0,0.0,0.0,0.0,1.0,Barcelone
1.5000665960232122,0.022280561355607055,-1.0673435819720463,0.3039874791691118,0.0,1.0,0.0,0.0,0.0,0.0,0.0,1.0,Rome
0.6264580024122887,1.5921559040818016,-1.3150330793200569,1.9498132858723756,1.0,0.0,0.0,0.0,0.0,1.0,0.0,0.0,New York
1.432865934976218,-0.003052390385206843,-0.5719645872760255,-0.11981525648471955,0.0,0.0,0.0,0.0,1.0,0.0,0.0,1.0,Rome
-1.5911638121385172,0.7008966019277127,0.9141723968120369,-0.3783223139877689,0.0,0.0,0.0,0.0,1.0,0.0,1.0,0.0,New York
1.3656652739292239,0.930428498003572,-1.6865673253420723,4.877547297254821,0.0,0.0,0.0,0.0,1.0,0.0,1.0,0.0,New York
-1.3895618289975349,-1.0747130155420614,-1.5627225766680672,0.44092478553873793,0.0,0.0,0.0,1.0,0.0,1.0,0.0,0.0,Barcelone
0.29045469717731814,1.525369031310565,-1.5627225766680672,3.723686920615799,0.0,0.0,1.0,0.0,0.0,0.0,1.0,0.0,New York
0.22325403613032402,-1.0033201515452224,-0.6958093359500308,-0.4269184064541241,0.0,0.0,0.0,1.0,0.0,0.0,1.0,0.0,Barcelone
0.29045469717731814,-0.6624768008506353,-0.9434988332980412,-0.16290170815850416,1.0,0.0,0.0,0.0,0.0,0.0,1.0,0.0,New York
1.5672672570702064,-1.1215405930023539,0.7903276481380317,-0.6712158024220971,0.0,0.0,0.0,0.0,1.0,1.0,0.0,0.0,Rome
-0.045548608057652464,1.586782247651932,1.6572408888560681,-0.35761549125390735,0.0,1.0,0.0,0.0,0.0,1.0,0.0,0.0,Barcelone
0.08885271403633577,0.6632810069186255,0.2949486534420109,-0.25869333963391894,1.0,0.0,0.0,0.0,0.0,1.0,0.0,0.0,Rio de Janeiro
1.1640632907882416,1.6343774903164916,1.038017145486042,-0.2501318492654433,0.0,1.0,0.0,0.0,0.0,0.0,1.0,0.0,Londres
-1.3895618289975349,0.2771454091722802,-0.819654084624036,0.15758848541133647,0.0,0.0,0.0,0.0,1.0,0.0,0.0,1.0,Tokyo
0.08885271403633577,0.7507948402050735,1.6572408888560681,-0.4668036355826743,0.0,0.0,0.0,0.0,1.0,0.0,1.0,0.0,Londres
-0.11274926910464658,1.5092480620209563,-0.9434988332980412,0.8653241570884732,0.0,0.0,1.0,0.0,0.0,0.0,1.0,0.0,Rio de Janeiro
1.2312639518352357,-0.5887809412409949,-1.3150330793200569,0.2976736101834509,1.0,0.0,0.0,0.0,0.0,0.0,1.0,0.0,New York
-0.7847558795745877,-0.37997600568034695,0.17110390476800566,-0.45708977492816405,0.0,0.0,1.0,0.0,0.0,1.0,0.0,0.0,Sydney
-0.6503545574805996,-0.9587955696977312,-0.6958093359500308,-0.41005390262231023,1.0,0.0,0.0,0.0,0.0,0.0,0.0,1.0,Tokyo
0.5592573413652946,1.576034934792193,1.4095513915080577,-0.3235775191993043,0.0,0.0,0.0,1.0,0.0,0.0,0.0,1.0,Barcelone
-1.1879598458565523,0.7899457656226949,-1.5627225766680672,2.795170202161762,0.0,0.0,0.0,0.0,1.0,0.0,1.0,0.0,Londres
0.22325403613032402,0.6003324601687242,1.1618618941600474,-0.4302912827890557,0.0,0.0,1.0,0.0,0.0,1.0,0.0,0.0,Sydney
0.021652052989341655,1.0248513181284238,1.6572408888560681,-0.43100917504514463,0.0,0.0,0.0,1.0,0.0,0.0,1.0,0.0,Sydney
-0.7847558795745877,1.0993148429423314,-0.20043034125400994,0.02464324664020928,1.0,0.0,0.0,0.0,0.0,1.0,0.0,0.0,Rio de Janeiro
-0.2471505911986348,-0.23642261248240154,-0.9434988332980412,0.03881810633851687,0.0,1.0,0.0,0.0,0.0,0.0,0.0,1.0,Rome
0.6936586634592828,-1.1783478181181184,-0.5719645872760255,-0.5245104853441294,0.0,0.0,0.0,0.0,1.0,0.0,0.0,1.0,Rome
0.3576553582243122,1.1376981031556856,1.1618618941600474,-0.34887643181954614,0.0,0.0,0.0,1.0,0.0,0.0,1.0,0.0,Sydney
-1.7255651342325053,0.11440038586765759,-1.5627225766680672,1.9422529660035646,0.0,0.0,0.0,0.0,1.0,0.0,0.0,1.0,Barcelone
-0.5159532353866113,1.7103763455389331,0.04725915609400046,0.06153435785326333,1.0,0.0,0.0,0.0,0.0,0.0,0.0,1.0,Tokyo
-0.6503545574805996,0.0890674341268437,-0.819654084624036,0.07843516370854921,0.0,0.0,0.0,1.0,0.0,0.0,0.0,1.0,Sydney
1.432865934976218,-1.6243613017972964,0.2949486534420109,-0.7400747922432603,0.0,1.0,0.0,0.0,0.0,1.0,0.0,0.0,Le Caire
-0.7847558795745877,0.42684012400436233,1.4095513915080577,-0.4847918475888227,0.0,0.0,0.0,1.0,0.0,0.0,1.0,0.0,Sydney
1.0296619686942534,-1.2121250871058702,0.6664828994640265,-0.6796367265425892,0.0,1.0,0.0,0.0,0.0,0.0,1.0,0.0,Londres
0.08885271403633577,1.498500749161217,0.7903276481380317,-0.22012995040377276,1.0,0.0,0.0,0.0,0.0,0.0,0.0,1.0,New York
1.1640632907882416,0.4644557190134497,-1.3150330793200569,1.095539022026184,0.0,0.0,0.0,1.0,0.0,0.0,1.0,0.0,Sydney
-0.7847558795745877,-0.9979464951153527,-1.6865673253420723,1.2255113765589905,0.0,1.0,0.0,0.0,0.0,0.0,1.0,0.0,Londres
1.5672672570702064,-1.3802437668403624,-0.819654084624036,-0.5399299699205721,0.0,0.0,0.0,0.0,1.0,1.0,0.0,0.0,Barcelone
1.6344679181172004,0.8298643562445834,-0.3242750899280151,0.012453381425218651,0.0,0.0,0.0,1.0,0.0,1.0,0.0,0.0,Sydney
-1.1207591848095584,0.09213809494391205,0.17110390476800566,-0.35190042113876946,1.0,0.0,0.0,0.0,0.0,0.0,1.0,0.0,New York
0.22325403613032402,-1.3134568940691258,-0.07658559258000475,-0.6420862074502871,0.0,0.0,0.0,0.0,1.0,0.0,1.0,0.0,Londres
-0.38155191329262306,1.7387799580968155,-1.3150330793200569,2.0608863862090825,0.0,0.0,0.0,0.0,1.0,0.0,0.0,1.0,New York
-1.1207591848095584,-0.8282924849723263,1.1618618941600474,-0.6467384794379948,0.0,0.0,0.0,1.0,0.0,1.0,0.0,0.0,Rio de Janeiro
0.08885271403633577,-1.540685794532184,0.04725915609400046,-0.7080903879013257,1.0,0.0,0.0,0.0,0.0,0.0,1.0,0.0,New York
-0.8519565406215819,-1.1890951309778577,-1.3150330793200569,-0.15708641318463756,0.0,1.0,0.0,0.0,0.0,0.0,1.0,0.0,Londres
-1.1207591848095584,-1.2443670256850878,0.6664828994640265,-0.685452072996104,0.0,0.0,0.0,0.0,1.0,0.0,0.0,1.0,Barcelone
-1.523963151091523,0.9810944014851998,0.5426381507900213,-0.25638335158267017,1.0,0.0,0.0,0.0,0.0,0.0,1.0,0.0,New York
-0.5831538964336054,0.3477706079648523,1.5333961401820628,-0.5080840022425025,0.0,0.0,0.0,1.0,0.0,0.0,0.0,1.0,Sydney
-1.523963151091523,0.42607245880009526,-1.6865673253420723,3.9223770743658237,0.0,0.0,0.0,1.0,0.0,0.0,1.0,0.0,Sydney
-0.7847558795745877,1.254383214204283,-1.5627225766680672,3.3815508020205223,0.0,1.0,0.0,0.0,0.0,0.0,1.0,0.0,Londres
0.7608593245062769,0.0898350993311108,1.2857066428340524,-0.5203217927743231,0.0,0.0,1.0,0.0,0.0,0.0,1.0,0.0,Sydney
-1.1879598458565523,-0.06369794152230679,0.04725915609400046,-0.3584426875868441,0.0,0.0,0.0,1.0,0.0,1.0,0.0,0.0,Barcelone
-0.2471505911986348,-0.1765447265495687,0.04725915609400046,-0.3851569349601439,0.0,0.0,0.0,1.0,0.0,0.0,0.0,1.0,Sydney
-1.3223611679505407,-1.349537158669679,0.2949486534420109,-0.6822444029700576,0.0,0.0,1.0,0.0,0.0,1.0,0.0,0.0,Bali
0.49205668031830047,-0.9227153050971781,-0.5719645872760255,-0.43648729056282076,0.0,0.0,0.0,1.0,0.0,0.0,0.0,1.0,Barcelone
-1.0535585237625642,1.0202453269028213,0.5426381507900213,-0.2489687848720926,0.0,0.0,0.0,1.0,0.0,0.0,0.0,1.0,Sydney
0.08885271403633577,0.7960870872568316,-1.6865673253420723,4.623126005008893,0.0,0.0,0.0,1.0,0.0,1.0,0.0,0.0,Sydney
-1.3223611679505407,1.079355547631387,-0.9434988332980412,0.6617870469653528,0.0,0.0,0.0,1.0,0.0,0.0,0.0,1.0,Barcelone
-1.3895618289975349,-1.3894557492915676,0.7903276481380317,-0.7173420732554974,1.0,0.0,0.0,0.0,0.0,0.0,1.0,0.0,New York
1.7016685791641946,1.4616528193563967,0.7903276481380317,-0.22647396473042955,0.0,0.0,1.0,0.0,0.0,1.0,0.0,0.0,Sydney
0.5592573413652946,-1.6612092316021165,0.04725915609400046,-0.7366219310143057,0.0,0.0,0.0,0.0,1.0,1.0,0.0,0.0,Sydney
1.1640632907882416,0.18195492384316134,0.17110390476800566,-0.33188878797883586,0.0,0.0,0.0,1.0,0.0,0.0,0.0,1.0,Sydney
1.6344679181172004,0.826026030223248,-0.6958093359500308,0.26598008718747274,0.0,1.0,0.0,0.0,0.0,0.0,1.0,0.0,Londres
-1.1207591848095584,-0.21723098237572436,1.5333961401820628,-0.5845142708271513,0.0,0.0,1.0,0.0,0.0,0.0,1.0,0.0,Bali
-1.523963151091523,0.572696512815109,0.9141723968120369,-0.39943455011295015,0.0,0.0,0.0,1.0,0.0,1.0,0.0,0.0,Sydney
-1.1207591848095584,-1.4992318735017611,1.5333961401820628,-0.7579362117732977,0.0,0.0,1.0,0.0,0.0,0.0,1.0,0.0,Bali
0.6936586634592828,0.23108549691625496,1.4095513915080577,-0.5122532061321274,0.0,1.0,0.0,0.0,0.0,1.0,0.0,0.0,Rome
-0.17994993015164068,1.6075092081671434,0.9141723968120369,-0.2290196142043019,0.0,1.0,0.0,0.0,0.0,1.0,0.0,0.0,Barcelone
0.08885271403633577,-0.9342302831611844,0.17110390476800566,-0.5805803658809168,0.0,0.0,1.0,0.0,0.0,1.0,0.0,0.0,Rio de Janeiro
-1.1879598458565523,1.026386648536958,-0.3242750899280151,0.06971217559729641,0.0,0.0,0.0,1.0,0.0,1.0,0.0,0.0,Sydney
-0.045548608057652464,-0.09977820612285991,-0.819654084624036,-0.0010412327766982457,0.0,0.0,0.0,0.0,1.0,1.0,0.0,0.0,Barcelone
-0.8519565406215819,0.441425762885437,0.7903276481380317,-0.40212386139973894,0.0,0.0,0.0,0.0,1.0,0.0,1.0,0.0,Londres
0.29045469717731814,1.665084098487175,-1.438877827994062,2.7156941194358284,0.0,1.0,0.0,0.0,0.0,0.0,0.0,1.0,Tokyo
-1.1207591848095584,1.6850433937981193,-1.0673435819720463,1.2037045662184076,0.0,0.0,0.0,0.0,1.0,0.0,1.0,0.0,New York
-0.045548608057652464,0.21880285364798155,-1.1911883306460516,0.6182930443234302,0.0,0.0,0.0,0.0,1.0,1.0,0.0,0.0,Rome
0.49205668031830047,0.284054396010684,-0.20043034125400994,-0.19592453145219949,0.0,0.0,0.0,0.0,1.0,0.0,1.0,0.0,New York
-1.2551605069035465,1.6773667417554485,0.5426381507900213,-0.12452037106318346,0.0,0.0,0.0,0.0,1.0,1.0,0.0,0.0,Sydney
-1.3223611679505407,1.2421005709360096,-1.438877827994062,2.315162213510027,0.0,0.0,1.0,0.0,0.0,0.0,1.0,0.0,Sydney
1.29846461288223,-1.4623839436969408,-0.44811983860202037,-0.6402446843957034,1.0,0.0,0.0,0.0,0.0,1.0,0.0,0.0,Rio de Janeiro
-1.523963151091523,0.09904708178231585,0.17110390476800566,-0.3503610647418515,1.0,0.0,0.0,0.0,0.0,0.0,0.0,1.0,New York
-1.3223611679505407,1.2912311440091033,0.5426381507900213,-0.19764835254201674,0.0,1.0,0.0,0.0,0.0,0.0,0.0,1.0,Tokyo
-0.17994993015164068,-0.7530612949541516,0.9141723968120369,-0.6177628841739556,1.0,0.0,0.0,0.0,0.0,0.0,1.0,0.0,New York
-1.3895618289975349,1.7226589888072066,0.17110390476800566,0.011387688533871282,0.0,1.0,0.0,0.0,0.0,0.0,1.0,0.0,Tokyo
-1.3895618289975349,-0.7607379469968225,-0.6958093359500308,-0.3350359373014827,0.0,0.0,0.0,0.0,1.0,0.0,0.0,1.0,Barcelone
-1.3895618289975349,-1.6197553105716938,0.5426381507900213,-0.7489431950226049,1.0,0.0,0.0,0.0,0.0,0.0,1.0,0.0,New York
0.49205668031830047,0.607241447007128,0.04725915609400046,-0.1996110399387896,0.0,0.0,0.0,0.0,1.0,1.0,0.0,0.0,Sydney
0.9624613076472592,-1.1123286105511487,0.17110390476800566,-0.6202615530014689,0.0,0.0,0.0,1.0,0.0,1.0,0.0,0.0,Bali
1.3656652739292239,-0.059859615500971346,0.04725915609400046,-0.35753403971700404,1.0,0.0,0.0,0.0,0.0,1.0,0.0,0.0,Rio de Janeiro
0.22325403613032402,-0.6624768008506353,-1.1911883306460516,0.06195829983417959,0.0,1.0,0.0,0.0,0.0,0.0,0.0,1.0,Barcelone
-1.1207591848095584,0.28098373519361564,1.1618618941600474,-0.4786749656509357,0.0,0.0,0.0,0.0,1.0,0.0,1.0,0.0,New York
0.6936586634592828,0.6755636501868988,1.4095513915080577,-0.4498997684985061,0.0,0.0,1.0,0.0,0.0,0.0,0.0,1.0,Sydney
-0.7175552185275936,-1.5621804202516623,0.9141723968120369,-0.7510101708562371,1.0,0.0,0.0,0.0,0.0,0.0,0.0,1.0,New York
1.5672672570702064,0.8475206559427265,-1.1911883306460516,1.0151903925261274,0.0,0.0,0.0,1.0,0.0,0.0,1.0,0.0,Sydney
0.42485601927130634,0.16660161975781956,0.7903276481380317,-0.4494396349193874,0.0,0.0,0.0,1.0,0.0,1.0,0.0,0.0,Sydney
0.29045469717731814,-0.31242146770484325,-0.9434988332980412,0.0028356529417509,0.0,1.0,0.0,0.0,0.0,1.0,0.0,0.0,Rome
-1.2551605069035465,1.0432752830308338,1.4095513915080577,-0.39831549107794545,0.0,0.0,0.0,1.0,0.0,0.0,1.0,0.0,Sydney
-0.11274926910464658,-0.2763412031042901,-0.07658559258000475,-0.38020177714861586,0.0,0.0,0.0,0.0,1.0,0.0,0.0,1.0,Paris
-1.6583644731855112,-0.5726599719513861,-1.0673435819720463,-0.0179334545627462,0.0,0.0,1.0,0.0,0.0,0.0,1.0,0.0,Bali
1.29846461288223,-1.6619768968063837,0.9141723968120369,-0.7674448456842224,0.0,1.0,0.0,0.0,0.0,0.0,1.0,0.0,Londres
0.5592573413652946,1.3779773120912842,1.4095513915080577,-0.3513619525490009,0.0,0.0,0.0,1.0,0.0,0.0,1.0,0.0,New York
-1.1879598458565523,-0.8551607671216743,1.2857066428340524,-0.6579889379634076,0.0,0.0,1.0,0.0,0.0,0.0,0.0,1.0,Bali
-1.3895618289975349,-0.4168239354851672,-0.3242750899280151,-0.3507820941038994,0.0,0.0,0.0,1.0,0.0,1.0,0.0,0.0,Bali
0.22325403613032402,-0.39302631415288747,-1.1911883306460516,0.23205716334962126,0.0,0.0,1.0,0.0,0.0,1.0,0.0,0.0,Sydney
-0.5159532353866113,-1.5545037682089915,-0.9434988332980412,-0.5852412116639788,0.0,0.0,1.0,0.0,0.0,0.0,1.0,0.0,Bali
-0.2471505911986348,-1.5053731951358977,1.038017145486042,-0.7456478312748426,1.0,0.0,0.0,0.0,0.0,0.0,0.0,1.0,Tokyo
1.0296619686942534,-0.47439882580519876,-1.1911883306460516,0.18068827579225138,1.0,0.0,0.0,0.0,0.0,1.0,0.0,0.0,Rio de Janeiro
-1.5911638121385172,-1.4078797141939776,-1.5627225766680672,0.020281512251626953,0.0,0.0,0.0,1.0,0.0,1.0,0.0,0.0,Barcelone
1.432865934976218,1.578337930404994,1.1618618941600474,-0.28211625402454826,1.0,0.0,0.0,0.0,0.0,0.0,0.0,1.0,Tokyo
-0.4487525743396172,-1.051683059414049,-0.5719645872760255,-0.4808953888308684,0.0,0.0,0.0,0.0,1.0,0.0,0.0,1.0,Rome
-0.7175552185275936,0.6724929893698305,-0.20043034125400994,-0.09083291590157914,0.0,0.0,0.0,0.0,1.0,0.0,0.0,1.0,Paris
0.3576553582243122,-0.7507582993413504,-0.07658559258000475,-0.4999979118091879,1.0,0.0,0.0,0.0,0.0,0.0,0.0,1.0,Tokyo
1.29846461288223,1.2298179276677363,0.2949486534420109,-0.13947873828301494,1.0,0.0,0.0,0.0,0.0,0.0,1.0,0.0,New York
-0.5159532353866113,0.6057061165985939,-0.20043034125400994,-0.10890202766621151,0.0,1.0,0.0,0.0,0.0,0.0,1.0,0.0,Londres
-0.2471505911986348,1.4616528193563967,0.6664828994640265,-0.1973783527904049,0.0,0.0,0.0,1.0,0.0,0.0,0.0,1.0,Sydney
0.6936586634592828,1.4486025108838563,1.038017145486042,-0.27945088780976474,0.0,0.0,0.0,0.0,1.0,1.0,0.0,0.0,Rome
-1.7255651342325053,-1.1983071134290626,-1.3150330793200569,-0.16406482786547774,0.0,0.0,1.0,0.0,0.0,0.0,1.0,0.0,Rio de Janeiro
0.7608593245062769,-0.6455881663567594,1.6572408888560681,-0.6491849345119921,0.0,0.0,0.0,0.0,1.0,0.0,1.0,0.0,Londres
-1.2551605069035465,-0.12894948388500926,-0.5719645872760255,-0.16316601907971837,1.0,0.0,0.0,0.0,0.0,0.0,1.0,0.0,New York
-0.17994993015164068,-1.2727706382429702,-0.3242750899280151,-0.600170982783066,0.0,0.0,0.0,0.0,1.0,0.0,0.0,1.0,Rome
0.6264580024122887,-0.3876526577230179,-1.5627225766680672,1.3083803836769046,0.0,0.0,0.0,1.0,0.0,0.0,1.0,0.0,Barcelone
0.5592573413652946,0.6525336940588862,1.6572408888560681,-0.4796375037866065,0.0,0.0,0.0,1.0,0.0,0.0,1.0,0.0,Sydney
1.3656652739292239,-0.7845355683291023,-1.6865673253420723,1.629677772241093,0.0,1.0,0.0,0.0,0.0,0.0,0.0,1.0,Rome
0.7608593245062769,0.18579324986449677,1.6572408888560681,-0.5405983777552845,0.0,0.0,1.0,0.0,0.0,0.0,1.0,0.0,Londres
1.0296619686942534,1.1860610110245122,-0.9434988332980412,0.7123078653709131,1.0,0.0,0.0,0.0,0.0,0.0,1.0,0.0,New York
0.9624613076472592,0.014603909312936179,1.5333961401820628,-0.5531529377937765,0.0,1.0,0.0,0.0,0.0,1.0,0.0,0.0,Rome
-0.9863578627155701,-0.7814649075120339,1.6572408888560681,-0.6669317678877422,0.0,1.0,0.0,0.0,0.0,0.0,1.0,0.0,Londres
-0.17994993015164068,0.3155286693856346,-0.07658559258000475,-0.23074737614003807,1.0,0.0,0.0,0.0,0.0,1.0,0.0,0.0,Rio de Janeiro
1.5000665960232122,0.01767457013000453,0.5426381507900213,-0.43883984612727406,0.0,0.0,0.0,0.0,1.0,0.0,1.0,0.0,New York
1.5672672570702064,0.5281719309676179,0.6664828994640265,-0.3657464786826403,0.0,0.0,0.0,1.0,0.0,0.0,0.0,1.0,Sydney
-0.919157201668576,0.6026354557815254,1.6572408888560681,-0.4861547024839159,0.0,0.0,1.0,0.0,0.0,0.0,0.0,1.0,Sydney
1.0968626297412476,0.24413580538879545,1.4095513915080577,-0.510422448895907,0.0,0.0,0.0,0.0,1.0,0.0,1.0,0.0,Londres
1.432865934976218,0.18886391068156513,0.5426381507900213,-0.4064192897261213,0.0,0.0,1.0,0.0,0.0,1.0,0.0,0.0,Sydney
-1.7255651342325053,0.2280148360991866,-0.6958093359500308,0.0394723546877648,1.0,0.0,0.0,0.0,0.0,0.0,1.0,0.0,New York
0.7608593245062769,1.3695329948443462,-1.5627225766680672,3.526934421820215,0.0,0.0,0.0,1.0,0.0,1.0,0.0,0.0,Barcelone
-0.9863578627155701,-1.0470770681884463,1.1618618941600474,-0.6798859544755808,0.0,0.0,1.0,0.0,0.0,0.0,0.0,1.0,Sydney
0.08885271403633577,-0.13816146633621432,0.6664828994640265,-0.4859303053886111,0.0,0.0,0.0,1.0,0.0,0.0,0.0,1.0,Sydney
0.3576553582243122,1.5261366965148322,0.41879340211601607,-0.11714406510638731,1.0,0.0,0.0,0.0,0.0,1.0,0.0,0.0,Tokyo
0.3576553582243122,0.004624261657464036,-0.9434988332980412,0.15294427165755217,1.0,0.0,0.0,0.0,0.0,0.0,0.0,1.0,New York
-1.3895618289975349,0.06757280840736524,1.1618618941600474,-0.5110082921788266,0.0,0.0,0.0,1.0,0.0,1.0,0.0,0.0,Sydney
0.3576553582243122,0.555040213116966,1.1618618941600474,-0.4371533916564858,0.0,0.0,0.0,0.0,1.0,0.0,1.0,0.0,Londres
0.29045469717731814,1.4731677974204032,-1.0673435819720463,1.0890591756248686,0.0,0.0,1.0,0.0,0.0,1.0,0.0,0.0,Sydney
0.08885271403633577,0.4222341327787598,0.41879340211601607,-0.3372090166389406,0.0,0.0,0.0,0.0,1.0,0.0,1.0,0.0,Londres
-0.4487525743396172,-0.40530895742116085,-1.5627225766680672,1.2860882286409514,1.0,0.0,0.0,0.0,0.0,1.0,0.0,0.0,Rio de Janeiro
-0.17994993015164068,0.33088197347097636,1.1618618941600474,-0.4711150152037669,0.0,0.0,0.0,0.0,1.0,0.0,0.0,1.0,New York
-1.3895618289975349,1.602903216941541,1.6572408888560681,-0.35550993475169973,0.0,0.0,0.0,0.0,1.0,1.0,0.0,0.0,Barcelone
0.5592573413652946,-0.2272106300311965,0.9141723968120369,-0.5311647898880327,0.0,1.0,0.0,0.0,0.0,1.0,0.0,0.0,Rome
1.29846461288223,1.0755172216100517,-1.0673435819720463,0.8738913773369943,0.0,0.0,0.0,0.0,1.0,1.0,0.0,0.0,Rome
1.0968626297412476,1.3703006600486134,0.41879340211601607,-0.14821025784707464,0.0,0.0,0.0,0.0,1.0,0.0,1.0,0.0,New York
-1.523963151091523,-0.7883738943504377,-0.819654084624036,-0.29083931264363766,0.0,0.0,1.0,0.0,0.0,0.0,1.0,0.0,Rio de Janeiro
-1.6583644731855112,0.11593571627619177,0.41879340211601607,-0.39827015409477423,1.0,0.0,0.0,0.0,0.0,0.0,1.0,0.0,New York
1.7016685791641946,-1.4700605957396118,0.6664828994640265,-0.726159498170707,0.0,1.0,0.0,0.0,0.0,1.0,0.0,0.0,Le Caire
0.08885271403633577,-1.0263501076732349,-1.3150330793200569,-0.03380108715646015,0.0,1.0,0.0,0.0,0.0,1.0,0.0,0.0,Rome
1.3656652739292239,-0.9104326618289047,0.9141723968120369,-0.6436791021719326,0.0,1.0,0.0,0.0,0.0,0.0,1.0,0.0,Londres
-0.5159532353866113,-0.02915300733028783,1.1618618941600474,-0.5256629653533383,0.0,0.0,0.0,0.0,1.0,0.0,0.0,1.0,Sydney
-1.3895618289975349,1.4593498237435956,-1.6865673253420723,5.87924027072593,0.0,0.0,1.0,0.0,0.0,0.0,1.0,0.0,Sydney
-1.3223611679505407,-0.38918798813155203,-1.3150330793200569,0.44887259493498916,1.0,0.0,0.0,0.0,0.0,0.0,0.0,1.0,New York
-0.5159532353866113,1.7226589888072066,0.04725915609400046,0.06444203103675183,0.0,1.0,0.0,0.0,0.0,1.0,0.0,0.0,Tokyo
-0.6503545574805996,0.03916919584948299,1.6572408888560681,-0.5597489154658396,0.0,0.0,1.0,0.0,0.0,0.0,1.0,0.0,Sydney
-0.8519565406215819,1.5238337009020309,1.6572408888560681,-0.36583718807205134,0.0,0.0,1.0,0.0,0.0,1.0,0.0,0.0,Sydney
0.42485601927130634,-0.6993247306554555,0.41879340211601607,-0.560793783112557,0.0,1.0,0.0,0.0,0.0,0.0,1.0,0.0,Londres
-0.5831538964336054,1.577570265200727,-0.9434988332980412,0.8976720192330406,1.0,0.0,0.0,0.0,0.0,0.0,1.0,0.0,New York
-0.7175552185275936,-0.4344802351833102,1.038017145486042,-0.5766393239635682,0.0,0.0,1.0,0.0,0.0,0.0,0.0,1.0,Sydney
-0.7847558795745877,0.3899921941995421,-0.3242750899280151,-0.11570790396775218,0.0,0.0,0.0,0.0,1.0,0.0,1.0,0.0,Londres
0.9624613076472592,1.533813348557503,0.6664828994640265,-0.18436305358491953,1.0,0.0,0.0,0.0,0.0,1.0,0.0,0.0,New York
-0.7847558795745877,-0.29322983759816607,0.9141723968120369,-0.5420369593896232,1.0,0.0,0.0,0.0,0.0,0.0,1.0,0.0,New York
-0.38155191329262306,-0.46288384774119246,1.6572408888560681,-0.6253219608203058,0.0,0.0,0.0,1.0,0.0,0.0,0.0,1.0,Barcelone
0.42485601927130634,-0.2080189999245193,-0.9434988332980412,0.05226609397165148,0.0,0.0,1.0,0.0,0.0,1.0,0.0,0.0,Sydney
1.3656652739292239,0.703199597540514,-0.5719645872760255,0.12337194831649351,0.0,0.0,1.0,0.0,0.0,0.0,1.0,0.0,Sydney
1.5000665960232122,1.122344799070344,0.6664828994640265,-0.258577951182155,0.0,0.0,0.0,1.0,0.0,0.0,1.0,0.0,Sydney
0.8280599855532711,-0.10899018857406496,-0.5719645872760255,-0.1562933372049015,0.0,1.0,0.0,0.0,0.0,0.0,1.0,0.0,Londres
-1.0535585237625642,-0.4298742439577077,-0.20043034125400994,-0.3890771054879248,0.0,0.0,0.0,1.0,0.0,0.0,0.0,1.0,Sydney
-0.17994993015164068,-1.4593132828798725,-1.6865673253420723,0.3517559671886904,0.0,0.0,0.0,1.0,0.0,0.0,0.0,1.0,Barcelone
-0.6503545574805996,-0.18805970461357502,1.038017145486042,-0.5377491943241997,0.0,0.0,0.0,1.0,0.0,1.0,0.0,0.0,Sydney
-1.5911638121385172,-1.3894557492915676,-0.819654084624036,-0.5438068673100964,1.0,0.0,0.0,0.0,0.0,1.0,0.0,0.0,Rio de Janeiro
0.8952606466002652,0.6302714031351406,0.04725915609400046,-0.1941591527197488,0.0,0.0,0.0,1.0,0.0,1.0,0.0,0.0,Sydney
1.5000665960232122,-1.3257395373373992,0.5426381507900213,-0.6932612528627775,1.0,0.0,0.0,0.0,0.0,0.0,1.0,0.0,New York
1.6344679181172004,0.8398440039000556,-0.20043034125400994,-0.04555629102008649,0.0,0.0,0.0,1.0,0.0,1.0,0.0,0.0,Sydney
0.9624613076472592,-0.6594061400335669,0.17110390476800566,-0.5193481892035131,0.0,0.0,0.0,1.0,0.0,1.0,0.0,0.0,Bali
0.22325403613032402,0.7300678796898621,0.17110390476800566,-0.20976651382334366,1.0,0.0,0.0,0.0,0.0,1.0,0.0,0.0,Tokyo
-1.0535585237625642,-0.7776265814906985,-0.819654084624036,-0.28631626568919266,0.0,1.0,0.0,0.0,0.0,0.0,1.0,0.0,Londres
-0.9863578627155701,1.2298179276677363,-0.9434988332980412,0.7330250355084451,1.0,0.0,0.0,0.0,0.0,1.0,0.0,0.0,Rio de Janeiro
1.3656652739292239,-1.6166846497546254,0.04725915609400046,-0.7260816157241602,0.0,0.0,0.0,1.0,0.0,1.0,0.0,0.0,Bali
-0.2471505911986348,-1.3994353969470397,1.1618618941600474,-0.7332708353255878,0.0,0.0,1.0,0.0,0.0,0.0,0.0,1.0,Sydney
1.2312639518352357,-0.31011847209204196,-0.07658559258000475,-0.3887309517846436,0.0,0.0,0.0,0.0,1.0,0.0,1.0,0.0,Londres
-0.11274926910464658,-1.104651958508478,1.4095513915080577,-0.6996365938393833,0.0,0.0,0.0,1.0,0.0,1.0,0.0,0.0,Rio de Janeiro
-1.3223611679505407,-0.8682110755942148,-0.3242750899280151,-0.4822983869678904,0.0,1.0,0.0,0.0,0.0,0.0,0.0,1.0,Barcelone
-0.919157201668576,-1.1345909014748943,0.5426381507900213,-0.6570607212758401,0.0,0.0,1.0,0.0,0.0,1.0,0.0,0.0,Bali
-0.11274926910464658,-0.7684145990394934,1.2857066428340524,-0.6453517426698524,0.0,1.0,0.0,0.0,0.0,0.0,0.0,1.0,Londres
-0.9863578627155701,1.2259796016464009,0.17110390476800566,-0.09927493244456494,1.0,0.0,0.0,0.0,0.0,0.0,1.0,0.0,New York
-1.2551605069035465,-1.1253789190236894,-0.44811983860202037,-0.5338723093158433,0.0,0.0,0.0,0.0,1.0,1.0,0.0,0.0,Rome
-0.38155191329262306,-1.5921193632180788,0.6664828994640265,-0.7481747383161556,0.0,1.0,0.0,0.0,0.0,1.0,0.0,0.0,Barcelone
-0.4487525743396172,-0.9956434995025515,1.6572408888560681,-0.6949055899885006,1.0,0.0,0.0,0.0,0.0,1.0,0.0,0.0,Rio de Janeiro
0.5592573413652946,-1.4247683486878535,0.2949486534420109,-0.6980750681900963,0.0,0.0,0.0,1.0,0.0,1.0,0.0,0.0,Bali
1.5000665960232122,0.4736677014646547,-0.6958093359500308,0.13251789307018647,0.0,0.0,1.0,0.0,0.0,1.0,0.0,0.0,Sydney
1.0296619686942534,-1.401738392559841,-0.819654084624036,-0.5489760638294622,1.0,0.0,0.0,0.0,0.0,0.0,1.0,0.0,New York
-1.2551605069035465,0.47750602748599014,-0.819654084624036,0.24191100363348947,0.0,1.0,0.0,0.0,0.0,0.0,0.0,1.0,Londres
-1.523963151091523,-1.1292172450450246,-0.07658559258000475,-0.5955634367083174,0.0,0.0,1.0,0.0,0.0,1.0,0.0,0.0,Rio de Janeiro
-1.1207591848095584,0.27023642233387646,-1.5627225766680672,2.1390054647991485,0.0,0.0,0.0,0.0,1.0,1.0,0.0,0.0,Rome
1.7016685791641946,0.44449642370250536,-0.44811983860202037,-0.03835634795294139,0.0,0.0,0.0,1.0,0.0,0.0,1.0,0.0,Sydney
-0.2471505911986348,-0.6095079017562063,1.5333961401820628,-0.6375793078471997,0.0,0.0,0.0,0.0,1.0,1.0,0.0,0.0,Rome
-0.4487525743396172,-0.01456736844921316,1.5333961401820628,-0.5570990657913535,0.0,0.0,0.0,0.0,1.0,1.0,0.0,0.0,Barcelone
1.2312639518352357,1.227514932054935,0.9141723968120369,-0.29159779912624617,1.0,0.0,0.0,0.0,0.0,1.0,0.0,0.0,Rio de Janeiro
-0.4487525743396172,-1.5545037682089915,0.17110390476800566,-0.7187803624042188,1.0,0.0,0.0,0.0,0.0,1.0,0.0,0.0,Rio de Janeiro
0.6936586634592828,0.6463923724247495,0.41879340211601607,-0.2925226704306613,0.0,1.0,0.0,0.0,0.0,0.0,0.0,1.0,Paris
1.432865934976218,-1.1591561880114412,-1.1911883306460516,-0.25158575912448333,1.0,0.0,0.0,0.0,0.0,1.0,0.0,0.0,Rio de Janeiro
1.432865934976218,-0.5381150377593671,0.17110390476800566,-0.4923239324576198,1.0,0.0,0.0,0.0,0.0,1.0,0.0,0.0,Rio de Janeiro
0.8280599855532711,-1.2405286996637526,-1.0673435819720463,-0.3793156640423803,0.0,0.0,0.0,0.0,1.0,0.0,0.0,1.0,Rome
1.0968626297412476,0.974185414646796,0.9141723968120369,-0.33331658907420897,1.0,0.0,0.0,0.0,0.0,0.0,1.0,0.0,New York
1.3656652739292239,1.306584448094445,-0.5719645872760255,0.3311384080705732,0.0,0.0,0.0,1.0,0.0,1.0,0.0,0.0,Sydney
0.8280599855532711,1.5606816307068512,-0.44811983860202037,0.3139567121065495,0.0,1.0,0.0,0.0,0.0,0.0,1.0,0.0,Londres
0.9624613076472592,1.2259796016464009,1.2857066428340524,-0.3548080845047497,1.0,0.0,0.0,0.0,0.0,0.0,0.0,1.0,Tokyo
0.3576553582243122,1.1960406586799843,0.04725915609400046,-0.06022445670531386,0.0,0.0,1.0,0.0,0.0,0.0,0.0,1.0,Sydney
0.8952606466002652,0.18502558466022967,0.9141723968120369,-0.46327694079089327,0.0,1.0,0.0,0.0,0.0,0.0,0.0,1.0,Londres
0.29045469717731814,-1.0655010330908565,1.038017145486042,-0.6762271325727922,0.0,1.0,0.0,0.0,0.0,0.0,1.0,0.0,Londres
0.6936586634592828,-0.7361726604602757,1.4095513915080577,-0.647944624816692,0.0,0.0,0.0,0.0,1.0,1.0,0.0,0.0,Rome
-0.7175552185275936,0.781501448375757,-0.44811983860202037,0.06801602712691869,0.0,0.0,0.0,0.0,1.0,1.0,0.0,0.0,Sydney
0.8280599855532711,0.2479741314101309,1.038017145486042,-0.4689342608813296,0.0,0.0,0.0,0.0,1.0,0.0,0.0,1.0,Rome
-1.5911638121385172,0.6279684075223394,1.2857066428340524,-0.44192644851961305,0.0,0.0,0.0,1.0,0.0,1.0,0.0,0.0,Sydney
1.7016685791641946,-1.569089407090066,0.7903276481380317,-0.7482691430979491,0.0,0.0,0.0,1.0,0.0,0.0,0.0,1.0,Sydney
-0.9863578627155701,1.5460959918257764,-0.44811983860202037,0.30935289632860574,0.0,1.0,0.0,0.0,0.0,1.0,0.0,0.0,Rome
1.432865934976218,-0.8628374191643452,0.6664828994640265,-0.6166371399628466,0.0,1.0,0.0,0.0,0.0,0.0,0.0,1.0,Rome
-1.7255651342325053,-0.4552071956985216,-0.819654084624036,-0.1506248570558432,0.0,0.0,1.0,0.0,0.0,0.0,0.0,1.0,Rio de Janeiro
0.9624613076472592,-0.152747105217289,0.04725915609400046,-0.3795233181671351,0.0,0.0,0.0,1.0,0.0,0.0,1.0,0.0,Rio de Janeiro
-0.5159532353866113,-1.166065174849845,-0.20043034125400994,-0.5882527167785275,0.0,0.0,0.0,1.0,0.0,1.0,0.0,0.0,Rio de Janeiro
-0.045548608057652464,0.4360521064555674,-1.0673435819720463,0.5278782963064943,1.0,0.0,0.0,0.0,0.0,1.0,0.0,0.0,Rio de Janeiro
-1.1879598458565523,0.336255629900846,-0.819654084624036,0.1824652436607839,0.0,0.0,1.0,0.0,0.0,1.0,0.0,0.0,Sydney
-1.0535585237625642,1.5384193397831056,0.2949486534420109,-0.07454070340081519,0.0,0.0,0.0,1.0,0.0,0.0,1.0,0.0,Bali
0.22325403613032402,1.6136505298012802,-0.07658559258000475,0.09704431271275692,0.0,0.0,0.0,0.0,1.0,0.0,1.0,0.0,New York
0.49205668031830047,-1.5829073807668737,1.1618618941600474,-0.7610681915851775,0.0,0.0,0.0,0.0,1.0,0.0,0.0,1.0,Rome
-1.4567624900445288,0.10518840341645254,-1.6865673253420723,3.31467364488698,0.0,0.0,0.0,0.0,1.0,1.0,0.0,0.0,Sydney
1.1640632907882416,-1.044006407371378,-1.438877827994062,0.15039993429580603,0.0,1.0,0.0,0.0,0.0,1.0,0.0,0.0,Rome
1.7016685791641946,1.7303356408498776,-0.6958093359500308,0.6085039753577627,0.0,0.0,0.0,0.0,1.0,0.0,0.0,1.0,New York
0.7608593245062769,-0.8106361852741832,-1.3150330793200569,0.12961012328654867,1.0,0.0,0.0,0.0,0.0,0.0,1.0,0.0,New York
-0.5831538964336054,0.6057061165985939,0.41879340211601607,-0.30063354833832845,0.0,0.0,0.0,0.0,1.0,1.0,0.0,0.0,Sydney
0.5592573413652946,1.2083233019482578,0.41879340211601607,-0.180500734045523,1.0,0.0,0.0,0.0,0.0,1.0,0.0,0.0,Tokyo
-1.1207591848095584,1.1968083238842515,1.038017145486042,-0.3191890888119855,0.0,0.0,1.0,0.0,0.0,1.0,0.0,0.0,Sydney
1.6344679181172004,-0.9112003270331718,-0.819654084624036,-0.34253127783729465,0.0,1.0,0.0,0.0,0.0,0.0,1.0,0.0,Londres
-0.31435125224562893,-1.1100256149383476,0.2949486534420109,-0.6318447341062609,0.0,0.0,0.0,1.0,0.0,0.0,1.0,0.0,Bali
-0.6503545574805996,-1.0808543371761983,1.5333961401820628,-0.7013404286501542,0.0,0.0,0.0,0.0,1.0,0.0,1.0,0.0,New York
1.0968626297412476,0.30094303050455995,1.6572408888560681,-0.5255586884538014,0.0,0.0,0.0,1.0,0.0,1.0,0.0,0.0,Sydney
-0.919157201668576,-0.39379397935715454,-1.1911883306460516,0.2315725512028536,0.0,1.0,0.0,0.0,0.0,0.0,1.0,0.0,Londres
-1.0535585237625642,1.3449677083077993,0.5426381507900213,-0.18747149627259663,0.0,1.0,0.0,0.0,0.0,0.0,0.0,1.0,Tokyo
-1.3223611679505407,-1.289659272736846,-1.6865673253420723,0.673053713396405,1.0,0.0,0.0,0.0,0.0,0.0,0.0,1.0,New York
-1.5911638121385172,0.9795590710766656,-0.3242750899280151,0.05606847854848092,1.0,0.0,0.0,0.0,0.0,1.0,0.0,0.0,Rio de Janeiro
0.08885271403633577,-0.7476876385242821,-0.5719645872760255,-0.3762191571990419,0.0,0.0,0.0,0.0,1.0,0.0,1.0,0.0,Londres
0.42485601927130634,-0.8267571545637921,1.6572408888560681,-0.6728473790129922,0.0,1.0,0.0,0.0,0.0,0.0,0.0,1.0,Barcelone
-1.5911638121385172,1.1108298210063376,-0.07658559258000475,-0.029924082437202,0.0,0.0,1.0,0.0,0.0,0.0,1.0,0.0,Sydney
0.22325403613032402,0.28866038723628656,0.6664828994640265,-0.4089461951944639,0.0,0.0,0.0,1.0,0.0,1.0,0.0,0.0,Sydney
0.22325403613032402,0.7423505229581354,-0.07658559258000475,-0.12296962392114152,0.0,0.0,0.0,0.0,1.0,1.0,0.0,0.0,Sydney
0.6936586634592828,0.34469994714778396,-0.9434988332980412,0.31395666412994905,0.0,0.0,0.0,0.0,1.0,1.0,0.0,0.0,Rome
1.3656652739292239,0.5581108739340344,0.5426381507900213,-0.3364897487891058,0.0,0.0,0.0,1.0,0.0,0.0,0.0,1.0,Sydney
-1.3895618289975349,-1.2052161002674664,-0.3242750899280151,-0.5804882722864143,0.0,0.0,0.0,0.0,1.0,0.0,1.0,0.0,New York
-1.1879598458565523,0.36389157725446114,0.04725915609400046,-0.2572193148866537,1.0,0.0,0.0,0.0,0.0,1.0,0.0,0.0,Rio de Janeiro
0.42485601927130634,-0.3270071065859179,0.5426381507900213,-0.5041171099125547,0.0,0.0,0.0,1.0,0.0,1.0,0.0,0.0,Sydney
0.5592573413652946,1.0678405695673807,-1.0673435819720463,0.8697375588372285,0.0,0.0,0.0,0.0,1.0,0.0,1.0,0.0,New York
1.432865934976218,1.725729649624275,-1.0673435819720463,1.2257198042671669,0.0,0.0,0.0,1.0,0.0,1.0,0.0,0.0,Rio de Janeiro
0.08885271403633577,0.35851792082459155,1.1618618941600474,-0.466927965725335,0.0,0.0,0.0,0.0,1.0,0.0,1.0,0.0,New York
-0.38155191329262306,0.9342668240249075,-1.3150330793200569,1.4514381707490356,0.0,0.0,0.0,0.0,1.0,0.0,1.0,0.0,Londres
1.0296619686942534,1.4171282375089056,-0.20043034125400994,0.11062729572708056,0.0,0.0,0.0,0.0,1.0,1.0,0.0,0.0,Rome
-1.1879598458565523,0.5696258519980407,-1.5627225766680672,2.51700287627835,0.0,0.0,0.0,0.0,1.0,0.0,1.0,0.0,New York
1.29846461288223,1.4578144933350614,-0.07658559258000475,0.057693802460174255,0.0,0.0,1.0,0.0,0.0,0.0,0.0,1.0,Sydney
0.29045469717731814,-1.2466700212978892,-0.5719645872760255,-0.5480362040694642,0.0,1.0,0.0,0.0,0.0,1.0,0.0,0.0,Le Caire
0.5592573413652946,0.7147145756045203,-0.9434988332980412,0.4891439624859205,0.0,1.0,0.0,0.0,0.0,1.0,0.0,0.0,Le Caire
0.7608593245062769,1.419431233121707,0.5426381507900213,-0.17336928115640018,1.0,0.0,0.0,0.0,0.0,0.0,0.0,1.0,New York
0.1560533750833299,0.2280148360991866,-0.6958093359500308,0.0394723546877648,0.0,0.0,0.0,0.0,1.0,1.0,0.0,0.0,Rome
1.0296619686942534,-0.6471234967652936,1.6572408888560681,-0.6493854637026787,1.0,0.0,0.0,0.0,0.0,0.0,1.0,0.0,New York
0.1560533750833299,0.9872357231193365,-0.20043034125400994,-0.005679630574001322,0.0,0.0,1.0,0.0,0.0,0.0,0.0,1.0,Sydney
-0.31435125224562893,-0.6133462277775417,0.9141723968120369,-0.5947543394147762,0.0,0.0,1.0,0.0,0.0,1.0,0.0,0.0,Rio de Janeiro
-1.0535585237625642,-1.3441635022398093,-0.5719645872760255,-0.581606611688762,0.0,0.0,1.0,0.0,0.0,0.0,0.0,1.0,Sydney
-0.5159532353866113,1.2743425095152274,0.17110390476800566,-0.08849943766613919,0.0,0.0,1.0,0.0,0.0,0.0,0.0,1.0,Sydney
-1.1879598458565523,0.16736928496208667,0.41879340211601607,-0.38801678013602525,0.0,0.0,0.0,1.0,0.0,0.0,1.0,0.0,Sydney
-0.6503545574805996,0.8551973079853974,0.5426381507900213,-0.2802262719853116,0.0,0.0,0.0,0.0,1.0,1.0,0.0,0.0,Sydney
-1.3895618289975349,-0.1504441096044877,-0.20043034125400994,-0.3134776033922215,0.0,0.0,0.0,1.0,0.0,1.0,0.0,0.0,Sydney
0.3576553582243122,-1.5299384816724446,0.04725915609400046,-0.7055461738657733,0.0,0.0,1.0,0.0,0.0,0.0,1.0,0.0,Bali
-1.7255651342325053,-1.4324450007305245,0.7903276481380317,-0.7247434233032637,0.0,1.0,0.0,0.0,0.0,0.0,0.0,1.0,Barcelone
1.29846461288223,1.3772096468870172,-1.6865673253420723,5.723679823466991,0.0,0.0,1.0,0.0,0.0,1.0,0.0,0.0,Bali
-0.8519565406215819,0.31936699540697006,-1.438877827994062,1.441406585700929,0.0,0.0,0.0,1.0,0.0,0.0,1.0,0.0,Sydney
0.9624613076472592,-0.720819356374934,-1.1911883306460516,0.025127776679839023,0.0,0.0,1.0,0.0,0.0,1.0,0.0,0.0,Rio de Janeiro
1.5672672570702064,-1.59442235883088,-0.5719645872760255,-0.6677794690422353,0.0,0.0,0.0,0.0,1.0,0.0,0.0,1.0,Londres
1.29846461288223,1.0302249745582934,-0.6958093359500308,0.3433241909678607,0.0,0.0,0.0,0.0,1.0,0.0,0.0,1.0,Sydney
-0.17994993015164068,1.0125686748601503,0.2949486534420109,-0.18519382254088193,0.0,0.0,0.0,1.0,0.0,0.0,1.0,0.0,Sydney
-0.045548608057652464,1.33959405187793,-0.3242750899280151,0.16096837880904522,0.0,0.0,0.0,1.0,0.0,1.0,0.0,0.0,Sydney
0.29045469717731814,-1.3894557492915676,1.1618618941600474,-0.731758845236154,0.0,1.0,0.0,0.0,0.0,0.0,0.0,1.0,Barcelone
1.5672672570702064,1.2697365182896247,1.5333961401820628,-0.3833655884243458,0.0,0.0,0.0,0.0,1.0,0.0,1.0,0.0,New York
-1.3223611679505407,0.12591536393166392,0.9141723968120369,-0.47301132511208466,0.0,0.0,0.0,1.0,0.0,0.0,1.0,0.0,Sydney
0.5592573413652946,-0.04143565059856123,0.41879340211601607,-0.4296424176999018,1.0,0.0,0.0,0.0,0.0,0.0,1.0,0.0,New York
1.5672672570702064,1.3004431264603082,0.5426381507900213,-0.19590374861011614,0.0,0.0,0.0,0.0,1.0,1.0,0.0,0.0,Sydney
0.5592573413652946,0.432213780434232,1.038017145486042,-0.43985752844068027,0.0,0.0,0.0,0.0,1.0,0.0,1.0,0.0,Londres
-0.919157201668576,-0.15581776603435732,0.04725915609400046,-0.38025023646300726,0.0,0.0,1.0,0.0,0.0,0.0,0.0,1.0,Sydney
-0.2471505911986348,1.6435894727676965,1.2857066428340524,-0.2939706133570146,0.0,0.0,0.0,0.0,1.0,0.0,1.0,0.0,New York
-0.38155191329262306,-1.2359227084381499,1.038017145486042,-0.7031231100803929,0.0,0.0,1.0,0.0,0.0,0.0,0.0,1.0,Sydney
0.08885271403633577,-0.10899018857406496,-1.3150330793200569,0.6611327081438796,0.0,0.0,0.0,0.0,1.0,0.0,0.0,1.0,Rome
0.9624613076472592,-1.5568067638217926,0.41879340211601607,-0.7317343609024471,0.0,1.0,0.0,0.0,0.0,0.0,1.0,0.0,Londres
0.08885271403633577,0.4897886707542636,1.1618618941600474,-0.4470394807027834,1.0,0.0,0.0,0.0,0.0,1.0,0.0,0.0,Rio de Janeiro
-1.1207591848095584,-0.5726599719513861,-0.20043034125400994,-0.4277076202950698,0.0,0.0,0.0,1.0,0.0,1.0,0.0,0.0,Bali
-1.3895618289975349,-0.43064190916197476,1.6572408888560681,-0.6211108478158904,0.0,1.0,0.0,0.0,0.0,1.0,0.0,0.0,Barcelone
-0.919157201668576,1.5299750225361677,0.41879340211601607,-0.11637888794528668,1.0,0.0,0.0,0.0,0.0,0.0,1.0,0.0,New York
-1.2551605069035465,0.336255629900846,0.17110390476800566,-0.2975098284476679,0.0,0.0,0.0,0.0,1.0,0.0,1.0,0.0,New York
0.08885271403633577,0.3807802117483371,0.04725915609400046,-0.2532212642593572,0.0,0.0,1.0,0.0,0.0,0.0,0.0,1.0,Sydney
-0.17994993015164068,1.5537726438684474,-0.3242750899280151,0.2233715177700205,1.0,0.0,0.0,0.0,0.0,1.0,0.0,0.0,Rio de Janeiro
0.49205668031830047,-0.2256752996226623,-1.3150330793200569,0.5727394555199034,0.0,1.0,0.0,0.0,0.0,1.0,0.0,0.0,Rome
0.29045469717731814,-1.1867921353650563,0.04725915609400046,-0.6243130543020657,1.0,0.0,0.0,0.0,0.0,1.0,0.0,0.0,Rio de Janeiro
1.7016685791641946,-1.472363591352413,1.038017145486042,-0.7404382500458929,0.0,1.0,0.0,0.0,0.0,1.0,0.0,0.0,Le Caire
0.5592573413652946,-1.0754806807463286,0.6664828994640265,-0.6549907344300746,0.0,0.0,0.0,0.0,1.0,0.0,1.0,0.0,Londres
-0.7847558795745877,-1.0946723108530059,-0.3242750899280151,-0.5482802005646206,0.0,0.0,1.0,0.0,0.0,0.0,0.0,1.0,Sydney
0.3576553582243122,0.17888426302609298,0.5426381507900213,-0.4083092773190136,0.0,0.0,0.0,1.0,0.0,0.0,0.0,1.0,Sydney
-0.8519565406215819,-1.1683681704626463,-1.5627225766680672,0.32267944143498783,0.0,0.0,0.0,0.0,1.0,0.0,1.0,0.0,Londres
0.22325403613032402,1.0601639175247097,1.4095513915080577,-0.3959462758310721,0.0,0.0,0.0,0.0,1.0,0.0,0.0,1.0,Tokyo
-1.3895618289975349,0.6978259411106443,-0.3242750899280151,-0.02601737090914605,1.0,0.0,0.0,0.0,0.0,0.0,0.0,1.0,Tokyo
0.6936586634592828,0.012300913700134914,1.5333961401820628,-0.5534644742146377,0.0,0.0,1.0,0.0,0.0,1.0,0.0,0.0,Sydney
-1.5911638121385172,-1.5752307287242027,1.4095513915080577,-0.7656515459454453,0.0,0.0,0.0,0.0,1.0,1.0,0.0,0.0,Barcelone
0.8952606466002652,-0.861302088755811,1.5333961401820628,-0.6716406231947063,0.0,0.0,0.0,1.0,0.0,0.0,1.0,0.0,Rio de Janeiro
-1.3223611679505407,1.665851763691442,0.41879340211601607,-0.08929161644232292,0.0,0.0,0.0,0.0,1.0,1.0,0.0,0.0,Sydney
-0.4487525743396172,-1.1261465842279563,-1.0673435819720463,-0.3174237683958682,1.0,0.0,0.0,0.0,0.0,1.0,0.0,0.0,Rio de Janeiro
-1.5911638121385172,-0.6194875494116784,-0.9434988332980412,-0.14254799714619215,0.0,0.0,1.0,0.0,0.0,1.0,0.0,0.0,Rio de Janeiro
0.42485601927130634,-1.1975394482247956,-1.3150330793200569,-0.16348329330874103,1.0,0.0,0.0,0.0,0.0,0.0,0.0,1.0,New York
1.3656652739292239,-0.4529042000857203,-1.3150330793200569,0.4006052267258443,0.0,1.0,0.0,0.0,0.0,0.0,1.0,0.0,Londres
0.42485601927130634,-0.6402145099268898,-0.9434988332980412,-0.15236139352712832,0.0,0.0,0.0,0.0,1.0,0.0,1.0,0.0,Londres
-0.7175552185275936,1.5729642739751246,1.5333961401820628,-0.34234662634426927,0.0,0.0,0.0,0.0,1.0,0.0,0.0,1.0,New York
0.6264580024122887,0.6172210946626001,-0.9434988332980412,0.4429846535829986,0.0,0.0,1.0,0.0,0.0,0.0,1.0,0.0,Londres
-1.2551605069035465,1.1077591601892693,1.6572408888560681,-0.42018059874807684,0.0,1.0,0.0,0.0,0.0,1.0,0.0,0.0,Barcelone
0.6936586634592828,-0.2149279867629231,-1.6865673253420723,2.708424051363826,0.0,0.0,0.0,0.0,1.0,0.0,1.0,0.0,Londres
-0.6503545574805996,-1.6312702886357002,-0.20043034125400994,-0.7141134263114839,0.0,0.0,1.0,0.0,0.0,1.0,0.0,0.0,Bali
1.5000665960232122,1.3526443603504703,-0.5719645872760255,0.3469984431663045,1.0,0.0,0.0,0.0,0.0,0.0,1.0,0.0,New York
0.08885271403633577,-0.6501941575823619,-0.44811983860202037,-0.3838848373923048,0.0,0.0,0.0,0.0,1.0,0.0,0.0,1.0,Paris
0.8280599855532711,1.5476313222343105,1.5333961401820628,-0.345773526973744,1.0,0.0,0.0,0.0,0.0,1.0,0.0,0.0,Rio de Janeiro
-0.31435125224562893,-0.8996853489691654,-0.9434988332980412,-0.2752105778514402,0.0,0.0,0.0,1.0,0.0,0.0,1.0,0.0,Barcelone
0.49205668031830047,0.694755280293576,0.04725915609400046,-0.17889386850643468,0.0,0.0,0.0,0.0,1.0,0.0,0.0,1.0,Paris
-1.523963151091523,0.09137042973964496,1.038017145486042,-0.4936494834558815,0.0,0.0,0.0,1.0,0.0,1.0,0.0,0.0,Sydney
0.29045469717731814,1.5499343178471119,0.04725915609400046,0.023552876893945987,1.0,0.0,0.0,0.0,0.0,0.0,1.0,0.0,New York
0.1560533750833299,1.7042350239047965,-0.6958093359500308,0.5986178869046304,0.0,0.0,0.0,0.0,1.0,0.0,0.0,1.0,New York
0.6264580024122887,-0.25024058615920913,1.6572408888560681,-0.5975486679102338,0.0,0.0,1.0,0.0,0.0,1.0,0.0,0.0,Rio de Janeiro
0.021652052989341655,0.8183493781805772,-0.6958093359500308,0.26307241411302196,0.0,0.0,0.0,1.0,0.0,0.0,1.0,0.0,Sydney
1.0968626297412476,0.6141504338455318,-0.20043034125400994,-0.10661742732815449,1.0,0.0,0.0,0.0,0.0,1.0,0.0,0.0,Rio de Janeiro
1.0968626297412476,1.3825833033168868,0.7903276481380317,-0.2400871621397139,0.0,0.0,0.0,1.0,0.0,0.0,1.0,0.0,Sydney
-1.1879598458565523,1.7410829537096169,-0.819654084624036,0.7736920955632353,0.0,1.0,0.0,0.0,0.0,1.0,0.0,0.0,Rome
-1.3895618289975349,0.35928558602885863,1.038017145486042,-0.451367068365104,0.0,0.0,0.0,1.0,0.0,1.0,0.0,0.0,Sydney
-1.1207591848095584,0.7308355448941292,0.5426381507900213,-0.3037784250659696,0.0,0.0,0.0,1.0,0.0,0.0,0.0,1.0,Sydney
-1.3895618289975349,1.1208094686618097,0.41879340211601607,-0.1979467733186183,0.0,0.0,0.0,1.0,0.0,0.0,1.0,0.0,Sydney
1.0968626297412476,0.4867180099371952,-0.07658559258000475,-0.1875199683256245,0.0,0.0,0.0,1.0,0.0,0.0,0.0,1.0,Sydney
-1.5911638121385172,1.7126793411517345,1.5333961401820628,-0.323446750145348,0.0,0.0,0.0,1.0,0.0,0.0,0.0,1.0,Sydney
-1.3895618289975349,-1.2743059686515044,1.1618618941600474,-0.7143128057426876,0.0,0.0,0.0,0.0,1.0,1.0,0.0,0.0,Barcelone
-1.1207591848095584,0.3347202994923118,1.5333961401820628,-0.5098493752940501,1.0,0.0,0.0,0.0,0.0,1.0,0.0,0.0,Rio de Janeiro
0.49205668031830047,1.5453283266215094,0.04725915609400046,0.022462499450137858,1.0,0.0,0.0,0.0,0.0,0.0,0.0,1.0,New York
-0.2471505911986348,-1.6266642974100975,0.7903276481380317,-0.7581816654833504,0.0,0.0,1.0,0.0,0.0,0.0,0.0,1.0,Sydney
-0.11274926910464658,0.00308893124892986,0.2949486534420109,-0.3976155038097691,0.0,1.0,0.0,0.0,0.0,0.0,0.0,1.0,Rome
1.5000665960232122,-1.027117772877502,-1.3150330793200569,-0.03438262171319685,0.0,1.0,0.0,0.0,0.0,0.0,1.0,0.0,Rome
-0.919157201668576,-1.6136139889375571,1.6572408888560681,-0.775618589239793,0.0,1.0,0.0,0.0,0.0,0.0,0.0,1.0,Rome
1.2312639518352357,1.1208094686618097,-1.6865673253420723,5.2380986142661925,0.0,0.0,0.0,0.0,1.0,0.0,0.0,1.0,Tokyo
-1.3895618289975349,-1.2988712551880512,0.9141723968120369,-0.7076479134254756,0.0,0.0,0.0,1.0,0.0,0.0,0.0,1.0,Barcelone
-1.3895618289975349,1.3564826863718058,1.2857066428340524,-0.3357963747710825,0.0,0.0,1.0,0.0,0.0,0.0,0.0,1.0,Sydney
-0.38155191329262306,1.2528478837957489,-0.6958093359500308,0.42764671012693045,0.0,0.0,0.0,0.0,1.0,0.0,0.0,1.0,New York
0.021652052989341655,1.5130863880422916,-1.3150330793200569,1.8899152265284969,0.0,0.0,1.0,0.0,0.0,0.0,1.0,0.0,Rio de Janeiro
1.1640632907882416,-0.28632085075976227,0.5426381507900213,-0.49641177587999363,1.0,0.0,0.0,0.0,0.0,1.0,0.0,0.0,Rio de Janeiro
-1.1879598458565523,-0.18115071777517122,-0.9434988332980412,0.0649871633543466,0.0,1.0,0.0,0.0,0.0,1.0,0.0,0.0,Barcelone
-0.4487525743396172,-1.000249490728154,-0.5719645872760255,-0.46318501630730174,1.0,0.0,0.0,0.0,0.0,1.0,0.0,0.0,Rio de Janeiro
1.5000665960232122,-0.7707175946522947,-0.6958093359500308,-0.33881591229826863,0.0,0.0,0.0,0.0,1.0,0.0,1.0,0.0,Londres
0.29045469717731814,-1.5291708164681774,-1.3150330793200569,-0.41470622181898936,0.0,0.0,0.0,1.0,0.0,0.0,1.0,0.0,Rio de Janeiro
-1.1879598458565523,1.4869857710972108,-0.44811983860202037,0.29069532712325435,0.0,0.0,1.0,0.0,0.0,0.0,1.0,0.0,Sydney
1.6344679181172004,-0.2955328332109673,0.5426381507900213,-0.4981563798118942,0.0,0.0,0.0,0.0,1.0,0.0,0.0,1.0,Paris
0.5592573413652946,-1.2819826206941751,-0.3242750899280151,-0.6028549887598822,0.0,0.0,1.0,0.0,0.0,0.0,0.0,1.0,Sydney
-1.0535585237625642,0.8198847085891113,-0.20043034125400994,-0.05095625545549398,0.0,0.0,0.0,0.0,1.0,0.0,0.0,1.0,Tokyo
0.5592573413652946,1.3971689421979614,-0.819654084624036,0.628954593020996,1.0,0.0,0.0,0.0,0.0,0.0,0.0,1.0,New York
0.6936586634592828,0.7392798621410671,1.4095513915080577,-0.4409613655216657,0.0,0.0,1.0,0.0,0.0,1.0,0.0,0.0,Sydney
-1.6583644731855112,1.4332492067985145,0.9141723968120369,-0.2577170848654764,1.0,0.0,0.0,0.0,0.0,1.0,0.0,0.0,Rio de Janeiro
-0.38155191329262306,-0.6348408534970201,1.6572408888560681,-0.6477812301771871,0.0,1.0,0.0,0.0,0.0,0.0,0.0,1.0,Paris
1.6344679181172004,-0.9035236749905009,-1.0673435819720463,-0.19696303190265688,1.0,0.0,0.0,0.0,0.0,0.0,0.0,1.0,New York
0.29045469717731814,1.5215307052892297,-1.5627225766680672,3.7188407999558093,1.0,0.0,0.0,0.0,0.0,1.0,0.0,0.0,New York
-0.7847558795745877,-0.22874596043973067,0.9141723968120369,-0.5314176310392326,0.0,0.0,1.0,0.0,0.0,0.0,0.0,1.0,Sydney
-1.6583644731855112,0.25027712702293214,-0.3242750899280151,-0.15641532794946372,0.0,0.0,0.0,1.0,0.0,0.0,1.0,0.0,Rio de Janeiro
-0.11274926910464658,-0.48207547784786964,-1.1911883306460516,0.17584215432457503,0.0,0.0,0.0,1.0,0.0,0.0,0.0,1.0,Barcelone
-0.4487525743396172,1.6535691204231688,-1.0673435819720463,1.1866739103693675,1.0,0.0,0.0,0.0,0.0,0.0,1.0,0.0,New York
-0.38155191329262306,-1.0232794468561666,0.5426381507900213,-0.6359800904320413,0.0,1.0,0.0,0.0,0.0,0.0,1.0,0.0,Londres
1.3656652739292239,-0.8405751282405997,-0.9434988332980412,-0.24722422520951112,0.0,1.0,0.0,0.0,0.0,0.0,0.0,1.0,Rome
-1.6583644731855112,-0.8336661414021959,0.7903276481380317,-0.621653190495091,0.0,0.0,0.0,0.0,1.0,0.0,1.0,0.0,Londres
-0.045548608057652464,-0.7530612949541516,0.5426381507900213,-0.5848050417629571,1.0,0.0,0.0,0.0,0.0,1.0,0.0,0.0,Rio de Janeiro
-0.7847558795745877,-1.1422675535175653,-1.1911883306460516,-0.24092429189559528,0.0,0.0,0.0,0.0,1.0,0.0,0.0,1.0,Barcelone
-0.919157201668576,1.2482418925701464,-0.3242750899280151,0.13435198620561847,0.0,0.0,0.0,0.0,1.0,0.0,1.0,0.0,New York
-0.919157201668576,1.5568433046855157,-1.0673435819720463,1.134335797272317,0.0,0.0,1.0,0.0,0.0,0.0,0.0,1.0,Sydney
0.5592573413652946,-0.8328984761979288,-0.20043034125400994,-0.498114848895189,1.0,0.0,0.0,0.0,0.0,1.0,0.0,0.0,Rio de Janeiro
-1.1879598458565523,-0.002284725180939755,1.5333961401820628,-0.5554375382134263,0.0,0.0,1.0,0.0,0.0,1.0,0.0,0.0,Rio de Janeiro
-0.17994993015164068,0.8283290258360493,-1.1911883306460516,1.0030750888569364,0.0,1.0,0.0,0.0,0.0,0.0,1.0,0.0,Londres
1.6344679181172004,0.572696512815109,-0.819654084624036,0.28197227665857355,0.0,0.0,0.0,1.0,0.0,0.0,1.0,0.0,Sydney
1.5000665960232122,-1.4493336352244004,-1.1911883306460516,-0.43476915060265126,0.0,1.0,0.0,0.0,0.0,1.0,0.0,0.0,Le Caire
1.0296619686942534,0.8828332553390126,1.2857066428340524,-0.4047976977456276,0.0,0.0,0.0,1.0,0.0,0.0,1.0,0.0,Londres
-0.38155191329262306,-1.3456988326483434,1.038017145486042,-0.7204479964929464,0.0,1.0,0.0,0.0,0.0,0.0,1.0,0.0,Londres
-0.045548608057652464,-0.29399750280243314,-1.438877827994062,0.8605989762005388,0.0,0.0,0.0,1.0,0.0,0.0,0.0,1.0,Barcelone
0.1560533750833299,0.9795590710766656,0.04725915609400046,-0.11147219656429708,0.0,0.0,0.0,1.0,0.0,0.0,1.0,0.0,Sydney
0.9624613076472592,-0.755364290566953,-1.1911883306460516,0.003320230075295244,0.0,0.0,0.0,1.0,0.0,0.0,0.0,1.0,Barcelone
-1.3223611679505407,-0.2778765335128243,0.17110390476800566,-0.43434150817370965,1.0,0.0,0.0,0.0,0.0,0.0,1.0,0.0,New York
-1.0535585237625642,0.9120045331011619,-1.0673435819720463,0.7854150432919806,0.0,0.0,1.0,0.0,0.0,1.0,0.0,0.0,Sydney
0.9624613076472592,0.43451677604703326,0.04725915609400046,-0.24050019408159537,0.0,0.0,0.0,0.0,1.0,0.0,1.0,0.0,Londres
-1.0535585237625642,0.3047813565258954,-1.3150330793200569,0.9745798342249531,0.0,0.0,0.0,0.0,1.0,1.0,0.0,0.0,Sydney
0.6936586634592828,0.2510447922271992,-1.5627225766680672,2.1147748614991997,0.0,0.0,1.0,0.0,0.0,0.0,1.0,0.0,Londres
0.42485601927130634,-1.288123942328312,0.9141723968120369,-0.7058780253670772,0.0,0.0,1.0,0.0,0.0,0.0,0.0,1.0,Sydney
-0.8519565406215819,-0.07367758917777892,-1.3150330793200569,0.687883297753767,0.0,1.0,0.0,0.0,0.0,1.0,0.0,0.0,Barcelone
-0.17994993015164068,0.11132972505058925,0.17110390476800566,-0.3476244311473307,0.0,1.0,0.0,0.0,0.0,0.0,1.0,0.0,Londres
1.0296619686942534,-0.3039771504579053,0.04725915609400046,-0.4153240442388362,0.0,0.0,0.0,1.0,0.0,0.0,1.0,0.0,Sydney
1.0296619686942534,-0.42603591793637224,0.7903276481380317,-0.5514725320064505,0.0,0.0,0.0,1.0,0.0,1.0,0.0,0.0,Sydney
-0.7175552185275936,1.2152322887866616,-1.5627225766680672,3.3321203712886267,0.0,1.0,0.0,0.0,0.0,1.0,0.0,0.0,Rome
0.6936586634592828,-1.0639657026823222,-1.6865673253420723,1.1004814843695634,0.0,0.0,0.0,1.0,0.0,0.0,1.0,0.0,Bali
-0.38155191329262306,-1.2988712551880512,-0.9434988332980412,-0.4642093229657662,0.0,0.0,0.0,1.0,0.0,1.0,0.0,0.0,Rio de Janeiro
0.1560533750833299,-0.9557249088806629,1.038017145486042,-0.6589022461602386,0.0,0.0,1.0,0.0,0.0,0.0,1.0,0.0,Sydney
0.42485601927130634,1.1799196893903756,0.5426381507900213,-0.21872898338581562,0.0,0.0,0.0,0.0,1.0,1.0,0.0,0.0,Sydney
0.5592573413652946,1.0816585432441883,-0.07658559258000475,-0.03729018780468055,1.0,0.0,0.0,0.0,0.0,0.0,0.0,1.0,New York
1.432865934976218,-1.2528113429320258,-1.0673435819720463,-0.38596177364200573,0.0,0.0,1.0,0.0,0.0,1.0,0.0,0.0,Rio de Janeiro
-0.045548608057652464,-0.22490763441839523,0.7903276481380317,-0.5168447871401156,0.0,0.0,1.0,0.0,0.0,0.0,1.0,0.0,Sydney
0.29045469717731814,0.8528943123725962,0.6664828994640265,-0.30717763225795647,0.0,0.0,0.0,1.0,0.0,0.0,1.0,0.0,Sydney
-0.6503545574805996,-0.06369794152230679,1.038017145486042,-0.5181223999267613,0.0,1.0,0.0,0.0,0.0,0.0,1.0,0.0,Londres
0.8952606466002652,0.25027712702293214,0.6664828994640265,-0.41586922668674337,1.0,0.0,0.0,0.0,0.0,1.0,0.0,0.0,Rio de Janeiro
-0.4487525743396172,-1.2789119598771068,-1.6865673253420723,0.6934074167760789,0.0,0.0,0.0,1.0,0.0,0.0,1.0,0.0,Bali
-1.4567624900445288,-1.043238742167111,-0.07658559258000475,-0.5738528103620648,1.0,0.0,0.0,0.0,0.0,1.0,0.0,0.0,Rio de Janeiro
-0.5831538964336054,-1.4155563662366486,-1.1911883306460516,-0.4134462161448751,1.0,0.0,0.0,0.0,0.0,0.0,0.0,1.0,New York
1.1640632907882416,-0.2740382074914888,-0.20043034125400994,-0.3469158447037826,0.0,0.0,0.0,0.0,1.0,1.0,0.0,0.0,Rome
-1.1879598458565523,0.8766919337048759,-1.438877827994062,1.9691491695523478,0.0,0.0,1.0,0.0,0.0,0.0,0.0,1.0,Sydney
-1.1207591848095584,-0.20571600431171805,-1.438877827994062,0.9441945645516588,0.0,1.0,0.0,0.0,0.0,0.0,0.0,1.0,Londres
-1.4567624900445288,-0.5672863155215164,1.038017145486042,-0.597598801931203,0.0,1.0,0.0,0.0,0.0,0.0,0.0,1.0,Barcelone
0.3576553582243122,-0.6025989149178025,-0.20043034125400994,-0.43580756694818085,0.0,0.0,0.0,0.0,1.0,0.0,1.0,0.0,Londres
-1.7255651342325053,-0.3776730100675457,0.9141723968120369,-0.5559432227056107,1.0,0.0,0.0,0.0,0.0,0.0,0.0,1.0,Rio de Janeiro
0.49205668031830047,1.7288003104413434,0.17110390476800566,0.01275600533113176,0.0,0.0,0.0,0.0,1.0,0.0,0.0,1.0,New York
1.7016685791641946,-0.957260239289197,-0.9434988332980412,-0.3024700122429295,0.0,0.0,0.0,0.0,1.0,0.0,1.0,0.0,Londres
-0.7847558795745877,1.1392334335642198,1.2857066428340524,-0.367445279798305,1.0,0.0,0.0,0.0,0.0,1.0,0.0,0.0,Rio de Janeiro
-1.3895618289975349,-0.09593988010152447,-1.6865673253420723,2.9337686244959333,1.0,0.0,0.0,0.0,0.0,0.0,1.0,0.0,New York
0.6264580024122887,1.6412864771548954,-0.5719645872760255,0.4463879964328872,0.0,1.0,0.0,0.0,0.0,0.0,1.0,0.0,Londres
1.0296619686942534,0.3984365114464801,-0.6958093359500308,0.10402269694056986,0.0,0.0,1.0,0.0,0.0,1.0,0.0,0.0,Sydney
-0.17994993015164068,0.8575003035981986,0.41879340211601607,-0.2504379265701244,0.0,0.0,0.0,1.0,0.0,0.0,1.0,0.0,Sydney
-1.523963151091523,-0.006123051202275194,0.2949486534420109,-0.3995539526122229,0.0,0.0,1.0,0.0,0.0,0.0,0.0,1.0,Sydney
-0.8519565406215819,-0.8106361852741832,-1.5627225766680672,0.774337886946033,1.0,0.0,0.0,0.0,0.0,1.0,0.0,0.0,Rio de Janeiro
1.0968626297412476,-1.2198017391485412,1.1618618941600474,-0.7060550137157803,1.0,0.0,0.0,0.0,0.0,0.0,0.0,1.0,Tokyo
0.42485601927130634,-0.589548606445262,-0.819654084624036,-0.20716294398640547,0.0,1.0,0.0,0.0,0.0,0.0,1.0,0.0,Londres
-0.7847558795745877,0.834470347470186,-0.5719645872760255,0.16857304833932757,0.0,0.0,0.0,0.0,1.0,0.0,1.0,0.0,Londres
0.42485601927130634,0.04914884350495513,0.9141723968120369,-0.4856533826720733,0.0,0.0,0.0,0.0,1.0,0.0,1.0,0.0,New York
-0.9863578627155701,-1.3019419160051195,-1.5627225766680672,0.1540344424673442,0.0,1.0,0.0,0.0,0.0,0.0,0.0,1.0,Barcelone
-0.11274926910464658,0.7492595097965392,-0.44811983860202037,0.05783917119672693,0.0,0.0,0.0,1.0,0.0,0.0,0.0,1.0,Sydney
1.1640632907882416,0.06987580402016651,-1.6865673253420723,3.2477971909251924,0.0,1.0,0.0,0.0,0.0,0.0,0.0,1.0,Rome
1.3656652739292239,-0.07828358040338146,0.6664828994640265,-0.4751303762606552,0.0,1.0,0.0,0.0,0.0,1.0,0.0,0.0,Rome
0.6936586634592828,-1.37563777561476,1.4095513915080577,-0.7376517293914875,1.0,0.0,0.0,0.0,0.0,0.0,1.0,0.0,New York
-0.7175552185275936,1.4386228632283842,1.1618618941600474,-0.30328411527662075,0.0,0.0,0.0,0.0,1.0,1.0,0.0,0.0,Sydney
-1.3223611679505407,1.4923594275270804,-0.07658559258000475,0.06641682197429358,1.0,0.0,0.0,0.0,0.0,1.0,0.0,0.0,Rio de Janeiro
-1.0535585237625642,0.17658126741329172,0.17110390476800566,-0.33308606517643874,0.0,1.0,0.0,0.0,0.0,1.0,0.0,0.0,Rome
-0.11274926910464658,-0.7338696648474745,-1.5627225766680672,0.8712603001458283,0.0,0.0,0.0,0.0,1.0,0.0,1.0,0.0,Londres
0.22325403613032402,-0.03299133335162327,-1.1911883306460516,0.4593402601836443,1.0,0.0,0.0,0.0,0.0,0.0,1.0,0.0,New York
1.432865934976218,-0.913503322645973,1.1618618941600474,-0.6596485486631599,0.0,0.0,0.0,0.0,1.0,0.0,0.0,1.0,Rome
0.1560533750833299,1.7403152885053497,-1.3150330793200569,2.062049455322556,0.0,0.0,0.0,0.0,1.0,0.0,1.0,0.0,New York
0.3576553582243122,-0.23565494727813446,1.6572408888560681,-0.5956436405987124,0.0,1.0,0.0,0.0,0.0,0.0,0.0,1.0,Barcelone
-1.7255651342325053,-0.21569565196719018,0.9141723968120369,-0.5292684812540345,0.0,1.0,0.0,0.0,0.0,1.0,0.0,0.0,Barcelone
-0.8519565406215819,0.2694687571296093,0.41879340211601607,-0.36766306765074735,0.0,0.0,0.0,0.0,1.0,0.0,0.0,1.0,Rome
0.3576553582243122,-0.5066407643844165,1.6572408888560681,-0.6310370427548693,0.0,0.0,0.0,1.0,0.0,1.0,0.0,0.0,Sydney
0.9624613076472592,0.6870786282509052,-0.5719645872760255,0.11782093603298749,0.0,0.0,0.0,1.0,0.0,1.0,0.0,0.0,Sydney
-1.0535585237625642,0.059128491160427274,-0.07658559258000475,-0.2954915654226127,1.0,0.0,0.0,0.0,0.0,0.0,1.0,0.0,New York
0.021652052989341655,-1.2044484350631994,-0.819654084624036,-0.46594584473715056,1.0,0.0,0.0,0.0,0.0,1.0,0.0,0.0,Rio de Janeiro
-0.7847558795745877,0.051451839117756394,1.6572408888560681,-0.558144681940348,0.0,0.0,1.0,0.0,0.0,0.0,0.0,1.0,Sydney
1.29846461288223,-0.3508047279181976,-0.3242750899280151,-0.33154671793671703,1.0,0.0,0.0,0.0,0.0,0.0,1.0,0.0,New York
-0.9863578627155701,-1.288891607532579,0.17110390476800566,-0.6596006609227058,0.0,0.0,1.0,0.0,0.0,0.0,0.0,1.0,Sydney
1.5000665960232122,-1.5836750459711408,-0.6958093359500308,-0.6467384908825955,0.0,0.0,0.0,0.0,1.0,0.0,1.0,0.0,Londres
1.5672672570702064,1.0947088517167287,-0.20043034125400994,0.02339710100126919,0.0,0.0,1.0,0.0,0.0,0.0,1.0,0.0,Sydney
0.8952606466002652,0.7001289367234457,-1.3150330793200569,1.2740701309443463,1.0,0.0,0.0,0.0,0.0,0.0,1.0,0.0,New York
-0.045548608057652464,1.4593498237435956,0.5426381507900213,-0.16580933078483093,0.0,0.0,0.0,1.0,0.0,0.0,1.0,0.0,Sydney
-1.523963151091523,1.3035137872773768,1.4095513915080577,-0.3618080379556697,0.0,0.0,0.0,0.0,1.0,1.0,0.0,0.0,Sydney
0.021652052989341655,1.174546032960506,-1.438877827994062,2.251193415467431,1.0,0.0,0.0,0.0,0.0,0.0,1.0,0.0,New York
-0.6503545574805996,1.5138540532465588,-0.9434988332980412,0.8675049118397922,0.0,0.0,1.0,0.0,0.0,1.0,0.0,0.0,Bali
0.29045469717731814,0.036866200236681725,1.4095513915080577,-0.5394991814711709,0.0,0.0,0.0,1.0,0.0,0.0,0.0,1.0,Barcelone
-1.1207591848095584,1.062466913137511,-0.44811983860202037,0.15670005737573145,0.0,0.0,0.0,0.0,1.0,1.0,0.0,0.0,Sydney
-1.2551605069035465,-0.5219940684697583,-1.6865673253420723,2.12688966908742,0.0,0.0,0.0,0.0,1.0,0.0,0.0,1.0,Paris
1.5000665960232122,-0.25638190779334585,-0.5719645872760255,-0.20704544951124157,0.0,0.0,0.0,1.0,0.0,1.0,0.0,0.0,Sydney
1.2312639518352357,0.11823871188899304,-0.6958093359500308,-0.002107370276879868,0.0,0.0,0.0,1.0,0.0,0.0,1.0,0.0,Rio de Janeiro
0.7608593245062769,0.9204488503480999,1.2857066428340524,-0.39931785199886477,0.0,0.0,1.0,0.0,0.0,1.0,0.0,0.0,Sydney
-1.3223611679505407,-1.6128463237332902,1.038017145486042,-0.762609258531888,0.0,0.0,0.0,0.0,1.0,0.0,1.0,0.0,New York
-1.4567624900445288,-1.2328520476210816,1.038017145486042,-0.7026384978730487,1.0,0.0,0.0,0.0,0.0,0.0,1.0,0.0,New York
0.49205668031830047,0.2863573916234853,1.5333961401820628,-0.5163916401321382,0.0,0.0,1.0,0.0,0.0,1.0,0.0,0.0,Sydney
-1.6583644731855112,0.5442929002572268,-0.44811983860202037,-0.006856555788062557,0.0,0.0,0.0,1.0,0.0,0.0,0.0,1.0,Sydney
0.7608593245062769,1.0839615388569896,0.9141723968120369,-0.3152384467634251,0.0,0.0,0.0,1.0,0.0,0.0,0.0,1.0,Sydney
1.29846461288223,-1.166065174849845,0.6664828994640265,-0.6713290887518539,0.0,1.0,0.0,0.0,0.0,1.0,0.0,0.0,Le Caire
-1.2551605069035465,0.3531442643947219,0.9141723968120369,-0.435590834734518,0.0,1.0,0.0,0.0,0.0,0.0,1.0,0.0,Londres
1.5672672570702064,1.3779773120912842,-0.6958093359500308,0.47504178124047647,0.0,1.0,0.0,0.0,0.0,1.0,0.0,0.0,Le Caire
-0.2471505911986348,0.10672373382498672,0.04725915609400046,-0.3180987221659424,0.0,0.0,1.0,0.0,0.0,0.0,0.0,1.0,Sydney
0.9624613076472592,1.5913882388775347,0.9141723968120369,-0.23167444629189954,0.0,0.0,0.0,0.0,1.0,0.0,0.0,1.0,Tokyo
-0.6503545574805996,0.4253047935958282,-0.44811983860202037,-0.04441400029234123,0.0,0.0,0.0,1.0,0.0,1.0,0.0,0.0,Sydney
0.1560533750833299,0.2088232059925094,-0.5719645872760255,-0.04685909504435568,0.0,0.0,0.0,0.0,1.0,0.0,0.0,1.0,Paris
0.49205668031830047,-0.8290601501765934,1.4095513915080577,-0.6609753086744954,0.0,0.0,0.0,0.0,1.0,0.0,1.0,0.0,Londres
-0.8519565406215819,-0.4421568872259811,-1.5627225766680672,1.23956547030505,1.0,0.0,0.0,0.0,0.0,1.0,0.0,0.0,Rio de Janeiro
-0.8519565406215819,0.8713182772750062,-1.5627225766680672,2.8979079601535447,0.0,0.0,0.0,1.0,0.0,0.0,0.0,1.0,Sydney
0.29045469717731814,-0.19266569583917753,0.17110390476800566,-0.41535611261172134,1.0,0.0,0.0,0.0,0.0,0.0,1.0,0.0,New York
-0.7847558795745877,1.323473082588321,0.7903276481380317,-0.2502640184553924,1.0,0.0,0.0,0.0,0.0,1.0,0.0,0.0,Rio de Janeiro
0.49205668031830047,0.5949588037388546,1.2857066428340524,-0.4467352927463642,0.0,1.0,0.0,0.0,0.0,0.0,0.0,1.0,Rome
0.021652052989341655,0.22647950569065242,-0.44811983860202037,-0.10717127852852289,1.0,0.0,0.0,0.0,0.0,0.0,1.0,0.0,New York
-0.17994993015164068,0.8751566032963417,-0.20043034125400994,-0.03600250778821192,1.0,0.0,0.0,0.0,0.0,1.0,0.0,0.0,Rio de Janeiro
-1.5911638121385172,-0.08519256724178524,0.04725915609400046,-0.3635311156579489,0.0,0.0,0.0,1.0,0.0,0.0,0.0,1.0,Sydney
-0.045548608057652464,1.0655375739545794,-1.0673435819720463,0.8684914132872988,0.0,0.0,1.0,0.0,0.0,0.0,0.0,1.0,Sydney
0.49205668031830047,0.21880285364798155,1.6572408888560681,-0.536287000155526,0.0,0.0,1.0,0.0,0.0,0.0,0.0,1.0,Sydney
-1.3895618289975349,-0.7630409426096239,-0.6958093359500308,-0.33590823922381785,1.0,0.0,0.0,0.0,0.0,0.0,1.0,0.0,New York
-1.6583644731855112,0.7738247963330861,-1.5627225766680672,2.774816495389805,1.0,0.0,0.0,0.0,0.0,0.0,1.0,0.0,New York
-1.2551605069035465,0.49592999238840024,-0.819654084624036,0.2496647984125379,0.0,0.0,0.0,1.0,0.0,0.0,1.0,0.0,Sydney
0.021652052989341655,0.5043743096353382,-0.3242750899280151,-0.08238149642228504,0.0,0.0,0.0,1.0,0.0,1.0,0.0,0.0,Sydney
-0.38155191329262306,-0.9979464951153527,-1.6865673253420723,1.2255113765589905,1.0,0.0,0.0,0.0,0.0,0.0,0.0,1.0,New York
-1.5911638121385172,-0.6102755669604734,-1.5627225766680672,1.0273053853974985,0.0,0.0,0.0,1.0,0.0,0.0,1.0,0.0,Barcelone
1.29846461288223,-0.39532930976568875,0.6664828994640265,-0.5323146163868833,0.0,0.0,0.0,1.0,0.0,1.0,0.0,0.0,Bali
1.5000665960232122,0.9642057669913239,1.2857066428340524,-0.39294333755875277,1.0,0.0,0.0,0.0,0.0,1.0,0.0,0.0,Rio de Janeiro
0.3576553582243122,-0.05755661988817008,1.2857066428340524,-0.5417938414147003,0.0,1.0,0.0,0.0,0.0,0.0,1.0,0.0,Londres
1.432865934976218,0.8421469995128569,-1.5627225766680672,2.861077443137623,0.0,0.0,1.0,0.0,0.0,0.0,1.0,0.0,Sydney
-0.31435125224562893,-1.6519972491509116,1.038017145486042,-0.7687880641755259,0.0,1.0,0.0,0.0,0.0,0.0,0.0,1.0,Barcelone
-0.8519565406215819,1.2167676191951957,0.7903276481380317,-0.2686352266096693,0.0,0.0,0.0,0.0,1.0,0.0,1.0,0.0,New York
-0.5831538964336054,-1.2704676426301689,-1.0673435819720463,-0.3955155561914673,0.0,0.0,1.0,0.0,0.0,0.0,0.0,1.0,Rio de Janeiro
1.3656652739292239,0.6801696414125014,0.7903276481380317,-0.36101993524160864,0.0,1.0,0.0,0.0,0.0,0.0,1.0,0.0,Londres
-0.6503545574805996,0.9158428591224973,1.6572408888560681,-0.44524674758388194,0.0,1.0,0.0,0.0,0.0,0.0,1.0,0.0,Londres
-1.0535585237625642,0.4544760713579775,-0.3242750899280151,-0.09691986213003921,0.0,1.0,0.0,0.0,0.0,1.0,0.0,0.0,Rome
1.3656652739292239,0.009230252883066562,0.41879340211601607,-0.41954207917337294,0.0,1.0,0.0,0.0,0.0,1.0,0.0,0.0,Rome
-1.1879598458565523,1.0194776616985541,0.04725915609400046,-0.10202225871795982,1.0,0.0,0.0,0.0,0.0,0.0,0.0,1.0,New York
0.1560533750833299,0.015371574517203265,1.1618618941600474,-0.5189171634158647,0.0,0.0,0.0,0.0,1.0,0.0,0.0,1.0,Londres
0.1560533750833299,0.8651769556408695,-0.9434988332980412,0.5603819510290126,0.0,0.0,1.0,0.0,0.0,0.0,0.0,1.0,Sydney
-0.8519565406215819,-0.14276745756181683,-0.9434988332980412,0.08316011961533941,0.0,0.0,0.0,0.0,1.0,1.0,0.0,0.0,Rome
1.5000665960232122,-0.939603939591054,-0.819654084624036,-0.3544850447883278,1.0,0.0,0.0,0.0,0.0,0.0,1.0,0.0,New York
0.42485601927130634,-0.18038305257090415,-0.819654084624036,-0.034964084935035694,0.0,0.0,0.0,0.0,1.0,0.0,1.0,0.0,Londres
0.29045469717731814,-1.0869956588103349,1.6572408888560681,-0.7068370768343438,1.0,0.0,0.0,0.0,0.0,1.0,0.0,0.0,Rio de Janeiro
-1.1879598458565523,-1.17527715730105,1.038017145486042,-0.6935520189853457,0.0,0.0,0.0,1.0,0.0,1.0,0.0,0.0,Barcelone
0.9624613076472592,0.5151216224950774,1.5333961401820628,-0.4854456889932451,1.0,0.0,0.0,0.0,0.0,0.0,0.0,1.0,New York
0.3576553582243122,1.647427798789032,-0.5719645872760255,0.4485026677789847,1.0,0.0,0.0,0.0,0.0,1.0,0.0,0.0,Tokyo
0.3576553582243122,-0.12741415347647508,-0.9434988332980412,0.09042930211973664,0.0,1.0,0.0,0.0,0.0,0.0,1.0,0.0,Londres
-0.31435125224562893,-0.6555678140122315,-1.438877827994062,0.5182205230407342,0.0,0.0,0.0,1.0,0.0,0.0,1.0,0.0,Barcelone
0.1560533750833299,-1.0394004161457755,0.7903276481380317,-0.657073937152258,0.0,1.0,0.0,0.0,0.0,0.0,1.0,0.0,Barcelone
1.29846461288223,1.0409722874180327,-1.438877827994062,2.1247096557013885,0.0,0.0,1.0,0.0,0.0,0.0,1.0,0.0,Sydney
1.3656652739292239,-0.05448595907110173,1.6572408888560681,-0.5719811960977125,0.0,0.0,0.0,1.0,0.0,1.0,0.0,0.0,Rio de Janeiro
0.6264580024122887,-0.783000237920568,1.6572408888560681,-0.6671322970784286,0.0,0.0,0.0,0.0,1.0,1.0,0.0,0.0,Rome
-0.9863578627155701,1.0394369570094986,-0.9434988332980412,0.6428871724539204,0.0,1.0,0.0,0.0,0.0,1.0,0.0,0.0,Rome
0.8280599855532711,0.9849327275065353,0.9141723968120369,-0.3315467010158106,0.0,0.0,0.0,1.0,0.0,0.0,1.0,0.0,Sydney
0.29045469717731814,0.2863573916234853,-1.3150330793200569,0.9606230048632729,0.0,0.0,1.0,0.0,0.0,1.0,0.0,0.0,Sydney
0.7608593245062769,-0.9971788299110856,0.6664828994640265,-0.6408677501858245,0.0,1.0,0.0,0.0,0.0,1.0,0.0,0.0,Rome
1.29846461288223,-1.3848497580659649,1.6572408888560681,-0.7457397398275134,0.0,0.0,1.0,0.0,0.0,0.0,1.0,0.0,Bali
-0.7175552185275936,1.4324815415942473,1.4095513915080577,-0.34371584879772776,0.0,0.0,0.0,1.0,0.0,0.0,0.0,1.0,Barcelone
0.29045469717731814,-0.214160321558656,0.04725915609400046,-0.3940616840845772,0.0,1.0,0.0,0.0,0.0,0.0,1.0,0.0,Londres
0.5592573413652946,0.6740283197783646,-0.9434988332980412,0.469880628849268,0.0,0.0,1.0,0.0,0.0,0.0,1.0,0.0,Londres
-1.1879598458565523,-1.6097756629162217,0.17110390476800566,-0.7310952135795625,0.0,1.0,0.0,0.0,0.0,0.0,0.0,1.0,Tokyo
1.7016685791641946,-0.14814111399168645,-1.5627225766680672,1.610778312860265,0.0,1.0,0.0,0.0,0.0,0.0,0.0,1.0,Barcelone
-0.8519565406215819,1.3703006600486134,-1.1911883306460516,1.3452112644748901,0.0,0.0,1.0,0.0,0.0,0.0,0.0,1.0,Sydney
0.42485601927130634,-1.5222618296297736,1.1618618941600474,-0.7518799441186185,0.0,0.0,1.0,0.0,0.0,0.0,0.0,1.0,Sydney
0.021652052989341655,0.8528943123725962,-0.5719645872760255,0.1749170623776201,0.0,1.0,0.0,0.0,0.0,0.0,0.0,1.0,Londres
0.9624613076472592,0.3738712249099333,1.038017145486042,-0.4490651603802192,0.0,0.0,0.0,0.0,1.0,0.0,1.0,0.0,Londres
-0.8519565406215819,0.1328243507700677,-0.44811983860202037,-0.1367326219447938,0.0,0.0,0.0,1.0,0.0,1.0,0.0,0.0,Rio de Janeiro
1.5000665960232122,-1.5230294948340408,0.6664828994640265,-0.7357132816300526,0.0,0.0,1.0,0.0,0.0,1.0,0.0,0.0,Rio de Janeiro
-1.1879598458565523,-0.26329089463174965,-1.438877827994062,0.8896757025835371,0.0,0.0,1.0,0.0,0.0,0.0,1.0,0.0,Bali
-0.9863578627155701,1.1914346674543819,1.6572408888560681,-0.4092517578556658,0.0,0.0,0.0,1.0,0.0,0.0,1.0,0.0,Sydney
-0.045548608057652464,-0.7016277262682568,-0.819654084624036,-0.25433186222561743,1.0,0.0,0.0,0.0,0.0,0.0,1.0,0.0,Rio de Janeiro
0.9624613076472592,0.7945517568482975,0.9141723968120369,-0.3628990037645827,1.0,0.0,0.0,0.0,0.0,0.0,0.0,1.0,New York
0.7608593245062769,-0.2809471943298926,-0.20043034125400994,-0.3487850631621928,0.0,0.0,1.0,0.0,0.0,0.0,1.0,0.0,Sydney
-0.11274926910464658,-0.0813542412204498,-1.1911883306460516,0.4288096949372831,0.0,0.0,0.0,1.0,0.0,0.0,1.0,0.0,Barcelone
-1.7255651342325053,-0.7162133651493314,-1.6865673253420723,1.7590691722975933,1.0,0.0,0.0,0.0,0.0,0.0,0.0,1.0,Rio de Janeiro
1.3656652739292239,1.3296144042224576,-1.1911883306460516,1.3195268206962052,0.0,1.0,0.0,0.0,0.0,0.0,0.0,1.0,Rome
0.7608593245062769,-0.6655474616677036,-1.0673435819720463,-0.06819465840991361,0.0,0.0,0.0,1.0,0.0,1.0,0.0,0.0,Barcelone
1.0968626297412476,0.7346738709154645,-0.9434988332980412,0.49859389974163676,0.0,0.0,0.0,1.0,0.0,1.0,0.0,0.0,Sydney
0.1560533750833299,-0.2878561811682964,1.6572408888560681,-0.6024616330820515,0.0,0.0,1.0,0.0,0.0,0.0,0.0,1.0,Sydney
-1.6583644731855112,-1.508443855952966,0.7903276481380317,-0.7378279528519932,0.0,0.0,0.0,0.0,1.0,1.0,0.0,0.0,Sydney
-0.9863578627155701,0.27023642233387646,-1.438877827994062,1.3948838234881318,0.0,0.0,0.0,0.0,1.0,0.0,0.0,1.0,Rome
0.7608593245062769,-1.3134568940691258,0.5426381507900213,-0.69093511428691,0.0,1.0,0.0,0.0,0.0,1.0,0.0,0.0,Le Caire
-0.8519565406215819,0.0015536008403956843,0.5426381507900213,-0.4418929030081001,0.0,0.0,1.0,0.0,0.0,0.0,1.0,0.0,Sydney
-0.7847558795745877,-0.5841749500153923,-0.6958093359500308,-0.268159456589117,0.0,1.0,0.0,0.0,0.0,0.0,1.0,0.0,Londres
0.49205668031830047,-0.1258788230679409,-1.6865673253420723,2.8770690222239836,0.0,0.0,0.0,0.0,1.0,0.0,0.0,1.0,New York
-0.2471505911986348,0.23338849252905622,-0.44811983860202037,-0.10499052368633904,0.0,0.0,0.0,1.0,0.0,0.0,1.0,0.0,Sydney
-1.3895618289975349,-0.20418067390318387,1.4095513915080577,-0.5733143445401815,1.0,0.0,0.0,0.0,0.0,0.0,0.0,1.0,New York
0.1560533750833299,0.27561007876374605,-0.44811983860202037,-0.09166368853965948,0.0,0.0,0.0,1.0,0.0,0.0,1.0,0.0,Sydney
-1.4567624900445288,1.4747031278289373,0.41879340211601607,-0.1273974390651363,0.0,0.0,0.0,1.0,0.0,0.0,1.0,0.0,Bali
-1.7255651342325053,1.4301785459814462,1.5333961401820628,-0.36166188443767244,1.0,0.0,0.0,0.0,0.0,1.0,0.0,0.0,Rio de Janeiro
1.6344679181172004,-1.176044822505317,-0.20043034125400994,-0.5909526989962312,1.0,0.0,0.0,0.0,0.0,0.0,1.0,0.0,New York
-0.17994993015164068,0.06296681718176271,0.04725915609400046,-0.32845730788211985,1.0,0.0,0.0,0.0,0.0,1.0,0.0,0.0,Rio de Janeiro
-1.7255651342325053,-0.5473270202105721,-0.44811983860202037,-0.35141582085312195,0.0,0.0,1.0,0.0,0.0,1.0,0.0,0.0,Rio de Janeiro
-1.1879598458565523,1.105456164576468,0.41879340211601607,-0.20100748196302096,0.0,0.0,0.0,0.0,1.0,0.0,0.0,1.0,Sydney
-1.523963151091523,-0.9687752173532034,0.6664828994640265,-0.6357447068815377,0.0,0.0,1.0,0.0,0.0,0.0,0.0,1.0,Sydney
-1.3895618289975349,-1.0685716939079248,1.038017145486042,-0.6767117447801364,0.0,1.0,0.0,0.0,0.0,1.0,0.0,0.0,Barcelone
-1.7255651342325053,-1.700360157019738,0.41879340211601607,-0.7603519867276123,0.0,0.0,0.0,1.0,0.0,0.0,1.0,0.0,Bali
0.6936586634592828,0.05375483473055766,1.4095513915080577,-0.5371299662242975,0.0,0.0,0.0,0.0,1.0,0.0,1.0,0.0,Londres
-1.0535585237625642,-0.34926939750966346,-0.07658559258000475,-0.39861704056731223,0.0,0.0,0.0,1.0,0.0,0.0,0.0,1.0,Sydney
-0.6503545574805996,-0.9380686091825199,0.41879340211601607,-0.6083878025330188,0.0,0.0,0.0,1.0,0.0,1.0,0.0,0.0,Bali
1.0968626297412476,0.9887710535278706,0.6664828994640265,-0.2826701007752873,0.0,0.0,0.0,1.0,0.0,0.0,1.0,0.0,Sydney
1.1640632907882416,1.0593962523204428,-1.5627225766680672,3.1353678724930427,0.0,0.0,1.0,0.0,0.0,0.0,1.0,0.0,Sydney
-0.31435125224562893,-0.2709675466744205,1.2857066428340524,-0.5728835785085797,0.0,0.0,1.0,0.0,0.0,1.0,0.0,0.0,Rio de Janeiro
0.021652052989341655,0.8421469995128569,0.04725915609400046,-0.14400179030457372,0.0,1.0,0.0,0.0,0.0,1.0,0.0,0.0,Tokyo
-1.1879598458565523,-1.0048554819537565,1.4095513915080577,-0.6856366855624044,0.0,0.0,0.0,1.0,0.0,0.0,0.0,1.0,Barcelone
-0.8519565406215819,1.0033566924089454,-0.44811983860202037,0.13804248817038006,0.0,1.0,0.0,0.0,0.0,1.0,0.0,0.0,Rome
0.5592573413652946,-1.201377774246131,0.7903276481380317,-0.6849611667965201,1.0,0.0,0.0,0.0,0.0,1.0,0.0,0.0,Rio de Janeiro
0.22325403613032402,-0.6901127482042505,0.04725915609400046,-0.5067340199447532,1.0,0.0,0.0,0.0,0.0,0.0,0.0,1.0,Tokyo
-0.6503545574805996,1.5852469172433978,0.41879340211601607,-0.105360336825437,0.0,0.0,0.0,1.0,0.0,0.0,0.0,1.0,Sydney
-0.6503545574805996,0.2594891094741372,0.5426381507900213,-0.3930439929148834,1.0,0.0,0.0,0.0,0.0,0.0,0.0,1.0,Tokyo
-1.5911638121385172,0.7722894659245518,0.6664828994640265,-0.32171599839174325,1.0,0.0,0.0,0.0,0.0,0.0,1.0,0.0,New York
1.2312639518352357,-1.6519972491509116,-1.5627225766680672,-0.2879317617237216,0.0,0.0,0.0,1.0,0.0,1.0,0.0,0.0,Bali
0.49205668031830047,1.3633916732102096,-0.5719645872760255,0.3506991180219751,0.0,0.0,1.0,0.0,0.0,1.0,0.0,0.0,Sydney
1.6344679181172004,-0.6233258754330139,0.04725915609400046,-0.4909235470095349,0.0,1.0,0.0,0.0,0.0,0.0,1.0,0.0,Londres
0.08885271403633577,1.4301785459814462,1.2857066428340524,-0.3250603504508939,0.0,0.0,0.0,1.0,0.0,0.0,0.0,1.0,Barcelone
-0.17994993015164068,-0.9088973314203705,-0.6958093359500308,-0.39115402763838075,0.0,0.0,0.0,0.0,1.0,0.0,1.0,0.0,Londres
1.5000665960232122,0.38154787695260417,0.9141723968120369,-0.4309132734373221,0.0,0.0,1.0,0.0,0.0,1.0,0.0,0.0,Sydney
1.0968626297412476,0.14971298526394364,-1.3150330793200569,0.8571098537641428,0.0,0.0,0.0,0.0,1.0,1.0,0.0,0.0,Rome
1.1640632907882416,-0.9319272875483832,-1.438877827994062,0.2565299855937498,1.0,0.0,0.0,0.0,0.0,0.0,1.0,0.0,New York
1.1640632907882416,-0.6148815581860758,-0.5719645872760255,-0.3304893893396834,1.0,0.0,0.0,0.0,0.0,1.0,0.0,0.0,Rio de Janeiro
0.5592573413652946,-1.5261001556511091,0.41879340211601607,-0.7256129436136418,0.0,0.0,1.0,0.0,0.0,0.0,1.0,0.0,Bali
1.5672672570702064,-1.1890951309778577,0.2949486534420109,-0.648483086327322,0.0,1.0,0.0,0.0,0.0,0.0,0.0,1.0,Rome
-0.5159532353866113,0.12130937270606139,0.6664828994640265,-0.4391306125008022,1.0,0.0,0.0,0.0,0.0,1.0,0.0,0.0,Rio de Janeiro
-0.8519565406215819,-0.5350443769422987,1.038017145486042,-0.5925103737540893,0.0,1.0,0.0,0.0,0.0,1.0,0.0,0.0,Barcelone
-0.919157201668576,0.27791307437654733,-0.5719645872760255,-0.023069042400758764,0.0,0.0,0.0,1.0,0.0,0.0,1.0,0.0,Sydney
-0.7175552185275936,-0.8029595332315124,1.038017145486042,-0.6347927888448669,0.0,0.0,0.0,0.0,1.0,0.0,0.0,1.0,Rome
1.7016685791641946,-1.4600809480841397,0.17110390476800566,-0.69774249164634,1.0,0.0,0.0,0.0,0.0,0.0,1.0,0.0,Rio de Janeiro
-1.3223611679505407,1.6443571379719637,0.2949486534420109,-0.052248542172597355,1.0,0.0,0.0,0.0,0.0,0.0,1.0,0.0,New York
0.42485601927130634,-1.104651958508478,1.6572408888560681,-0.709143162527238,1.0,0.0,0.0,0.0,0.0,1.0,0.0,0.0,Rio de Janeiro
-0.11274926910464658,-1.1092579497340804,-0.9434988332980412,-0.37443491903646137,1.0,0.0,0.0,0.0,0.0,1.0,0.0,0.0,Rio de Janeiro
-0.31435125224562893,-0.8229188285424567,-0.819654084624036,-0.3053776778543537,0.0,1.0,0.0,0.0,0.0,0.0,1.0,0.0,Londres
-1.7255651342325053,-1.4355156615475928,-0.819654084624036,-0.5631913542577177,0.0,0.0,0.0,0.0,1.0,0.0,1.0,0.0,Londres
-1.523963151091523,1.6059738777586092,0.41879340211601607,-0.10122838015549333,0.0,0.0,1.0,0.0,0.0,1.0,0.0,0.0,Bali
1.3656652739292239,1.2474742273658792,1.4095513915080577,-0.369669524911204,0.0,0.0,0.0,1.0,0.0,0.0,1.0,0.0,Sydney
0.6264580024122887,0.11900637709326013,0.41879340211601607,-0.39765801236589376,0.0,0.0,1.0,0.0,0.0,0.0,1.0,0.0,Londres
-0.6503545574805996,0.33088197347097636,1.6572408888560681,-0.5216483692354159,0.0,0.0,0.0,1.0,0.0,1.0,0.0,0.0,Sydney
1.5000665960232122,0.284054396010684,1.6572408888560681,-0.5277645095513523,1.0,0.0,0.0,0.0,0.0,1.0,0.0,0.0,Rio de Janeiro
0.8952606466002652,0.7162499060130545,-0.3242750899280151,-0.0206493589555138,0.0,0.0,0.0,0.0,1.0,0.0,1.0,0.0,Londres
-0.7175552185275936,-1.4263036790963877,1.038017145486042,-0.7331690669357305,0.0,1.0,0.0,0.0,0.0,0.0,1.0,0.0,Londres
-0.045548608057652464,1.0286896441497593,0.41879340211601607,-0.21631102518503442,0.0,1.0,0.0,0.0,0.0,0.0,0.0,1.0,Tokyo
-0.31435125224562893,0.5642521955681711,1.2857066428340524,-0.4512086362131094,1.0,0.0,0.0,0.0,0.0,1.0,0.0,0.0,Rio de Janeiro
-1.1207591848095584,1.4739354626246701,-1.3150330793200569,1.8602569641349258,0.0,0.0,0.0,0.0,1.0,0.0,1.0,0.0,New York
-1.1879598458565523,-0.6402145099268898,-1.3150330793200569,0.2587107948820928,0.0,0.0,0.0,1.0,0.0,0.0,0.0,1.0,Barcelone
1.2312639518352357,-0.9603309001062654,0.41879340211601607,-0.6128258300674028,0.0,0.0,0.0,0.0,1.0,0.0,1.0,0.0,Rome
-0.9863578627155701,-0.2348872820738674,0.6664828994640265,-0.5033763447491553,0.0,0.0,1.0,0.0,0.0,1.0,0.0,0.0,Bali
0.5592573413652946,1.1169711426404743,-0.3242750899280151,0.09610490103598845,0.0,0.0,1.0,0.0,0.0,0.0,0.0,1.0,Sydney
-1.523963151091523,-0.2855531855554952,-0.819654084624036,-0.07922533013210444,0.0,0.0,0.0,1.0,0.0,0.0,0.0,1.0,Barcelone
-1.523963151091523,-1.542988790144985,1.6572408888560681,-0.7663942464682167,0.0,0.0,0.0,1.0,0.0,1.0,0.0,0.0,Bali
-0.9863578627155701,-0.4344802351833102,-1.438877827994062,0.7275729529983215,0.0,0.0,0.0,1.0,0.0,0.0,0.0,1.0,Barcelone
0.42485601927130634,0.8774595989091429,-0.20043034125400994,-0.035379434968741796,0.0,0.0,1.0,0.0,0.0,0.0,1.0,0.0,Sydney
0.1560533750833299,1.3902599553595576,1.2857066428340524,-0.33087569695766267,1.0,0.0,0.0,0.0,0.0,1.0,0.0,0.0,New York
-0.31435125224562893,1.6858110590023865,0.6664828994640265,-0.15694784887549304,1.0,0.0,0.0,0.0,0.0,0.0,1.0,0.0,New York
0.6264580024122887,-1.1015812976914097,-1.1911883306460516,-0.21523984811691035,0.0,1.0,0.0,0.0,0.0,1.0,0.0,0.0,Rome
1.5672672570702064,-0.6939510742255859,-1.0673435819720463,-0.08356378685904756,0.0,0.0,1.0,0.0,0.0,0.0,0.0,1.0,Bali
-0.7847558795745877,1.6612457724658396,0.5426381507900213,-0.1275734279440095,0.0,0.0,0.0,1.0,0.0,1.0,0.0,0.0,Sydney
-0.5831538964336054,0.15124831567247782,0.04725915609400046,-0.30755840687579694,1.0,0.0,0.0,0.0,0.0,0.0,0.0,1.0,New York
0.9624613076472592,-1.5222618296297736,-0.44811983860202037,-0.6591445596946306,0.0,0.0,1.0,0.0,0.0,1.0,0.0,0.0,Rio de Janeiro
-1.4567624900445288,0.3669622380715295,0.2949486534420109,-0.32104677611284704,0.0,0.0,0.0,1.0,0.0,0.0,0.0,1.0,Sydney
1.5000665960232122,0.5757671736321774,0.7903276481380317,-0.37899464250046944,0.0,0.0,1.0,0.0,0.0,0.0,0.0,1.0,Sydney
0.22325403613032402,1.1737783677562388,-1.438877827994062,2.2504664973078556,0.0,0.0,1.0,0.0,0.0,0.0,1.0,0.0,Sydney
1.6344679181172004,-1.2044484350631994,0.41879340211601607,-0.6614910975134054,0.0,0.0,1.0,0.0,0.0,0.0,0.0,1.0,Sydney
-0.7847558795745877,0.1573896373066145,-0.44811983860202037,-0.12897882695036214,0.0,0.0,0.0,1.0,0.0,0.0,1.0,0.0,Rio de Janeiro
-0.7847558795745877,0.1504806504682107,1.6572408888560681,-0.5452105491410726,0.0,0.0,0.0,1.0,0.0,0.0,0.0,1.0,Barcelone
1.1640632907882416,1.4938947579356145,0.9141723968120369,-0.2477298593930852,0.0,0.0,0.0,1.0,0.0,1.0,0.0,0.0,Rio de Janeiro
1.5672672570702064,-0.8060301940485808,-1.6865673253420723,1.5889703654817444,0.0,0.0,0.0,0.0,1.0,0.0,1.0,0.0,Londres
1.3656652739292239,1.5222983704934967,-0.07658559258000475,0.07397677221986373,0.0,0.0,0.0,1.0,0.0,0.0,1.0,0.0,Sydney
-0.11274926910464658,1.6850433937981193,-1.438877827994062,2.7345939915847772,0.0,0.0,0.0,0.0,1.0,0.0,1.0,0.0,New York
-0.6503545574805996,1.4178959027131728,-1.6865673253420723,5.800733129118616,1.0,0.0,0.0,0.0,0.0,0.0,1.0,0.0,New York
-1.3895618289975349,-1.0263501076732349,-0.5719645872760255,-0.4721723695282161,0.0,0.0,0.0,1.0,0.0,1.0,0.0,0.0,Rio de Janeiro
-0.38155191329262306,-0.33314842822005464,-1.6865673253420723,2.4845333141874093,0.0,0.0,1.0,0.0,0.0,0.0,1.0,0.0,Sydney
-1.3895618289975349,-1.027885438081769,1.5333961401820628,-0.6941750909703434,0.0,0.0,0.0,1.0,0.0,0.0,1.0,0.0,Barcelone
-0.7175552185275936,0.9665087626041251,-0.44811983860202037,0.12641179567873242,0.0,1.0,0.0,0.0,0.0,1.0,0.0,0.0,Rome
1.5672672570702064,-0.8912410317222275,1.2857066428340524,-0.6632451165368334,0.0,1.0,0.0,0.0,0.0,1.0,0.0,0.0,Le Caire
0.08885271403633577,0.41916347196169146,0.6664828994640265,-0.38540788812071397,0.0,1.0,0.0,0.0,0.0,0.0,0.0,1.0,Tokyo
1.0296619686942534,-0.8935440273350288,-0.44811983860202037,-0.46069586905589394,0.0,0.0,1.0,0.0,0.0,1.0,0.0,0.0,Bali
-0.5159532353866113,-0.5588419982745785,0.04725915609400046,-0.47565826279622075,0.0,0.0,0.0,1.0,0.0,0.0,0.0,1.0,Sydney
1.3656652739292239,1.1492130812196921,-1.6865673253420723,5.29189054462676,0.0,1.0,0.0,0.0,0.0,1.0,0.0,0.0,Rome
-1.3895618289975349,-0.7753235858778972,-1.6865673253420723,1.647123803709385,0.0,1.0,0.0,0.0,0.0,1.0,0.0,0.0,Barcelone
-0.2471505911986348,-0.4521365348814532,-1.3150330793200569,0.401186761282581,0.0,0.0,0.0,0.0,1.0,1.0,0.0,0.0,Rome
0.29045469717731814,-0.475934156213733,-1.0673435819720463,0.034404658534304314,0.0,1.0,0.0,0.0,0.0,1.0,0.0,0.0,Barcelone
-1.2551605069035465,-1.2934975987581816,1.5333961401820628,-0.730105624843018,1.0,0.0,0.0,0.0,0.0,0.0,0.0,1.0,New York
-0.919157201668576,0.6632810069186255,-0.5719645872760255,0.10962658456685974,0.0,0.0,0.0,0.0,1.0,0.0,1.0,0.0,Londres
-0.6503545574805996,1.219070614807997,-1.6865673253420723,5.424189616594642,0.0,0.0,1.0,0.0,0.0,0.0,0.0,1.0,Sydney
0.7608593245062769,0.5166569529036117,-0.20043034125400994,-0.13299417668572125,0.0,1.0,0.0,0.0,0.0,0.0,0.0,1.0,Paris
0.6936586634592828,1.6620134376701068,0.9141723968120369,-0.22004375333670992,0.0,0.0,0.0,0.0,1.0,0.0,0.0,1.0,New York
-0.7847558795745877,-0.1373938011319472,-1.5627225766680672,1.6243474507082365,0.0,1.0,0.0,0.0,0.0,0.0,1.0,0.0,Londres
1.1640632907882416,-0.5411856985764354,0.2949486534420109,-0.5121455205547434,0.0,0.0,1.0,0.0,0.0,0.0,0.0,1.0,Sydney
-0.5159532353866113,-1.237458038846684,-1.0673435819720463,-0.3776541366424739,0.0,0.0,0.0,1.0,0.0,1.0,0.0,0.0,Barcelone
-0.2471505911986348,-0.8996853489691654,0.9141723968120369,-0.6419092141135343,0.0,0.0,0.0,1.0,0.0,0.0,1.0,0.0,Bali
-0.2471505911986348,0.4483347497238408,-0.819654084624036,0.22963416189999586,0.0,1.0,0.0,0.0,0.0,0.0,1.0,0.0,Londres
1.432865934976218,0.441425762885437,0.9141723968120369,-0.4210524685405309,0.0,0.0,0.0,1.0,0.0,1.0,0.0,0.0,Sydney
-0.9863578627155701,-0.006890716406542282,-1.3150330793200569,0.7384768041898587,0.0,0.0,1.0,0.0,0.0,0.0,0.0,1.0,Sydney
-1.523963151091523,0.4667587146262509,0.7903276481380317,-0.3977623515501625,0.0,0.0,0.0,0.0,1.0,0.0,1.0,0.0,New York
-1.5911638121385172,1.4401581936369183,-0.3242750899280151,0.19026877738928807,1.0,0.0,0.0,0.0,0.0,0.0,1.0,0.0,New York
-1.1207591848095584,0.33855862551364724,0.9141723968120369,-0.43799282567091574,1.0,0.0,0.0,0.0,0.0,0.0,1.0,0.0,New York
-0.5159532353866113,-0.5058730991801493,-1.3150330793200569,0.360479342311013,0.0,0.0,1.0,0.0,0.0,1.0,0.0,0.0,Rio de Janeiro
0.22325403613032402,-1.6450882623125078,0.9141723968120369,-0.7646635930210248,0.0,1.0,0.0,0.0,0.0,0.0,1.0,0.0,Londres
-0.7847558795745877,-1.691148174568533,-0.819654084624036,-0.6707752568170163,0.0,0.0,0.0,1.0,0.0,0.0,1.0,0.0,Bali
-0.5831538964336054,0.6985936063149114,1.4095513915080577,-0.44666902043458784,0.0,0.0,0.0,0.0,1.0,0.0,0.0,1.0,Paris
0.42485601927130634,1.315028765341383,1.2857066428340524,-0.3418353884511885,1.0,0.0,0.0,0.0,0.0,0.0,0.0,1.0,Tokyo
0.6936586634592828,-1.3810114320446296,-1.1911883306460516,-0.3916386695403313,1.0,0.0,0.0,0.0,0.0,0.0,1.0,0.0,New York
1.5000665960232122,0.40304250267208264,-1.438877827994062,1.5206406650945992,1.0,0.0,0.0,0.0,0.0,1.0,0.0,0.0,New York
-0.5159532353866113,-0.16579741368982948,0.17110390476800566,-0.409369726623707,1.0,0.0,0.0,0.0,0.0,0.0,1.0,0.0,New York
0.22325403613032402,-0.5335090465337645,1.5333961401820628,-0.6272986059587755,0.0,0.0,1.0,0.0,0.0,0.0,1.0,0.0,Sydney
0.49205668031830047,-1.630502623431433,1.2857066428340524,-0.7709408604987248,0.0,0.0,1.0,0.0,0.0,1.0,0.0,0.0,Bali
-1.1207591848095584,1.3127257697285817,1.1618618941600474,-0.32235845178947736,0.0,0.0,0.0,0.0,1.0,0.0,1.0,0.0,New York
1.3656652739292239,-1.6619768968063837,-0.819654084624036,-0.6584984150835228,0.0,0.0,1.0,0.0,0.0,0.0,0.0,1.0,Bali
1.5672672570702064,-0.4229652571193039,-1.6865673253420723,2.314434507371561,0.0,0.0,0.0,0.0,1.0,0.0,1.0,0.0,Londres
-0.31435125224562893,-0.8290601501765934,-0.9434988332980412,-0.24177233833121334,0.0,0.0,1.0,0.0,0.0,0.0,1.0,0.0,Rio de Janeiro
-0.2471505911986348,0.9611351061742555,0.5426381507900213,-0.2601633267684548,0.0,0.0,0.0,0.0,1.0,0.0,0.0,1.0,Sydney
0.7608593245062769,0.46061739299211424,0.6664828994640265,-0.3779310141090521,0.0,0.0,1.0,0.0,0.0,0.0,0.0,1.0,Sydney
0.3576553582243122,-0.5365797073508329,-0.9434988332980412,-0.1032944116224475,0.0,0.0,1.0,0.0,0.0,0.0,1.0,0.0,Sydney
-0.7175552185275936,1.4946624231398815,-0.20043034125400994,0.1316040806492399,0.0,0.0,1.0,0.0,0.0,0.0,1.0,0.0,Rio de Janeiro
-1.5911638121385172,1.7372446276882814,-0.07658559258000475,0.1282533380854951,1.0,0.0,0.0,0.0,0.0,0.0,1.0,0.0,New York
0.6936586634592828,-0.9603309001062654,-1.5627225766680672,0.5853391812064327,0.0,0.0,0.0,1.0,0.0,1.0,0.0,0.0,Barcelone
1.5000665960232122,1.0578609219119086,-0.819654084624036,0.4861555391735186,0.0,0.0,1.0,0.0,0.0,0.0,0.0,1.0,Sydney
-0.8519565406215819,-0.7745559206736301,1.1618618941600474,-0.6385969943410438,0.0,0.0,1.0,0.0,0.0,0.0,0.0,1.0,Sydney
-1.523963151091523,-0.08288957162898399,1.038017145486042,-0.5211512262226624,1.0,0.0,0.0,0.0,0.0,0.0,0.0,1.0,New York
-0.5831538964336054,-0.059859615500971346,1.2857066428340524,-0.5421293421747062,0.0,1.0,0.0,0.0,0.0,0.0,1.0,0.0,Londres
-1.3223611679505407,-0.2456345949336066,1.038017145486042,-0.5468356732119026,0.0,0.0,0.0,0.0,1.0,0.0,0.0,1.0,Sydney
1.0296619686942534,-1.6420176014954395,1.2857066428340524,-0.7726183642987542,0.0,0.0,0.0,0.0,1.0,1.0,0.0,0.0,Rome
1.432865934976218,0.7930164264397632,-1.0673435819720463,0.7210308565456092,0.0,0.0,0.0,0.0,1.0,0.0,1.0,0.0,Londres
1.29846461288223,0.32166999101977134,-0.9434988332980412,0.30305289037335326,0.0,0.0,1.0,0.0,0.0,1.0,0.0,0.0,Bali
0.3576553582243122,1.237494579710407,-1.1911883306460516,1.2613733630840884,0.0,1.0,0.0,0.0,0.0,0.0,0.0,1.0,Tokyo
0.08885271403633577,-0.8160098417040529,-1.1911883306460516,-0.03496412951934828,0.0,1.0,0.0,0.0,0.0,1.0,0.0,0.0,Rome
1.0968626297412476,0.29480170887042323,-0.3242750899280151,-0.1434426323948524,0.0,1.0,0.0,0.0,0.0,1.0,0.0,0.0,Rome
-1.0535585237625642,0.965741097399858,0.17110390476800566,-0.15725735672847513,1.0,0.0,0.0,0.0,0.0,1.0,0.0,0.0,Rio de Janeiro
1.5000665960232122,0.2541154530442676,-0.819654084624036,0.14789624193752574,0.0,0.0,1.0,0.0,0.0,1.0,0.0,0.0,Bali
-1.6583644731855112,1.0217806573113555,-1.5627225766680672,3.087875890025143,0.0,0.0,0.0,1.0,0.0,0.0,1.0,0.0,Rio de Janeiro
0.22325403613032402,0.8421469995128569,-0.5719645872760255,0.17121638752194945,0.0,0.0,0.0,0.0,1.0,0.0,0.0,1.0,Sydney
-0.38155191329262306,1.742618284118151,-0.3242750899280151,0.27839364029475155,1.0,0.0,0.0,0.0,0.0,1.0,0.0,0.0,Rio de Janeiro
-0.919157201668576,-1.3979000665385055,-1.5627225766680672,0.032881425967600256,0.0,0.0,0.0,1.0,0.0,0.0,1.0,0.0,Barcelone
-0.11274926910464658,1.5998325561244726,0.17110390476800566,-0.01597864741133713,0.0,1.0,0.0,0.0,0.0,1.0,0.0,0.0,Barcelone
0.021652052989341655,1.5384193397831056,-1.438877827994062,2.59575262310596,0.0,0.0,1.0,0.0,0.0,0.0,1.0,0.0,New York
-0.919157201668576,0.5749995084279103,-1.3150330793200569,1.1792799981962667,0.0,0.0,0.0,1.0,0.0,1.0,0.0,0.0,Sydney
0.7608593245062769,0.036098535032414635,-0.6958093359500308,-0.03321947217350213,0.0,0.0,1.0,0.0,0.0,0.0,1.0,0.0,Sydney
-0.31435125224562893,-1.5261001556511091,-0.07658559258000475,-0.6957812386816439,0.0,0.0,0.0,1.0,0.0,0.0,1.0,0.0,Bali
0.021652052989341655,1.6681547593042434,-1.3150330793200569,2.0073852069893077,0.0,0.0,0.0,0.0,1.0,0.0,0.0,1.0,New York
-1.1879598458565523,-0.651729487990896,-0.819654084624036,-0.23333200136569432,1.0,0.0,0.0,0.0,0.0,0.0,0.0,1.0,Tokyo
1.5672672570702064,-1.2773766294685727,0.41879340211601607,-0.6760294635743183,0.0,0.0,0.0,0.0,1.0,1.0,0.0,0.0,Rome
0.29045469717731814,1.2344239188933388,-0.5719645872760255,0.3062910197539276,0.0,0.0,1.0,0.0,0.0,0.0,0.0,1.0,Sydney
1.0968626297412476,-0.5097114252014848,0.04725915609400046,-0.4640275700622671,0.0,0.0,0.0,1.0,0.0,0.0,1.0,0.0,Sydney
-0.17994993015164068,-1.01713812522203,-1.1911883306460516,-0.16193251197246997,1.0,0.0,0.0,0.0,0.0,1.0,0.0,0.0,Rio de Janeiro
0.7608593245062769,-0.6548001488079644,-0.9434988332980412,-0.15926711690630563,0.0,0.0,0.0,1.0,0.0,1.0,0.0,0.0,Barcelone
-1.6583644731855112,1.4869857710972108,1.4095513915080577,-0.33606974504645465,0.0,0.0,1.0,0.0,0.0,0.0,1.0,0.0,Bali
-1.4567624900445288,1.1353951075428845,1.2857066428340524,-0.36800444773164814,0.0,1.0,0.0,0.0,0.0,0.0,0.0,1.0,Tokyo
-1.523963151091523,0.5880498169004508,1.038017145486042,-0.4152634589179644,1.0,0.0,0.0,0.0,0.0,0.0,0.0,1.0,Tokyo
0.8952606466002652,0.4613850581963813,-1.0673435819720463,0.5415858973557218,0.0,1.0,0.0,0.0,0.0,0.0,0.0,1.0,Rome
0.6936586634592828,-0.7960505463931086,-1.3150330793200569,0.14065927986454568,0.0,1.0,0.0,0.0,0.0,0.0,1.0,0.0,Londres
-0.045548608057652464,0.028421882989743758,-0.20043034125400994,-0.2650856144133786,1.0,0.0,0.0,0.0,0.0,0.0,1.0,0.0,New York
-0.7847558795745877,1.2919988092133703,-0.3242750899280151,0.14710101459549518,0.0,0.0,0.0,1.0,0.0,0.0,1.0,0.0,Sydney
-1.1879598458565523,0.8536619775768632,-0.819654084624036,0.4002176470390638,0.0,1.0,0.0,0.0,0.0,0.0,1.0,0.0,Londres
1.0296619686942534,0.8229553694061796,0.9141723968120369,-0.3582214424673868,0.0,1.0,0.0,0.0,0.0,0.0,1.0,0.0,Londres
1.0296619686942534,0.8068344001165708,-1.3150330793200569,1.3549034343307458,0.0,0.0,0.0,0.0,1.0,1.0,0.0,0.0,Rome
-1.3895618289975349,-1.5545037682089915,-1.438877827994062,-0.3330006418215401,1.0,0.0,0.0,0.0,0.0,0.0,1.0,0.0,New York
-1.5911638121385172,-1.1913981265906588,-1.6865673253420723,0.8591447157248548,0.0,1.0,0.0,0.0,0.0,0.0,0.0,1.0,Barcelone
0.8280599855532711,1.6251655078652865,-1.438877827994062,2.6778943751379303,0.0,0.0,0.0,0.0,1.0,0.0,1.0,0.0,New York
-1.2551605069035465,0.6901492890679735,-0.07658559258000475,-0.1361510756313663,1.0,0.0,0.0,0.0,0.0,1.0,0.0,0.0,Rio de Janeiro
1.6344679181172004,1.533045683353236,-0.6958093359500308,0.5337767773443802,0.0,1.0,0.0,0.0,0.0,1.0,0.0,0.0,Le Caire
0.7608593245062769,-0.36769336241207357,-0.6958093359500308,-0.18616307588960787,0.0,0.0,1.0,0.0,0.0,0.0,0.0,1.0,Sydney
0.5592573413652946,1.3511090299419362,-0.07658559258000475,0.030749364405450185,0.0,0.0,1.0,0.0,0.0,0.0,0.0,1.0,Sydney
-0.2471505911986348,-1.5230294948340408,1.1618618941600474,-0.751996251048575,0.0,1.0,0.0,0.0,0.0,0.0,1.0,0.0,Londres
1.0968626297412476,-1.2144280827186715,0.04725915609400046,-0.6308553189649146,0.0,1.0,0.0,0.0,0.0,1.0,0.0,0.0,Rome
0.22325403613032402,-0.001517059976672667,1.5333961401820628,-0.5553336927398058,1.0,0.0,0.0,0.0,0.0,0.0,0.0,1.0,New York
1.432865934976218,0.5335455873974876,0.7903276481380317,-0.386263825583097,0.0,0.0,1.0,0.0,0.0,1.0,0.0,0.0,Sydney
1.2312639518352357,1.657407446444504,1.4095513915080577,-0.31216220937346,0.0,0.0,0.0,0.0,1.0,0.0,0.0,1.0,Tokyo
-1.1207591848095584,-0.5058730991801493,0.41879340211601607,-0.5222288541930832,0.0,0.0,1.0,0.0,0.0,0.0,0.0,1.0,Sydney
-1.3895618289975349,-1.5214941644255067,1.2857066428340524,-0.7550604911917791,0.0,0.0,0.0,1.0,0.0,1.0,0.0,0.0,Rio de Janeiro
1.0296619686942534,-0.07214225876924475,-1.0673435819720463,0.25289551162199103,0.0,0.0,0.0,0.0,1.0,0.0,0.0,1.0,Paris
0.1560533750833299,-0.06676860233937514,-0.07658559258000475,-0.32728212542962526,0.0,1.0,0.0,0.0,0.0,1.0,0.0,0.0,Rome
1.3656652739292239,1.647427798789032,1.038017145486042,-0.24807224738423064,0.0,0.0,0.0,1.0,0.0,0.0,1.0,0.0,Sydney
-1.5911638121385172,0.9350344892291745,1.1618618941600474,-0.37958146132804693,0.0,0.0,1.0,0.0,0.0,0.0,0.0,1.0,Sydney
0.8280599855532711,1.2789485007408299,-0.07658559258000475,0.012527945864845269,0.0,0.0,0.0,0.0,1.0,0.0,1.0,0.0,New York
-1.3895618289975349,0.7177852364215886,-1.3150330793200569,1.2874454257492902,0.0,1.0,0.0,0.0,0.0,0.0,1.0,0.0,Londres
1.5000665960232122,0.4598497277878471,1.5333961401820628,-0.4929225630939173,0.0,1.0,0.0,0.0,0.0,0.0,1.0,0.0,Londres
-1.523963151091523,1.200646649905587,-1.0673435819720463,0.9415986188831786,0.0,0.0,0.0,1.0,0.0,0.0,1.0,0.0,Sydney
0.22325403613032402,-0.21185732594585474,-0.5719645872760255,-0.19171408225203468,0.0,0.0,1.0,0.0,0.0,0.0,1.0,0.0,Sydney
-0.2471505911986348,-1.0555213854353842,0.7903276481380317,-0.6598494434201704,0.0,0.0,1.0,0.0,0.0,0.0,0.0,1.0,Sydney
-0.31435125224562893,-1.5222618296297736,1.4095513915080577,-0.7582208253984335,0.0,0.0,0.0,0.0,1.0,1.0,0.0,0.0,Rome
-0.17994993015164068,-1.070107024316459,0.41879340211601607,-0.6347098968748819,0.0,0.0,1.0,0.0,0.0,0.0,0.0,1.0,Sydney
-1.2551605069035465,-0.4912874602990747,-1.3150330793200569,0.37152849888901,0.0,1.0,0.0,0.0,0.0,0.0,1.0,0.0,Londres
-0.17994993015164068,-1.1683681704626463,0.5426381507900213,-0.6634576023594757,0.0,0.0,0.0,0.0,1.0,1.0,0.0,0.0,Rome
1.5000665960232122,-0.3776730100675457,0.9141723968120369,-0.5559432227056107,0.0,0.0,1.0,0.0,0.0,0.0,1.0,0.0,Sydney
-1.523963151091523,0.036098535032414635,0.04725915609400046,-0.33481784297100076,0.0,0.0,0.0,1.0,0.0,1.0,0.0,0.0,Sydney
0.6936586634592828,-1.4646869393097421,-0.6958093359500308,-0.60166955822861,0.0,0.0,1.0,0.0,0.0,1.0,0.0,0.0,Rio de Janeiro
0.9624613076472592,-1.6067050020991533,-1.5627225766680672,-0.23074753793584246,0.0,1.0,0.0,0.0,0.0,0.0,0.0,1.0,Paris
0.22325403613032402,0.42607245880009526,-0.44811983860202037,-0.0441716941987653,0.0,0.0,0.0,1.0,0.0,0.0,0.0,1.0,Sydney
-1.1207591848095584,-0.038364989781492886,-0.3242750899280151,-0.2405141818897028,0.0,0.0,0.0,1.0,0.0,0.0,1.0,0.0,Barcelone
1.432865934976218,0.35928558602885863,0.6664828994640265,-0.39620781724866977,0.0,0.0,1.0,0.0,0.0,0.0,0.0,1.0,Sydney
-0.045548608057652464,-0.14199979235754975,-0.9434988332980412,0.08352357874055925,0.0,0.0,0.0,1.0,0.0,1.0,0.0,0.0,Rio de Janeiro
-0.11274926910464658,1.104688499372201,-0.5719645872760255,0.26161858756761774,1.0,0.0,0.0,0.0,0.0,1.0,0.0,0.0,Rio de Janeiro
0.42485601927130634,-1.5813720503583395,-1.1911883306460516,-0.5181224398466853,0.0,0.0,0.0,0.0,1.0,0.0,1.0,0.0,Londres
-0.9863578627155701,1.2589892054298857,0.7903276481380317,-0.2613660435270418,0.0,0.0,0.0,0.0,1.0,1.0,0.0,0.0,Sydney
-1.1879598458565523,0.6901492890679735,0.7903276481380317,-0.3593017646948058,1.0,0.0,0.0,0.0,0.0,1.0,0.0,0.0,Rio de Janeiro
0.29045469717731814,0.2034495495626398,-0.07658559258000475,-0.259048728341403,0.0,0.0,1.0,0.0,0.0,0.0,1.0,0.0,Sydney
1.5672672570702064,0.5297072613761521,1.4095513915080577,-0.4703611729033214,0.0,0.0,1.0,0.0,0.0,0.0,0.0,1.0,Sydney
0.7608593245062769,0.2610244398826714,-0.5719645872760255,-0.0288843886025269,0.0,0.0,0.0,1.0,0.0,1.0,0.0,0.0,Sydney
-0.11274926910464658,-0.6286995318628834,0.2949486534420109,-0.5305607841780537,0.0,1.0,0.0,0.0,0.0,0.0,1.0,0.0,Londres
-1.0535585237625642,-0.8927763621307616,1.1618618941600474,-0.656508261554336,0.0,1.0,0.0,0.0,0.0,1.0,0.0,0.0,Rome
0.9624613076472592,0.1335920159743348,0.7903276481380317,-0.45512281442035074,0.0,0.0,0.0,1.0,0.0,0.0,1.0,0.0,Sydney
0.08885271403633577,0.10902672943778799,-0.5719645872760255,-0.08122250441844012,0.0,0.0,0.0,0.0,1.0,0.0,0.0,1.0,Londres
-1.4567624900445288,-0.04604164182416376,-0.20043034125400994,-0.28523163557624454,0.0,1.0,0.0,0.0,0.0,0.0,1.0,0.0,Londres
0.42485601927130634,-0.2625232294274825,-0.5719645872760255,-0.20916012085733907,1.0,0.0,0.0,0.0,0.0,0.0,1.0,0.0,New York
1.5672672570702064,1.2935341396219044,0.17110390476800566,-0.08422344767470041,0.0,0.0,0.0,0.0,1.0,0.0,1.0,0.0,New York
0.42485601927130634,-0.38688499251875075,-1.0673435819720463,0.08258895313158879,1.0,0.0,0.0,0.0,0.0,0.0,1.0,0.0,New York
1.5672672570702064,1.5990648909202054,0.2949486534420109,-0.06177924878466151,0.0,0.0,1.0,0.0,0.0,1.0,0.0,0.0,Bali
-0.7175552185275936,-0.1888273698178421,-1.0673435819720463,0.18975747042554927,0.0,0.0,0.0,1.0,0.0,0.0,1.0,0.0,Rio de Janeiro
-0.045548608057652464,0.7362092013239988,-1.3150330793200569,1.3014022551109707,0.0,1.0,0.0,0.0,0.0,1.0,0.0,0.0,Barcelone
-0.17994993015164068,1.0770525520185859,1.4095513915080577,-0.3935770605841987,0.0,1.0,0.0,0.0,0.0,1.0,0.0,0.0,Rome
0.42485601927130634,-0.3154921285219116,-0.6958093359500308,-0.16639089898334325,0.0,0.0,0.0,1.0,0.0,0.0,0.0,1.0,Sydney
1.432865934976218,1.6827403981853182,-0.6958093359500308,0.5904764022961685,0.0,0.0,0.0,0.0,1.0,0.0,0.0,1.0,Rome
0.8952606466002652,0.32857897785817514,1.6572408888560681,-0.5219491630214456,0.0,1.0,0.0,0.0,0.0,0.0,0.0,1.0,Paris
-0.7175552185275936,-1.2574173341576285,1.4095513915080577,-0.7210672226633741,0.0,1.0,0.0,0.0,0.0,1.0,0.0,0.0,Le Caire
-1.0535585237625642,0.1596926329194158,1.6572408888560681,-0.544007373996954,0.0,1.0,0.0,0.0,0.0,1.0,0.0,0.0,Barcelone
1.0296619686942534,-1.5092115211572332,1.4095513915080577,-0.756390068162213,0.0,0.0,0.0,1.0,0.0,0.0,0.0,1.0,Barcelone
-1.0535585237625642,0.49516232718413317,-0.5719645872760255,0.051737456467440504,0.0,0.0,0.0,1.0,0.0,0.0,0.0,1.0,Sydney
-1.523963151091523,-1.638946940678371,0.17110390476800566,-0.7375947183665496,0.0,0.0,0.0,1.0,0.0,0.0,0.0,1.0,Sydney
-0.7847558795745877,-1.59442235883088,-0.3242750899280151,-0.6938875248068963,0.0,0.0,1.0,0.0,0.0,1.0,0.0,0.0,Bali
-0.8519565406215819,-0.6732241137103745,0.17110390476800566,-0.522426901997349,0.0,0.0,1.0,0.0,0.0,0.0,1.0,0.0,Bali
1.1640632907882416,-0.06600093713510805,-0.3242750899280151,-0.24856619982015127,0.0,1.0,0.0,0.0,0.0,1.0,0.0,0.0,Rome
-1.0535585237625642,-0.590316271649529,0.9141723968120369,-0.5909617221467796,0.0,0.0,1.0,0.0,0.0,1.0,0.0,0.0,Bali
-1.3895618289975349,-0.2279782952354636,-0.819654084624036,-0.054994721447577735,0.0,0.0,1.0,0.0,0.0,0.0,0.0,1.0,Sydney
-0.5159532353866113,-0.7177486955578656,1.5333961401820628,-0.6522215196276828,0.0,1.0,0.0,0.0,0.0,0.0,1.0,0.0,Londres
-0.7175552185275936,1.0816585432441883,1.5333961401820628,-0.4088077294613553,0.0,1.0,0.0,0.0,0.0,0.0,1.0,0.0,Londres
-0.31435125224562893,-0.3062801460707065,0.7903276481380317,-0.530854485444816,0.0,0.0,0.0,1.0,0.0,0.0,0.0,1.0,Sydney
0.6936586634592828,1.2858574875792337,-0.9434988332980412,0.7595575516494945,0.0,0.0,1.0,0.0,0.0,0.0,1.0,0.0,New York
-1.4567624900445288,1.0394369570094986,-0.07658559258000475,-0.04795165609971531,0.0,0.0,0.0,1.0,0.0,1.0,0.0,0.0,Sydney
0.6264580024122887,-1.245902356093622,0.5426381507900213,-0.678141352119639,0.0,0.0,0.0,1.0,0.0,0.0,1.0,0.0,Bali
-0.11274926910464658,0.4782736926902572,-1.0673435819720463,0.5507242980552067,0.0,1.0,0.0,0.0,0.0,0.0,0.0,1.0,Londres
-1.1879598458565523,-1.2750736338557713,1.1618618941600474,-0.7144291126726441,1.0,0.0,0.0,0.0,0.0,1.0,0.0,0.0,Rio de Janeiro
-1.523963151091523,-0.5503976810276405,-0.44811983860202037,-0.3523850452274259,1.0,0.0,0.0,0.0,0.0,0.0,0.0,1.0,Tokyo
0.29045469717731814,0.9987507011833427,-0.44811983860202037,0.13658865160892417,0.0,0.0,1.0,0.0,0.0,0.0,0.0,1.0,Sydney
0.7608593245062769,0.10595606862071963,0.6664828994640265,-0.441899825097714,0.0,0.0,1.0,0.0,0.0,1.0,0.0,0.0,Rio de Janeiro
-0.4487525743396172,0.04991650870922222,-1.1911883306460516,0.5116783720345495,1.0,0.0,0.0,0.0,0.0,0.0,1.0,0.0,New York
-1.3895618289975349,1.7218913236029396,-0.5719645872760255,0.474143057850417,0.0,0.0,0.0,1.0,0.0,1.0,0.0,0.0,Sydney
1.29846461288223,0.6095444426199292,0.2949486534420109,-0.27000095764823234,0.0,0.0,1.0,0.0,0.0,0.0,1.0,0.0,Sydney
-1.2551605069035465,-1.3518401542824803,-0.6958093359500308,-0.558926764034185,0.0,0.0,1.0,0.0,0.0,1.0,0.0,0.0,Bali
1.5672672570702064,-0.6110432321647404,-0.07658559258000475,-0.4647181439965275,0.0,0.0,1.0,0.0,0.0,1.0,0.0,0.0,Bali
-1.1879598458565523,0.5028389792268041,0.04725915609400046,-0.22432626199844116,0.0,0.0,1.0,0.0,0.0,0.0,1.0,0.0,Sydney
0.021652052989341655,1.3280790738139234,0.17110390476800566,-0.07652666569011053,1.0,0.0,0.0,0.0,0.0,1.0,0.0,0.0,Rio de Janeiro
-1.1207591848095584,0.7845721091928253,-1.6865673253420723,4.601318465673528,0.0,1.0,0.0,0.0,0.0,1.0,0.0,0.0,Barcelone
0.22325403613032402,0.6080091122113951,-1.3150330793200569,1.2042859841359441,0.0,1.0,0.0,0.0,0.0,0.0,1.0,0.0,Londres
-0.5831538964336054,-1.2343873780296157,0.04725915609400046,-0.6355802878880834,0.0,1.0,0.0,0.0,0.0,0.0,0.0,1.0,Barcelone
-0.7175552185275936,-0.18422137859223958,0.41879340211601607,-0.45810700809284677,0.0,0.0,0.0,0.0,1.0,0.0,0.0,1.0,Rome
-1.523963151091523,-0.17500939614103453,1.5333961401820628,-0.5788027697780268,0.0,1.0,0.0,0.0,0.0,0.0,1.0,0.0,Barcelone
-1.2551605069035465,-0.8344338066064629,0.04725915609400046,-0.540899179850742,0.0,0.0,0.0,0.0,1.0,0.0,0.0,1.0,Paris
-0.17994993015164068,-0.3784406752718128,-1.6865673253420723,2.3987569928016397,0.0,1.0,0.0,0.0,0.0,1.0,0.0,0.0,Rome
-0.2471505911986348,-0.4521365348814532,-1.1911883306460516,0.19474202804851304,0.0,0.0,0.0,1.0,0.0,1.0,0.0,0.0,Rio de Janeiro
0.6264580024122887,-1.322668876520331,-0.5719645872760255,-0.5742052619774207,0.0,0.0,0.0,0.0,1.0,0.0,1.0,0.0,Londres
-0.38155191329262306,1.7241943192157407,1.038017145486042,-0.23595694220062674,0.0,1.0,0.0,0.0,0.0,1.0,0.0,0.0,Barcelone
1.5672672570702064,-0.21032199553732056,0.9141723968120369,-0.5283835372248353,1.0,0.0,0.0,0.0,0.0,0.0,1.0,0.0,New York
1.6344679181172004,-0.8528577715088731,-1.6865673253420723,1.5002863721845925,1.0,0.0,0.0,0.0,0.0,0.0,0.0,1.0,Tokyo
-1.7255651342325053,-0.6609414704421012,-0.9434988332980412,-0.1621747899080645,1.0,0.0,0.0,0.0,0.0,1.0,0.0,0.0,Rio de Janeiro
-0.045548608057652464,-1.306547907230722,1.5333961401820628,-0.7318709978945656,0.0,0.0,0.0,1.0,0.0,0.0,1.0,0.0,Rio de Janeiro
1.1640632907882416,-0.8183128373168541,0.04725915609400046,-0.5370828587974135,0.0,1.0,0.0,0.0,0.0,0.0,0.0,1.0,Rome
0.1560533750833299,-1.3602844715294182,-0.819654084624036,-0.5315300255766029,0.0,0.0,1.0,0.0,0.0,0.0,1.0,0.0,Rio de Janeiro
1.5000665960232122,1.4225018939387752,-1.438877827994062,2.4859879810101417,0.0,0.0,1.0,0.0,0.0,0.0,1.0,0.0,New York
0.6936586634592828,-1.0340267597159059,-0.5719645872760255,-0.474815708710838,1.0,0.0,0.0,0.0,0.0,1.0,0.0,0.0,Rio de Janeiro
-1.0535585237625642,-0.27480587269575596,0.6664828994640265,-0.5105762975011258,0.0,0.0,1.0,0.0,0.0,0.0,0.0,1.0,Sydney
1.432865934976218,0.6556043548759546,-1.3150330793200569,1.2403411266536186,0.0,0.0,1.0,0.0,0.0,1.0,0.0,0.0,Sydney
0.6936586634592828,-0.5695893111343177,-0.07658559258000475,-0.45425052057958437,0.0,0.0,0.0,0.0,1.0,0.0,1.0,0.0,Londres
-1.5911638121385172,-1.3848497580659649,0.04725915609400046,-0.6711992843858164,0.0,0.0,0.0,1.0,0.0,1.0,0.0,0.0,Bali
-0.7847558795745877,-0.29860349402803565,-0.819654084624036,-0.08471760143393052,0.0,0.0,0.0,0.0,1.0,0.0,1.0,0.0,Londres
1.2312639518352357,1.6881140546151876,-0.44811983860202037,0.35417952364016403,0.0,0.0,0.0,1.0,0.0,1.0,0.0,0.0,Rio de Janeiro
0.6936586634592828,0.33164963867524344,-1.1911883306460516,0.6895310298982733,1.0,0.0,0.0,0.0,0.0,1.0,0.0,0.0,New York
-1.5911638121385172,1.5530049786641802,1.2857066428340524,-0.30716697658391295,1.0,0.0,0.0,0.0,0.0,1.0,0.0,0.0,Rio de Janeiro
1.3656652739292239,-0.6025989149178025,1.038017145486042,-0.6031718423156607,0.0,0.0,0.0,0.0,1.0,0.0,1.0,0.0,Rome
-0.2471505911986348,-0.8774230580454199,-0.9434988332980412,-0.2646702632200644,0.0,0.0,1.0,0.0,0.0,1.0,0.0,0.0,Bali
-0.17994993015164068,1.657407446444504,-0.9434988332980412,0.9354717682559056,0.0,0.0,1.0,0.0,0.0,0.0,0.0,1.0,Sydney
0.8280599855532711,-0.15351477042155606,0.04725915609400046,-0.3797050477411032,0.0,0.0,1.0,0.0,0.0,0.0,1.0,0.0,Sydney
0.42485601927130634,-1.314224559273393,0.9141723968120369,-0.7101763249374734,1.0,0.0,0.0,0.0,0.0,1.0,0.0,0.0,Rio de Janeiro
-0.5831538964336054,1.2912311440091033,-1.3150330793200569,1.7218517396315944,0.0,0.0,1.0,0.0,0.0,1.0,0.0,0.0,Sydney
1.3656652739292239,-1.1430352187218322,-1.0673435819720463,-0.32656216909535324,0.0,0.0,1.0,0.0,0.0,0.0,0.0,1.0,Bali
-1.7255651342325053,-0.5365797073508329,0.7903276481380317,-0.5705045749864208,0.0,0.0,0.0,0.0,1.0,1.0,0.0,0.0,Sydney
-1.3895618289975349,1.1783843589818415,-0.3242750899280151,0.11399827421476275,1.0,0.0,0.0,0.0,0.0,0.0,1.0,0.0,New York
0.08885271403633577,1.2405652405274754,-1.1911883306460516,1.263311811671159,0.0,1.0,0.0,0.0,0.0,0.0,1.0,0.0,Londres
0.8280599855532711,-1.6335732842485013,-1.3150330793200569,-0.4937949215351787,0.0,0.0,0.0,1.0,0.0,0.0,0.0,1.0,Barcelone
1.0296619686942534,-1.0946723108530059,1.1618618941600474,-0.6870969841328802,0.0,0.0,0.0,1.0,0.0,0.0,0.0,1.0,Sydney
-0.4487525743396172,1.7180529975816041,0.04725915609400046,0.0633516535929437,0.0,0.0,1.0,0.0,0.0,0.0,0.0,1.0,Sydney
1.0968626297412476,1.1461424204026236,-0.6958093359500308,0.38723005439206604,0.0,0.0,0.0,1.0,0.0,1.0,0.0,0.0,Sydney
-0.31435125224562893,-0.3983999705827571,0.2949486534420109,-0.4820995641167107,0.0,0.0,0.0,1.0,0.0,1.0,0.0,0.0,Sydney
-0.17994993015164068,1.044042948235101,-0.3242750899280151,0.07485652038619396,0.0,0.0,1.0,0.0,0.0,0.0,0.0,1.0,Sydney
-1.1879598458565523,-0.3592490451651356,0.9141723968120369,-0.5529091288912135,0.0,0.0,0.0,1.0,0.0,1.0,0.0,0.0,Sydney
0.021652052989341655,-0.8804937188624883,-1.3150330793200569,0.07669047862351021,0.0,0.0,1.0,0.0,0.0,1.0,0.0,0.0,Rio de Janeiro
-0.11274926910464658,-0.23719027768666864,0.04725915609400046,-0.399513571303618,0.0,1.0,0.0,0.0,0.0,1.0,0.0,0.0,Barcelone
-1.5911638121385172,-1.593654693626613,0.17110390476800566,-0.727503381986754,0.0,0.0,0.0,0.0,1.0,1.0,0.0,0.0,Sydney
0.49205668031830047,0.3738712249099333,-1.0673435819720463,0.49423236645839036,0.0,1.0,0.0,0.0,0.0,0.0,0.0,1.0,Rome
0.7608593245062769,1.1852933458202453,0.41879340211601607,-0.185091797012127,1.0,0.0,0.0,0.0,0.0,0.0,0.0,1.0,New York
0.5592573413652946,-0.020708690083349864,1.6572408888560681,-0.5675695539026108,0.0,0.0,0.0,0.0,1.0,0.0,1.0,0.0,New York
1.432865934976218,-1.3902234144958345,1.1618618941600474,-0.7318751521661105,0.0,0.0,0.0,1.0,0.0,0.0,1.0,0.0,Bali
0.49205668031830047,1.2789485007408299,-0.6958093359500308,0.43753279858006283,0.0,0.0,0.0,0.0,1.0,1.0,0.0,0.0,Rome
0.8952606466002652,0.9626704365827897,0.41879340211601607,-0.22947207235596595,0.0,0.0,0.0,1.0,0.0,1.0,0.0,0.0,Sydney
-1.1879598458565523,-1.0724100199292603,1.038017145486042,-0.6773175100393166,0.0,0.0,0.0,1.0,0.0,1.0,0.0,0.0,Bali
1.0968626297412476,1.4079162550577007,-0.5719645872760255,0.36603048528118204,0.0,0.0,0.0,0.0,1.0,0.0,0.0,1.0,Londres
-0.5159532353866113,-1.6888451789557317,-0.5719645872760255,-0.7002925409884844,1.0,0.0,0.0,0.0,0.0,1.0,0.0,0.0,Rio de Janeiro
0.7608593245062769,0.6225947510924698,-0.5719645872760255,0.0956168868989637,0.0,0.0,0.0,1.0,0.0,1.0,0.0,0.0,Sydney
-0.9863578627155701,-0.5634479895001809,-0.5719645872760255,-0.3127790168161168,0.0,0.0,0.0,1.0,0.0,1.0,0.0,0.0,Rio de Janeiro
-0.5159532353866113,0.09827941657804876,-0.20043034125400994,-0.24618573888945275,0.0,0.0,0.0,1.0,0.0,0.0,1.0,0.0,Sydney
1.432865934976218,-0.1504441096044877,-1.6865673253420723,2.8305462716418717,1.0,0.0,0.0,0.0,0.0,1.0,0.0,0.0,Rio de Janeiro
0.7608593245062769,-0.9419069352038553,-1.3150330793200569,0.03016771408457532,0.0,0.0,0.0,0.0,1.0,0.0,0.0,1.0,Rome
-0.045548608057652464,1.5023390751825525,-1.0673435819720463,1.1048436859239792,1.0,0.0,0.0,0.0,0.0,0.0,1.0,0.0,New York
-1.0535585237625642,-1.6665828880319862,1.5333961401820628,-0.7805745250225551,0.0,0.0,0.0,0.0,1.0,1.0,0.0,0.0,Sydney
0.29045469717731814,-1.062430372273788,-0.3242750899280151,-0.5388861796457641,0.0,0.0,0.0,1.0,0.0,0.0,1.0,0.0,Barcelone
0.1560533750833299,0.46522338421771675,-1.0673435819720463,0.5436628066056047,1.0,0.0,0.0,0.0,0.0,1.0,0.0,0.0,New York
0.1560533750833299,0.6556043548759546,1.038017145486042,-0.4046019903563929,0.0,1.0,0.0,0.0,0.0,0.0,0.0,1.0,Londres
-0.7847558795745877,-0.3661580320035394,-1.0673435819720463,0.0938042630809567,1.0,0.0,0.0,0.0,0.0,1.0,0.0,0.0,Rio de Janeiro
0.42485601927130634,-1.2428316952765537,0.41879340211601607,-0.6691428691244121,0.0,0.0,1.0,0.0,0.0,0.0,1.0,0.0,Bali
-1.5911638121385172,1.4846827754844094,1.2857066428340524,-0.31712016579742114,0.0,1.0,0.0,0.0,0.0,1.0,0.0,0.0,Barcelone
-0.8519565406215819,-0.02224402049188404,1.1618618941600474,-0.5246162029837304,1.0,0.0,0.0,0.0,0.0,0.0,1.0,0.0,New York
-1.7255651342325053,1.3626240080059424,-0.07658559258000475,0.03365703757682318,0.0,1.0,0.0,0.0,0.0,1.0,0.0,0.0,Le Caire
-1.5911638121385172,-0.30704781127497366,-0.20043034125400994,-0.35584655511618707,0.0,0.0,1.0,0.0,0.0,0.0,0.0,1.0,Sydney
1.0296619686942534,1.6006002213287396,-1.1911883306460516,1.4905949085051822,0.0,0.0,0.0,0.0,1.0,0.0,1.0,0.0,Londres
-1.1879598458565523,-1.4063443837854435,-0.3242750899280151,-0.6390890694469001,0.0,1.0,0.0,0.0,0.0,0.0,1.0,0.0,Londres
0.8952606466002652,0.8237230346104468,-0.819654084624036,0.38761773052311005,1.0,0.0,0.0,0.0,0.0,0.0,0.0,1.0,New York
1.6344679181172004,-1.0033201515452224,-0.6958093359500308,-0.4269184064541241,1.0,0.0,0.0,0.0,0.0,0.0,0.0,1.0,New York
0.021652052989341655,1.1507484116282263,-1.438877827994062,2.228658952520607,0.0,0.0,1.0,0.0,0.0,1.0,0.0,0.0,Sydney
0.22325403613032402,-1.4969288778889598,-0.07658559258000475,-0.6884151333141653,0.0,0.0,0.0,1.0,0.0,0.0,1.0,0.0,Bali
0.22325403613032402,1.3303820694267248,-0.3242750899280151,0.15828437283222907,0.0,0.0,0.0,0.0,1.0,0.0,0.0,1.0,Sydney
-1.1879598458565523,-1.149176540355969,-0.819654084624036,-0.4426844604000049,1.0,0.0,0.0,0.0,0.0,0.0,1.0,0.0,New York
1.432865934976218,-1.4516366308372015,-0.9434988332980412,-0.5365376888845178,0.0,0.0,0.0,0.0,1.0,1.0,0.0,0.0,Barcelone
-0.4487525743396172,0.5189599485164129,1.1618618941600474,-0.44261981736443856,0.0,0.0,1.0,0.0,0.0,1.0,0.0,0.0,Sydney
1.0296619686942534,1.7188206627858713,-1.1911883306460516,1.5652251791073988,1.0,0.0,0.0,0.0,0.0,1.0,0.0,0.0,Rio de Janeiro
1.2312639518352357,0.8022284088909684,1.2857066428340524,-0.4165402243458339,0.0,1.0,0.0,0.0,0.0,1.0,0.0,0.0,Rome
-1.4567624900445288,0.3439322819435169,1.2857066428340524,-0.4833048755870064,0.0,0.0,0.0,1.0,0.0,0.0,1.0,0.0,Sydney
-1.2551605069035465,0.8897422421774164,1.038017145486042,-0.3676503095464011,0.0,1.0,0.0,0.0,0.0,1.0,0.0,0.0,Barcelone
1.2312639518352357,-0.12818181868074216,-1.6865673253420723,2.8727075143569105,1.0,0.0,0.0,0.0,0.0,0.0,0.0,1.0,New York
0.3576553582243122,-0.3730670188419432,-0.6958093359500308,-0.1881984470417234,0.0,1.0,0.0,0.0,0.0,0.0,1.0,0.0,Londres
-0.38155191329262306,1.1837580154117109,-0.07658559258000475,-0.01150881901850564,1.0,0.0,0.0,0.0,0.0,1.0,0.0,0.0,Rio de Janeiro
1.0296619686942534,1.5468636570300436,0.6664828994640265,-0.1820092228775446,0.0,1.0,0.0,0.0,0.0,0.0,1.0,0.0,Londres
0.8280599855532711,-1.3433958370355423,0.41879340211601607,-0.6891905107452497,0.0,0.0,0.0,1.0,0.0,1.0,0.0,0.0,Bali
-0.5831538964336054,0.6325743987479419,-0.07658559258000475,-0.1506894414882318,0.0,0.0,0.0,0.0,1.0,1.0,0.0,0.0,Sydney
-0.5831538964336054,0.04991650870922222,-1.1911883306460516,0.5116783720345495,0.0,0.0,1.0,0.0,0.0,1.0,0.0,0.0,Rio de Janeiro
0.1560533750833299,-0.9564925740849299,0.04725915609400046,-0.5697941821116581,0.0,0.0,0.0,0.0,1.0,0.0,0.0,1.0,Barcelone
0.22325403613032402,0.04991650870922222,-1.5627225766680672,1.8608381389157367,0.0,0.0,0.0,1.0,0.0,1.0,0.0,0.0,Sydney
-1.4567624900445288,-0.4912874602990747,1.6572408888560681,-0.6290317508480048,0.0,0.0,0.0,0.0,1.0,0.0,0.0,1.0,Barcelone
1.7016685791641946,-1.0240471120604338,0.2949486534420109,-0.6137525452833594,0.0,0.0,0.0,0.0,1.0,1.0,0.0,0.0,Sydney
-0.31435125224562893,0.5059096400438724,0.2949486534420109,-0.29180850667583674,0.0,0.0,0.0,1.0,0.0,0.0,1.0,0.0,Sydney
0.5592573413652946,1.7195883279901383,-0.3242750899280151,0.2716836253527111,0.0,0.0,0.0,1.0,0.0,0.0,1.0,0.0,Sydney
-1.2551605069035465,0.9956800403662744,1.4095513915080577,-0.4049923704100431,0.0,1.0,0.0,0.0,0.0,0.0,0.0,1.0,Tokyo
-0.17994993015164068,0.886671581360348,0.2949486534420109,-0.21168595617441613,0.0,0.0,1.0,0.0,0.0,1.0,0.0,0.0,Sydney
0.3576553582243122,-1.0892986544231362,-1.5627225766680672,0.42250952703077677,0.0,0.0,0.0,0.0,1.0,0.0,1.0,0.0,Londres
-0.919157201668576,-1.2558820037490943,0.17110390476800566,-0.652245958137431,0.0,0.0,0.0,1.0,0.0,0.0,0.0,1.0,Barcelone
-0.045548608057652464,0.7116439147874519,-0.20043034125400994,-0.08024067797058781,1.0,0.0,0.0,0.0,0.0,1.0,0.0,0.0,Tokyo
0.49205668031830047,-1.2551143385448271,1.5333961401820628,-0.7249133511619956,0.0,0.0,0.0,1.0,0.0,0.0,1.0,0.0,Rio de Janeiro
-0.7175552185275936,1.0233159877198896,1.5333961401820628,-0.41669998545650927,1.0,0.0,0.0,0.0,0.0,1.0,0.0,0.0,Rio de Janeiro
-1.5911638121385172,1.5545403090727143,0.2949486534420109,-0.07114841799652108,0.0,0.0,1.0,0.0,0.0,0.0,0.0,1.0,Sydney
-1.1207591848095584,-0.1711710701196991,-0.819654084624036,-0.031087187545511395,0.0,1.0,0.0,0.0,0.0,0.0,0.0,1.0,Barcelone
-1.3895618289975349,0.9987507011833427,1.1618618941600474,-0.36992798614166217,0.0,0.0,0.0,0.0,1.0,1.0,0.0,0.0,Sydney
1.1640632907882416,-1.2336197128253488,1.2857066428340524,-0.7131228961910426,0.0,1.0,0.0,0.0,0.0,1.0,0.0,0.0,Le Caire
0.42485601927130634,-0.0936368844887232,-1.5627225766680672,1.6795932262321196,0.0,1.0,0.0,0.0,0.0,0.0,1.0,0.0,Londres
0.08885271403633577,-0.8689787407984819,1.038017145486042,-0.6452119513027662,0.0,0.0,0.0,0.0,1.0,1.0,0.0,0.0,Rome
1.1640632907882416,-1.471595926148146,1.2857066428340524,-0.7477913080583183,0.0,1.0,0.0,0.0,0.0,0.0,0.0,1.0,Rome
-0.11274926910464658,-0.45751019131132287,0.2949486534420109,-0.49453794393245537,0.0,0.0,0.0,1.0,0.0,0.0,1.0,0.0,Rio de Janeiro
-0.7175552185275936,-1.6404822710869051,-1.0673435819720463,-0.5957296078801841,0.0,0.0,1.0,0.0,0.0,1.0,0.0,0.0,Bali
1.29846461288223,-0.8505547758960719,1.6572408888560681,-0.675955581468632,0.0,1.0,0.0,0.0,0.0,1.0,0.0,0.0,Le Caire
0.5592573413652946,0.14971298526394364,1.4095513915080577,-0.5236685159579718,0.0,0.0,1.0,0.0,0.0,0.0,1.0,0.0,New York
-1.3223611679505407,-0.5534683418447088,-0.20043034125400994,-0.42251534679948577,0.0,0.0,1.0,0.0,0.0,1.0,0.0,0.0,Rio de Janeiro
0.1560533750833299,0.9519231237230504,1.1618618941600474,-0.37702270886900513,0.0,0.0,1.0,0.0,0.0,1.0,0.0,0.0,Sydney
-1.7255651342325053,-0.5534683418447088,-0.3242750899280151,-0.3905948494266722,0.0,1.0,0.0,0.0,0.0,0.0,1.0,0.0,Londres
0.42485601927130634,-0.14660578358315227,-0.6958093359500308,-0.10242209134542833,0.0,1.0,0.0,0.0,0.0,0.0,0.0,1.0,Barcelone
-0.38155191329262306,-0.9426746004081223,-0.3242750899280151,-0.5039941019471542,1.0,0.0,0.0,0.0,0.0,1.0,0.0,0.0,Rio de Janeiro
-1.2551605069035465,-0.3738346840462103,-0.5719645872760255,-0.2474885390053563,0.0,0.0,0.0,0.0,1.0,0.0,1.0,0.0,Londres
1.3656652739292239,-0.052182963458300466,-1.6865673253420723,3.0166372739703213,0.0,0.0,0.0,0.0,1.0,0.0,0.0,1.0,Rome
0.6936586634592828,0.0706434692244336,0.6664828994640265,-0.44826901407061104,0.0,0.0,1.0,0.0,0.0,0.0,1.0,0.0,Londres
-0.7847558795745877,-0.05525362427536882,0.04725915609400046,-0.3564436622731958,0.0,0.0,1.0,0.0,0.0,1.0,0.0,0.0,Sydney
-1.3223611679505407,-1.6496942535381103,0.2949486534420109,-0.7454055264500081,0.0,0.0,1.0,0.0,0.0,0.0,1.0,0.0,Bali
1.5000665960232122,-0.6095079017562063,0.6664828994640265,-0.5709451321138024,0.0,0.0,0.0,0.0,1.0,0.0,0.0,1.0,Rome
1.7016685791641946,-1.062430372273788,0.5426381507900213,-0.6433946571426188,1.0,0.0,0.0,0.0,0.0,1.0,0.0,0.0,Rio de Janeiro
1.29846461288223,-0.6931834090213188,-1.1911883306460516,0.04257381396347408,1.0,0.0,0.0,0.0,0.0,0.0,0.0,1.0,Tokyo
0.8952606466002652,0.8221877042019126,-1.1911883306460516,0.9991981916827952,0.0,0.0,0.0,0.0,1.0,1.0,0.0,0.0,Rome
0.1560533750833299,1.5361163441703043,0.41879340211601607,-0.11515460448752557,0.0,0.0,0.0,1.0,0.0,0.0,1.0,0.0,New York
-0.4487525743396172,-1.5629480854559294,-0.6958093359500308,-0.6388877735815787,0.0,0.0,1.0,0.0,0.0,1.0,0.0,0.0,Bali
-0.17994993015164068,-0.9710782129660046,0.2949486534420109,-0.6026064646692504,0.0,0.0,0.0,1.0,0.0,0.0,0.0,1.0,Barcelone
1.6344679181172004,0.07294646483723485,0.04725915609400046,-0.32609482342053553,0.0,1.0,0.0,0.0,0.0,1.0,0.0,0.0,Rome
-0.9863578627155701,-1.1015812976914097,0.6664828994640265,-0.6596983958448245,0.0,0.0,0.0,0.0,1.0,1.0,0.0,0.0,Rome
0.021652052989341655,0.8221877042019126,-0.44811983860202037,0.08085825008644615,0.0,0.0,0.0,0.0,1.0,0.0,1.0,0.0,Londres
0.8952606466002652,0.2164998580351803,0.5426381507900213,-0.40118547793041953,1.0,0.0,0.0,0.0,0.0,1.0,0.0,0.0,Rio de Janeiro
0.1560533750833299,0.07678479085857029,0.41879340211601607,-0.40607496113800107,0.0,0.0,1.0,0.0,0.0,0.0,1.0,0.0,Sydney
-0.11274926910464658,-0.3730670188419432,0.5426381507900213,-0.5128401295720576,0.0,0.0,0.0,0.0,1.0,1.0,0.0,0.0,Sydney
1.2312639518352357,0.5680905215895066,0.41879340211601607,-0.3081322845171151,0.0,1.0,0.0,0.0,0.0,1.0,0.0,0.0,Rome
1.7016685791641946,0.8912775725859505,-1.6865673253420723,4.803401663514579,0.0,1.0,0.0,0.0,0.0,1.0,0.0,0.0,Le Caire
-0.5831538964336054,-0.15888842685142568,0.04725915609400046,-0.38097715475887933,0.0,0.0,0.0,1.0,0.0,0.0,1.0,0.0,Sydney
1.29846461288223,-1.0724100199292603,-0.5719645872760255,-0.4880324046239474,0.0,0.0,0.0,1.0,0.0,0.0,0.0,1.0,Sydney
-1.7255651342325053,0.11977404229752721,-1.5627225766680672,1.9490375349275502,1.0,0.0,0.0,0.0,0.0,1.0,0.0,0.0,Rio de Janeiro
1.2312639518352357,1.1676370461221022,1.2857066428340524,-0.3633074370915656,0.0,0.0,0.0,0.0,1.0,0.0,1.0,0.0,New York
1.6344679181172004,-1.31499222447766,1.4095513915080577,-0.7291440928231696,0.0,0.0,1.0,0.0,0.0,0.0,0.0,1.0,Sydney
-1.7255651342325053,-1.3556784803038155,1.4095513915080577,-0.7348517477360917,0.0,0.0,0.0,1.0,0.0,0.0,0.0,1.0,Rio de Janeiro
0.6936586634592828,0.5089803008609407,-1.438877827994062,1.6209553711159435,0.0,0.0,0.0,1.0,0.0,1.0,0.0,0.0,Sydney
-1.523963151091523,1.541490000600174,0.41879340211601607,-0.11408335646198466,0.0,0.0,1.0,0.0,0.0,1.0,0.0,0.0,Bali
1.0968626297412476,0.6463923724247495,-1.3150330793200569,1.2333627119727786,1.0,0.0,0.0,0.0,0.0,0.0,1.0,0.0,New York
0.08885271403633577,-1.5928870284223458,-1.3150330793200569,-0.46297359002813426,0.0,1.0,0.0,0.0,0.0,1.0,0.0,0.0,Rome
-0.7847558795745877,-0.31856278933897997,0.6664828994640265,-0.5184685534023243,0.0,1.0,0.0,0.0,0.0,1.0,0.0,0.0,Barcelone
-0.6503545574805996,1.2827868267621654,0.41879340211601607,-0.16565629712016994,0.0,0.0,1.0,0.0,0.0,0.0,1.0,0.0,Sydney
-1.5911638121385172,-1.3794761016360955,0.04725915609400046,-0.6699271773680403,1.0,0.0,0.0,0.0,0.0,0.0,0.0,1.0,Tokyo
-1.1207591848095584,-1.1384292274962298,-1.6865673253420723,0.9594593966675349,0.0,0.0,0.0,1.0,0.0,0.0,0.0,1.0,Barcelone
0.8952606466002652,0.3255083170411068,1.5333961401820628,-0.5110955209774956,0.0,1.0,0.0,0.0,0.0,0.0,1.0,0.0,Londres
0.08885271403633577,0.6640486721228925,-0.3242750899280151,-0.03585872615747196,0.0,0.0,1.0,0.0,0.0,0.0,1.0,0.0,Sydney
1.1640632907882416,0.036098535032414635,0.9141723968120369,-0.4878025324572715,0.0,0.0,1.0,0.0,0.0,0.0,0.0,1.0,Sydney
1.2312639518352357,1.5038744055910866,-1.438877827994062,2.5630413059250876,0.0,0.0,1.0,0.0,0.0,0.0,1.0,0.0,New York
0.1560533750833299,0.012300913700134914,-0.07658559258000475,-0.3073161029861966,0.0,0.0,1.0,0.0,0.0,0.0,0.0,1.0,Sydney
-1.4567624900445288,0.32166999101977134,-1.3150330793200569,0.9873735944731602,1.0,0.0,0.0,0.0,0.0,0.0,1.0,0.0,New York
-1.4567624900445288,-1.5974930196479482,-0.44811983860202037,-0.6828905568650777,0.0,0.0,0.0,0.0,1.0,0.0,0.0,1.0,Tokyo
-1.3223611679505407,0.641786381199147,1.6572408888560681,-0.48104120812141166,0.0,0.0,0.0,1.0,0.0,0.0,1.0,0.0,Sydney
0.22325403613032402,-1.5023025343188294,1.2857066428340524,-0.7522646515250634,0.0,0.0,0.0,1.0,0.0,1.0,0.0,0.0,Rio de Janeiro
-1.2551605069035465,1.1653340505093008,0.04725915609400046,-0.06749363966403488,0.0,0.0,0.0,0.0,1.0,0.0,0.0,1.0,Sydney
-1.1207591848095584,1.4301785459814462,-1.5627225766680672,3.603503128248053,0.0,0.0,1.0,0.0,0.0,1.0,0.0,0.0,Rio de Janeiro
-0.6503545574805996,-0.5619126590916468,0.6664828994640265,-0.5623605730633758,0.0,1.0,0.0,0.0,0.0,0.0,1.0,0.0,Londres
0.8952606466002652,0.2211058492607828,0.6664828994640265,-0.4211307306208757,0.0,1.0,0.0,0.0,0.0,0.0,1.0,0.0,Londres
1.7016685791641946,0.28789272203201943,1.4095513915080577,-0.5042840275744626,0.0,0.0,1.0,0.0,0.0,0.0,0.0,1.0,Sydney
0.08885271403633577,0.6187564250711343,0.9141723968120369,-0.39184931557695685,1.0,0.0,0.0,0.0,0.0,1.0,0.0,0.0,Rio de Janeiro
0.7608593245062769,1.4532085021094587,0.6664828994640265,-0.1989014197187063,0.0,0.0,1.0,0.0,0.0,0.0,1.0,0.0,New York
-0.2471505911986348,1.1069914949850022,0.9141723968120369,-0.3114458294954285,1.0,0.0,0.0,0.0,0.0,0.0,1.0,0.0,New York
1.432865934976218,-0.9979464951153527,1.038017145486042,-0.6655656640112207,0.0,0.0,0.0,1.0,0.0,0.0,0.0,1.0,Barcelone
0.8280599855532711,1.0509519350735048,1.038017145486042,-0.3422081686608329,0.0,0.0,0.0,1.0,0.0,0.0,0.0,1.0,Sydney
-0.5159532353866113,0.4391227672726358,1.5333961401820628,-0.49572639088166937,0.0,1.0,0.0,0.0,0.0,0.0,1.0,0.0,Londres
0.021652052989341655,-0.7023953914725238,1.5333961401820628,-0.6501446101552738,0.0,0.0,0.0,0.0,1.0,0.0,0.0,1.0,Barcelone
-0.5159532353866113,-1.6159169845503585,-0.9434988332980412,-0.6143179416815675,1.0,0.0,0.0,0.0,0.0,1.0,0.0,0.0,Rio de Janeiro
0.021652052989341655,-1.5314738120809788,1.1618618941600474,-0.7532756272780958,1.0,0.0,0.0,0.0,0.0,0.0,1.0,0.0,New York
1.6344679181172004,-0.8735847320240845,1.038017145486042,-0.6459388696137826,0.0,0.0,0.0,0.0,1.0,0.0,0.0,1.0,Rome
1.0296619686942534,0.2510447922271992,-0.5719645872760255,-0.03232072953993526,0.0,1.0,0.0,0.0,0.0,1.0,0.0,0.0,Rome
-0.5159532353866113,-1.5299384816724446,-0.6958093359500308,-0.6263847793614407,0.0,1.0,0.0,0.0,0.0,0.0,1.0,0.0,Londres
0.8280599855532711,0.1013500773951171,-1.0673435819720463,0.34677180971670063,1.0,0.0,0.0,0.0,0.0,0.0,0.0,1.0,New York
1.5000665960232122,0.4636880538091826,-0.819654084624036,0.23609565754920303,0.0,0.0,0.0,1.0,0.0,0.0,1.0,0.0,Sydney
-0.5159532353866113,-1.4193946922579839,-0.5719645872760255,-0.6075113356784565,0.0,0.0,0.0,1.0,0.0,1.0,0.0,0.0,Bali
-0.9863578627155701,-0.7507582993413504,1.1618618941600474,-0.634991479512394,0.0,0.0,1.0,0.0,0.0,1.0,0.0,0.0,Bali
0.42485601927130634,-0.8198481677253883,1.038017145486042,-0.6374581559852597,0.0,0.0,0.0,1.0,0.0,1.0,0.0,0.0,Barcelone
-1.3895618289975349,0.6463923724247495,1.6572408888560681,-0.48043962054935224,0.0,0.0,0.0,0.0,1.0,0.0,0.0,1.0,Tokyo
-1.3223611679505407,0.1589249677151487,1.5333961401820628,-0.5336299887531324,1.0,0.0,0.0,0.0,0.0,1.0,0.0,0.0,Rio de Janeiro
1.2312639518352357,0.7776631223544215,-1.3150330793200569,1.3328051211747516,0.0,0.0,1.0,0.0,0.0,0.0,0.0,1.0,Sydney
1.0296619686942534,1.4839151102801422,-0.20043034125400994,0.12869640749171293,0.0,1.0,0.0,0.0,0.0,1.0,0.0,0.0,Rome
-1.2551605069035465,0.5581108739340344,1.038017145486042,-0.4199884279395699,0.0,0.0,1.0,0.0,0.0,0.0,0.0,1.0,Sydney
0.08885271403633577,1.5476313222343105,0.17110390476800566,-0.02760934018805062,1.0,0.0,0.0,0.0,0.0,0.0,0.0,1.0,Tokyo
0.7608593245062769,-0.009193712019343546,1.4095513915080577,-0.5459606775990073,1.0,0.0,0.0,0.0,0.0,1.0,0.0,0.0,Rio de Janeiro
0.22325403613032402,-0.16579741368982948,0.9141723968120369,-0.5210511438400419,0.0,0.0,1.0,0.0,0.0,1.0,0.0,0.0,Sydney
-0.38155191329262306,-1.4953935474804256,1.6572408888560681,-0.7601778415569372,1.0,0.0,0.0,0.0,0.0,0.0,0.0,1.0,New York
-0.9863578627155701,-0.8328984761979288,-1.6865673253420723,1.5380861070325589,0.0,0.0,0.0,0.0,1.0,1.0,0.0,0.0,Barcelone
0.021652052989341655,-0.3461987366925951,1.038017145486042,-0.5627067230024237,0.0,0.0,0.0,0.0,1.0,0.0,0.0,1.0,Sydney
0.5592573413652946,-1.1192375973895525,-1.3150330793200569,-0.1041667685215991,0.0,1.0,0.0,0.0,0.0,1.0,0.0,0.0,Rome
0.3576553582243122,-1.5752307287242027,0.6664828994640265,-0.7451286044595525,0.0,0.0,0.0,0.0,1.0,1.0,0.0,0.0,Rome
-1.7255651342325053,1.2405652405274754,-0.5719645872760255,0.3084056911000251,1.0,0.0,0.0,0.0,0.0,0.0,0.0,1.0,Tokyo
-0.6503545574805996,1.5023390751825525,-1.5627225766680672,3.694610196655861,0.0,0.0,0.0,1.0,0.0,1.0,0.0,0.0,Barcelone
0.021652052989341655,1.1622633896922325,1.4095513915080577,-0.38162329274770135,1.0,0.0,0.0,0.0,0.0,0.0,0.0,1.0,Tokyo
-1.7255651342325053,0.18732858027303095,-0.5719645872760255,-0.05426044475569694,0.0,1.0,0.0,0.0,0.0,0.0,1.0,0.0,Londres
-0.7175552185275936,1.4079162550577007,-0.20043034125400994,0.10813500444920021,0.0,0.0,0.0,1.0,0.0,0.0,0.0,1.0,Sydney
-1.5911638121385172,1.341129382286464,-0.6958093359500308,0.46108495048311327,1.0,0.0,0.0,0.0,0.0,1.0,0.0,0.0,Rio de Janeiro
-0.31435125224562893,1.3825833033168868,-0.9434988332980412,0.8053534014271965,0.0,0.0,0.0,0.0,1.0,0.0,1.0,0.0,New York
0.021652052989341655,1.113900481823406,-1.6865673253420723,5.225014090664973,0.0,1.0,0.0,0.0,0.0,0.0,1.0,0.0,Londres
-0.2471505911986348,1.375674316478483,0.2949486534420109,-0.10878663224416428,0.0,0.0,0.0,1.0,0.0,0.0,0.0,1.0,Barcelone
-1.0535585237625642,-0.25024058615920913,-0.5719645872760255,-0.20493077816514407,0.0,0.0,0.0,0.0,1.0,0.0,1.0,0.0,Londres
1.29846461288223,0.026118887376942495,-1.3150330793200569,0.7634827901295363,0.0,0.0,0.0,1.0,0.0,0.0,1.0,0.0,Rio de Janeiro
-1.1207591848095584,0.9772560754638644,-0.20043034125400994,-0.008379612791704986,0.0,1.0,0.0,0.0,0.0,0.0,1.0,0.0,Londres
-0.5831538964336054,0.5619491999553698,-0.3242750899280151,-0.06560645906718421,0.0,0.0,0.0,1.0,0.0,0.0,1.0,0.0,Sydney
-0.4487525743396172,-1.6197553105716938,-0.9434988332980412,-0.6161352373076666,1.0,0.0,0.0,0.0,0.0,1.0,0.0,0.0,Rio de Janeiro
1.5672672570702064,-0.5741953023599202,-0.20043034125400994,-0.4281230021747165,1.0,0.0,0.0,0.0,0.0,0.0,1.0,0.0,Rio de Janeiro
0.7608593245062769,-0.4613485173326583,-1.6865673253420723,2.24174270958701,1.0,0.0,0.0,0.0,0.0,1.0,0.0,0.0,Rio de Janeiro
-0.045548608057652464,1.5583786350940498,-0.07658559258000475,0.0830874814901661,0.0,0.0,0.0,1.0,0.0,0.0,1.0,0.0,Sydney
0.42485601927130634,-1.088530989218869,-0.07658559258000475,-0.5852896581694658,0.0,0.0,1.0,0.0,0.0,1.0,0.0,0.0,Sydney
1.7016685791641946,0.0706434692244336,1.1618618941600474,-0.5105430644590009,1.0,0.0,0.0,0.0,0.0,0.0,0.0,1.0,New York
0.7608593245062769,1.3012107916645754,-1.1911883306460516,1.3015961712658026,1.0,0.0,0.0,0.0,0.0,0.0,1.0,0.0,New York
-1.0535585237625642,-1.5237971600383078,-0.20043034125400994,-0.6850366947362134,1.0,0.0,0.0,0.0,0.0,0.0,0.0,1.0,Rio de Janeiro
0.08885271403633577,0.6870786282509052,-1.1911883306460516,0.9139064538516908,0.0,0.0,0.0,1.0,0.0,0.0,0.0,1.0,Sydney
-0.045548608057652464,-1.253579008136293,0.04725915609400046,-0.640123527237284,0.0,0.0,0.0,0.0,1.0,0.0,1.0,0.0,Londres
-1.0535585237625642,0.1520159808767449,0.7903276481380317,-0.45195080725702236,0.0,0.0,0.0,0.0,1.0,0.0,0.0,1.0,Sydney
-0.38155191329262306,0.895883563811553,-1.3150330793200569,1.4223614429122011,0.0,1.0,0.0,0.0,0.0,0.0,1.0,0.0,Londres
1.5000665960232122,-0.08979855846738777,0.04725915609400046,-0.364621493101757,0.0,1.0,0.0,0.0,0.0,0.0,0.0,1.0,Paris
-1.3223611679505407,0.04761351309642096,-0.819654084624036,0.06098912545569003,0.0,0.0,0.0,1.0,0.0,0.0,1.0,0.0,Rio de Janeiro
0.29045469717731814,-1.6627445620106507,-0.9434988332980412,-0.6364889483199787,0.0,0.0,0.0,1.0,0.0,0.0,1.0,0.0,Bali
1.2312639518352357,-1.269699977425902,1.5333961401820628,-0.7268864151607841,0.0,1.0,0.0,0.0,0.0,0.0,1.0,0.0,Rome
0.29045469717731814,-0.7484553037285492,-0.5719645872760255,-0.3764834911173041,0.0,0.0,1.0,0.0,0.0,1.0,0.0,0.0,Bali
1.3656652739292239,1.6144181950055472,-1.0673435819720463,1.1654894360205612,1.0,0.0,0.0,0.0,0.0,1.0,0.0,0.0,Rio de Janeiro
-0.2471505911986348,1.1991113194970526,1.038017145486042,-0.31882562965647737,0.0,0.0,0.0,0.0,1.0,0.0,0.0,1.0,Sydney
-1.3895618289975349,-1.0716423547249931,0.41879340211601607,-0.6350159677393221,0.0,0.0,1.0,0.0,0.0,1.0,0.0,0.0,Bali
-1.1207591848095584,0.6087767774156622,0.6664828994640265,-0.35120811254885353,0.0,1.0,0.0,0.0,0.0,0.0,0.0,1.0,Paris
-0.4487525743396172,-1.6289672930228989,0.17110390476800566,-0.7353712035710014,0.0,0.0,1.0,0.0,0.0,1.0,0.0,0.0,Bali
-0.11274926910464658,-1.1253789190236894,1.2857066428340524,-0.6973543604707657,1.0,0.0,0.0,0.0,0.0,0.0,1.0,0.0,New York
-0.7175552185275936,-1.0808543371761983,0.5426381507900213,-0.64688386500642,0.0,0.0,0.0,1.0,0.0,0.0,1.0,0.0,Bali
0.08885271403633577,0.7607744878605456,0.17110390476800566,-0.2029249298370416,1.0,0.0,0.0,0.0,0.0,1.0,0.0,0.0,Rio de Janeiro
-1.7255651342325053,1.272039513902426,0.41879340211601607,-0.1677987931712518,0.0,0.0,1.0,0.0,0.0,0.0,0.0,1.0,Sydney
-0.2471505911986348,-1.6235936365930292,1.1618618941600474,-0.7672324588728688,0.0,1.0,0.0,0.0,0.0,0.0,1.0,0.0,Londres
1.5672672570702064,-1.0056231471580235,1.6572408888560681,-0.6962090297279625,0.0,0.0,0.0,0.0,1.0,0.0,1.0,0.0,Barcelone
-0.31435125224562893,1.2751101747194944,1.6572408888560681,-0.3983229169632548,0.0,0.0,1.0,0.0,0.0,1.0,0.0,0.0,Sydney
-0.045548608057652464,1.4340168720027817,-1.3150330793200569,1.8300171671846182,0.0,0.0,0.0,0.0,1.0,0.0,0.0,1.0,New York
0.7608593245062769,1.7280326452370762,0.9141723968120369,-0.2091715838351196,1.0,0.0,0.0,0.0,0.0,0.0,1.0,0.0,New York
-0.7175552185275936,-0.32470411097311663,1.038017145486042,-0.5593144375510147,1.0,0.0,0.0,0.0,0.0,0.0,1.0,0.0,New York
-0.2471505911986348,0.5888174821047178,-0.9434988332980412,0.42953666594986384,0.0,0.0,1.0,0.0,0.0,1.0,0.0,0.0,Sydney
-0.919157201668576,1.1469100856068908,1.6572408888560681,-0.41506710438557265,0.0,0.0,1.0,0.0,0.0,0.0,0.0,1.0,Sydney
-1.2551605069035465,-1.3265072025416662,-0.07658559258000475,-0.6453815703778434,0.0,0.0,0.0,1.0,0.0,1.0,0.0,0.0,Rio de Janeiro
-0.6503545574805996,0.6863109630466381,0.17110390476800566,-0.2195157710038241,0.0,0.0,0.0,0.0,1.0,0.0,1.0,0.0,Londres
-0.5831538964336054,-0.6670827920762379,-0.3242750899280151,-0.4236975898074047,0.0,0.0,0.0,0.0,1.0,0.0,0.0,1.0,Paris
-1.3223611679505407,0.49132400116279773,-0.20043034125400994,-0.13984797769989216,0.0,1.0,0.0,0.0,0.0,0.0,0.0,1.0,Tokyo
1.5672672570702064,-1.0263501076732349,-0.20043034125400994,-0.5504529657306758,0.0,0.0,0.0,0.0,1.0,0.0,0.0,1.0,Rome
0.42485601927130634,-0.4797724822350684,-1.438877827994062,0.6846847815833991,0.0,0.0,0.0,0.0,1.0,1.0,0.0,0.0,Rome
1.5000665960232122,-0.22183697360132687,-0.44811983860202037,-0.2486780371769017,1.0,0.0,0.0,0.0,0.0,1.0,0.0,0.0,Rio de Janeiro
-0.11274926910464658,1.244403566548811,-0.9434988332980412,0.7399307588876223,0.0,1.0,0.0,0.0,0.0,1.0,0.0,0.0,Barcelone
0.49205668031830047,-0.6809007657530454,-1.3150330793200569,0.2278894633750486,0.0,1.0,0.0,0.0,0.0,1.0,0.0,0.0,Rome
1.5000665960232122,-0.1258788230679409,1.2857066428340524,-0.5517470306282084,1.0,0.0,0.0,0.0,0.0,0.0,0.0,1.0,New York
-0.11274926910464658,-0.6432851707439581,-1.6865673253420723,1.8971835880882397,0.0,0.0,1.0,0.0,0.0,0.0,0.0,1.0,Sydney
-1.3895618289975349,1.2298179276677363,1.5333961401820628,-0.388765553052609,0.0,0.0,0.0,1.0,0.0,0.0,1.0,0.0,Sydney
-0.5159532353866113,0.1911669062943664,-0.5719645872760255,-0.05293877516438592,0.0,1.0,0.0,0.0,0.0,0.0,1.0,0.0,Londres
1.5672672570702064,-0.1373938011319472,-1.3150330793200569,0.6396159295446221,0.0,0.0,0.0,1.0,0.0,0.0,1.0,0.0,Barcelone
0.021652052989341655,1.1983436542927857,0.2949486534420109,-0.14610177169139849,0.0,0.0,0.0,1.0,0.0,0.0,1.0,0.0,Sydney
0.8952606466002652,1.2213736104207982,-0.6958093359500308,0.4157252505216827,0.0,1.0,0.0,0.0,0.0,0.0,0.0,1.0,Rome
0.7608593245062769,1.69809370227066,-1.5627225766680672,3.9417623503153383,0.0,0.0,1.0,0.0,0.0,0.0,0.0,1.0,Sydney
1.5000665960232122,-0.9019883445819668,1.4095513915080577,-0.6712060108769031,0.0,1.0,0.0,0.0,0.0,1.0,0.0,0.0,Le Caire
0.22325403613032402,-0.14660578358315227,1.6572408888560681,-0.584012947538899,0.0,0.0,0.0,0.0,1.0,0.0,0.0,1.0,New York
-0.7175552185275936,-1.3664257931635548,0.5426381507900213,-0.7009665868953384,0.0,0.0,0.0,1.0,0.0,0.0,1.0,0.0,Bali
0.8952606466002652,-1.4692929305353446,0.6664828994640265,-0.7260210375408614,0.0,0.0,0.0,0.0,1.0,1.0,0.0,0.0,Barcelone
0.8280599855532711,0.17658126741329172,-1.0673435819720463,0.38747923101440657,0.0,1.0,0.0,0.0,0.0,1.0,0.0,0.0,Rome
0.1560533750833299,1.4363198676155828,0.7903276481380317,-0.2308354745800061,0.0,0.0,1.0,0.0,0.0,0.0,1.0,0.0,Sydney
-0.9863578627155701,-1.560645089843128,1.038017145486042,-0.7543708510070374,0.0,1.0,0.0,0.0,0.0,0.0,0.0,1.0,Rome
-0.31435125224562893,0.8797625945219442,1.038017145486042,-0.36922529922026953,1.0,0.0,0.0,0.0,0.0,0.0,1.0,0.0,New York
-0.7847558795745877,-0.8505547758960719,-0.9434988332980412,-0.25194919383736936,0.0,0.0,1.0,0.0,0.0,0.0,1.0,0.0,Bali
1.0968626297412476,-0.30551248086643945,0.04725915609400046,-0.4156875033867722,0.0,0.0,0.0,0.0,1.0,0.0,1.0,0.0,Londres
0.7608593245062769,0.9058632114670252,0.04725915609400046,-0.12891823566522762,0.0,1.0,0.0,0.0,0.0,0.0,0.0,1.0,Londres
0.3576553582243122,-0.7837679031248352,1.2857066428340524,-0.647588414403225,0.0,1.0,0.0,0.0,0.0,1.0,0.0,0.0,Rome
-1.2551605069035465,1.3142611001371158,0.5426381507900213,-0.19328684271226526,1.0,0.0,0.0,0.0,0.0,0.0,0.0,1.0,Tokyo
1.432865934976218,-0.6233258754330139,-1.5627225766680672,1.010828575153533,0.0,0.0,0.0,1.0,0.0,1.0,0.0,0.0,Barcelone
0.1560533750833299,1.5737319391793916,-1.438877827994062,2.629190858446408,0.0,0.0,0.0,1.0,0.0,1.0,0.0,0.0,Barcelone
-0.5159532353866113,0.24336814018452835,-0.44811983860202037,-0.10184054446985116,0.0,0.0,1.0,0.0,0.0,0.0,1.0,0.0,Sydney
-1.1879598458565523,1.604438547350075,0.9141723968120369,-0.22952529650670145,0.0,0.0,0.0,1.0,0.0,0.0,1.0,0.0,Bali
1.0296619686942534,0.19270223670290057,1.4095513915080577,-0.5176377862386577,1.0,0.0,0.0,0.0,0.0,0.0,0.0,1.0,New York
-0.11274926910464658,1.6359128207250258,-0.3242750899280151,0.24730390439663114,0.0,0.0,0.0,1.0,0.0,0.0,0.0,1.0,Sydney
0.08885271403633577,0.6924522846807748,-1.438877827994062,1.794688811254358,0.0,0.0,1.0,0.0,0.0,1.0,0.0,0.0,Sydney
0.29045469717731814,0.6648163373271596,-0.44811983860202037,0.03118550090336797,1.0,0.0,0.0,0.0,0.0,0.0,0.0,1.0,Tokyo
0.29045469717731814,-1.4501013004286674,-0.3242750899280151,-0.6518380978367767,0.0,0.0,1.0,0.0,0.0,1.0,0.0,0.0,Bali
-0.7847558795745877,0.0890674341268437,-1.1911883306460516,0.5363935915196992,1.0,0.0,0.0,0.0,0.0,1.0,0.0,0.0,Rio de Janeiro
0.9624613076472592,1.1338597771343502,-0.44811983860202037,0.17923452407829848,0.0,1.0,0.0,0.0,0.0,0.0,0.0,1.0,Londres
1.5672672570702064,-1.4608486132884066,-0.819654084624036,-0.5738528220789095,0.0,0.0,1.0,0.0,0.0,0.0,0.0,1.0,Rio de Janeiro
-1.1879598458565523,1.3388263866736627,0.5426381507900213,-0.1886345655605304,1.0,0.0,0.0,0.0,0.0,0.0,0.0,1.0,Tokyo
0.08885271403633577,0.05375483473055766,-0.819654084624036,0.0635737237153729,0.0,0.0,0.0,1.0,0.0,1.0,0.0,0.0,Sydney
0.021652052989341655,0.5220306093334812,1.2857066428340524,-0.45735948347988414,1.0,0.0,0.0,0.0,0.0,1.0,0.0,0.0,New York
1.3656652739292239,-1.3157598896819271,-0.819654084624036,-0.5127916881939022,0.0,1.0,0.0,0.0,0.0,1.0,0.0,0.0,Le Caire
-0.045548608057652464,1.3825833033168868,1.1618618941600474,-0.311774521163441,0.0,1.0,0.0,0.0,0.0,0.0,1.0,0.0,Londres
-1.523963151091523,-0.9188769790758426,0.6664828994640265,-0.6267447659415745,0.0,0.0,0.0,0.0,1.0,1.0,0.0,0.0,Barcelone
0.42485601927130634,-0.19189803063491045,-0.5719645872760255,-0.18484140037721777,0.0,0.0,1.0,0.0,0.0,0.0,1.0,0.0,Sydney
1.2312639518352357,0.6563720200802217,1.6572408888560681,-0.4791361808098904,0.0,1.0,0.0,0.0,0.0,1.0,0.0,0.0,Le Caire
-1.1879598458565523,-0.47900481703080133,0.5426381507900213,-0.5329030747889145,0.0,0.0,0.0,1.0,0.0,1.0,0.0,0.0,Bali
-0.4487525743396172,1.0025890272046782,-0.6958093359500308,0.3328565678998383,0.0,0.0,1.0,0.0,0.0,0.0,0.0,1.0,Sydney
0.5592573413652946,-0.05525362427536882,0.17110390476800566,-0.38474002427301945,0.0,1.0,0.0,0.0,0.0,0.0,1.0,0.0,Londres
-0.38155191329262306,-0.2955328332109673,0.41879340211601607,-0.4802971457647663,0.0,0.0,1.0,0.0,0.0,1.0,0.0,0.0,Sydney
0.22325403613032402,0.3830832073611383,-1.3150330793200569,1.033896359012095,0.0,0.0,0.0,1.0,0.0,1.0,0.0,0.0,Sydney
-1.1879598458565523,0.9918417143449391,1.038017145486042,-0.3515369536522079,1.0,0.0,0.0,0.0,0.0,0.0,0.0,1.0,Tokyo
1.29846461288223,-1.2405286996637526,1.2857066428340524,-0.7141293984710603,0.0,0.0,0.0,0.0,1.0,0.0,1.0,0.0,Rome
1.0296619686942534,0.045310517483619694,1.6572408888560681,-0.5589467987030938,0.0,0.0,0.0,1.0,0.0,0.0,0.0,1.0,Barcelone
-1.3895618289975349,-0.35617838434806726,-1.5627225766680672,1.3481185730888205,0.0,0.0,1.0,0.0,0.0,0.0,1.0,0.0,Sydney
1.7016685791641946,-0.0038200555894739308,-1.0673435819720463,0.28986449626990773,1.0,0.0,0.0,0.0,0.0,0.0,1.0,0.0,New York
-0.7847558795745877,1.209858632356792,0.41879340211601607,-0.1801946631810827,1.0,0.0,0.0,0.0,0.0,0.0,1.0,0.0,New York
-1.2551605069035465,-1.5107468515657674,0.04725915609400046,-0.7010029345165727,0.0,1.0,0.0,0.0,0.0,0.0,1.0,0.0,Londres
1.7016685791641946,-0.06830393274790932,0.41879340211601607,-0.4349986578276065,0.0,0.0,1.0,0.0,0.0,0.0,0.0,1.0,Sydney
-0.7175552185275936,0.8229553694061796,0.41879340211601607,-0.25732452102003045,0.0,0.0,0.0,0.0,1.0,0.0,0.0,1.0,Sydney
1.2312639518352357,-0.5764982979727215,-0.44811983860202037,-0.3606234524090096,0.0,0.0,0.0,0.0,1.0,1.0,0.0,0.0,Rome
0.6936586634592828,-0.8052625288443136,-0.07658559258000475,-0.5137608981536873,0.0,0.0,1.0,0.0,0.0,0.0,0.0,1.0,Sydney
-0.17994993015164068,-0.12050516663807129,-0.6958093359500308,-0.09253600289229606,0.0,0.0,0.0,0.0,1.0,1.0,0.0,0.0,Rome
0.3576553582243122,1.1906670022501147,-0.5719645872760255,0.29122398641298275,0.0,0.0,0.0,0.0,1.0,0.0,0.0,1.0,Tokyo
-0.7175552185275936,-0.04066798539429415,-0.3242750899280151,-0.24118518338390688,0.0,0.0,1.0,0.0,0.0,0.0,0.0,1.0,Sydney
0.1560533750833299,-1.5790690547455382,-0.5719645872760255,-0.6624927906769915,0.0,0.0,0.0,1.0,0.0,0.0,1.0,0.0,Bali
0.6936586634592828,-0.18575670900077376,-0.9434988332980412,0.0628064086030274,1.0,0.0,0.0,0.0,0.0,1.0,0.0,0.0,Rio de Janeiro
-0.5831538964336054,1.4086839202619676,-1.438877827994062,2.472903454137793,0.0,0.0,0.0,1.0,0.0,0.0,1.0,0.0,New York
0.29045469717731814,-1.2528113429320258,1.1618618941600474,-0.7110562117039073,0.0,1.0,0.0,0.0,0.0,1.0,0.0,0.0,Rome
-0.9863578627155701,1.3879569597467563,1.038017145486042,-0.2890219789048118,0.0,0.0,0.0,0.0,1.0,1.0,0.0,0.0,Sydney
-1.4567624900445288,0.6701899937570293,0.9141723968120369,-0.3833791370117644,1.0,0.0,0.0,0.0,0.0,0.0,0.0,1.0,New York
0.8952606466002652,1.0586285871161756,0.04725915609400046,-0.0927540504455904,1.0,0.0,0.0,0.0,0.0,1.0,0.0,0.0,Rio de Janeiro
1.0968626297412476,-0.24870525575067495,-0.44811983860202037,-0.2571587504520614,1.0,0.0,0.0,0.0,0.0,0.0,0.0,1.0,Tokyo
0.6264580024122887,1.5499343178471119,0.7903276481380317,-0.21127476373948106,0.0,0.0,0.0,1.0,0.0,0.0,1.0,0.0,New York
1.7016685791641946,0.9672764278083922,-0.6958093359500308,0.3194812717573651,0.0,0.0,1.0,0.0,0.0,0.0,1.0,0.0,Sydney
-0.5831538964336054,-0.7845355683291023,-0.3242750899280151,-0.45791866601181047,0.0,1.0,0.0,0.0,0.0,0.0,1.0,0.0,Londres
0.8952606466002652,-0.31933045454324704,0.2949486534420109,-0.4654612118956495,0.0,1.0,0.0,0.0,0.0,0.0,0.0,1.0,Paris
0.5592573413652946,1.4117545810790362,-0.07658559258000475,0.046063109774681775,0.0,0.0,0.0,0.0,1.0,0.0,1.0,0.0,New York
1.5672672570702064,-0.3385220846499242,-1.5627225766680672,1.3704107281247733,0.0,0.0,1.0,0.0,0.0,1.0,0.0,0.0,Rio de Janeiro
1.0296619686942534,0.40227483746781556,-0.9434988332980412,0.3412160985214384,0.0,0.0,1.0,0.0,0.0,0.0,0.0,1.0,Sydney
0.1560533750833299,0.5335455873974876,-1.438877827994062,1.6442167522223419,0.0,0.0,0.0,1.0,0.0,0.0,0.0,1.0,Sydney
-0.11274926910464658,-1.290426937941113,1.5333961401820628,-0.7296902429485361,0.0,0.0,0.0,1.0,0.0,0.0,1.0,0.0,Barcelone
-1.5911638121385172,-1.4501013004286674,-1.6865673253420723,0.3692019986569825,0.0,1.0,0.0,0.0,0.0,1.0,0.0,0.0,Barcelone
-0.9863578627155701,0.22494417528211824,-0.819654084624036,0.1356194002040323,1.0,0.0,0.0,0.0,0.0,0.0,0.0,1.0,New York
0.8952606466002652,-1.6750272052789241,1.1618618941600474,-0.7750250231799506,0.0,0.0,0.0,1.0,0.0,0.0,1.0,0.0,Bali
-1.6583644731855112,0.3178316649984359,-0.20043034125400994,-0.18678613009997164,0.0,1.0,0.0,0.0,0.0,0.0,0.0,1.0,Paris
1.3656652739292239,-0.6379115143140885,1.6572408888560681,-0.64818228855856,0.0,0.0,0.0,1.0,0.0,1.0,0.0,0.0,Rio de Janeiro
1.5000665960232122,-1.0823896675847324,-0.3242750899280151,-0.5447015259288657,1.0,0.0,0.0,0.0,0.0,1.0,0.0,0.0,Rio de Janeiro
1.1640632907882416,-0.9419069352038553,-1.3150330793200569,0.03016771408457532,0.0,1.0,0.0,0.0,0.0,0.0,0.0,1.0,Rome
-1.1207591848095584,-1.1430352187218322,-0.44811983860202037,-0.539445349468091,0.0,0.0,0.0,0.0,1.0,0.0,1.0,0.0,Londres
-0.9863578627155701,-1.0117644687921603,0.9141723968120369,-0.6603666181511177,0.0,0.0,0.0,0.0,1.0,0.0,0.0,1.0,Sydney
1.3656652739292239,-1.0409357465543096,-1.3150330793200569,-0.04485024373445717,0.0,0.0,0.0,1.0,0.0,1.0,0.0,0.0,Rio de Janeiro
0.3576553582243122,0.825258365018981,0.2949486534420109,-0.22460894819077432,0.0,0.0,1.0,0.0,0.0,1.0,0.0,0.0,Sydney
-0.17994993015164068,0.6625133417143583,0.04725915609400046,-0.18652651061309175,0.0,0.0,1.0,0.0,0.0,0.0,1.0,0.0,Sydney
-1.3895618289975349,-1.0063908123622907,1.5333961401820628,-0.6912674177089708,1.0,0.0,0.0,0.0,0.0,0.0,1.0,0.0,New York
-0.7175552185275936,0.4874856751414623,-0.3242750899280151,-0.08730217404644808,1.0,0.0,0.0,0.0,0.0,0.0,1.0,0.0,New York
0.8952606466002652,0.28251906560214984,1.5333961401820628,-0.5169108675002405,1.0,0.0,0.0,0.0,0.0,0.0,0.0,1.0,Tokyo
0.29045469717731814,0.8628739600280683,0.04725915609400046,-0.13909509180743707,0.0,0.0,1.0,0.0,0.0,0.0,1.0,0.0,Sydney
-0.7175552185275936,-0.25024058615920913,-0.9434988332980412,0.03227584208455932,0.0,0.0,0.0,0.0,1.0,0.0,1.0,0.0,Londres
-1.1879598458565523,-0.8091008548656491,-1.438877827994062,0.3728368911257428,1.0,0.0,0.0,0.0,0.0,1.0,0.0,0.0,Rio de Janeiro
0.3576553582243122,0.6110797730284634,-0.9434988332980412,0.44007698058123973,0.0,0.0,1.0,0.0,0.0,0.0,1.0,0.0,Sydney
-0.7847558795745877,1.6190241862311499,0.2949486534420109,-0.057579276379345144,1.0,0.0,0.0,0.0,0.0,0.0,0.0,1.0,New York
0.49205668031830047,0.14510699403834112,0.2949486534420109,-0.3677310847719409,0.0,0.0,0.0,1.0,0.0,0.0,0.0,1.0,Sydney
-1.7255651342325053,-0.4091472834424963,-1.3150330793200569,0.4337526964598354,0.0,1.0,0.0,0.0,0.0,0.0,1.0,0.0,Londres
-0.17994993015164068,-0.7806972423077668,-0.3242750899280151,-0.45680033018813704,0.0,0.0,1.0,0.0,0.0,0.0,0.0,1.0,Sydney
-1.1879598458565523,-1.2443670256850878,-1.5627225766680672,0.22672625236719066,0.0,0.0,0.0,1.0,0.0,0.0,1.0,0.0,Barcelone
1.6344679181172004,0.6126151034369977,0.7903276481380317,-0.3726506281738127,0.0,0.0,0.0,1.0,0.0,0.0,0.0,1.0,Sydney
-1.1879598458565523,0.8943482334030188,0.5426381507900213,-0.2728117052747341,1.0,0.0,0.0,0.0,0.0,1.0,0.0,0.0,Rio de Janeiro
-0.6503545574805996,1.200646649905587,-1.1911883306460516,1.2381119800392417,0.0,0.0,1.0,0.0,0.0,0.0,0.0,1.0,Sydney
0.22325403613032402,-1.0846926631975335,-0.20043034125400994,-0.5662374771572511,1.0,0.0,0.0,0.0,0.0,0.0,0.0,1.0,New York
0.8952606466002652,-1.009461473179359,-1.0673435819720463,-0.2542857271994264,0.0,0.0,0.0,1.0,0.0,0.0,1.0,0.0,Bali
0.42485601927130634,1.4132899114875703,0.5426381507900213,-0.17453235044433388,0.0,1.0,0.0,0.0,0.0,0.0,0.0,1.0,Tokyo
0.021652052989341655,0.5304749265804192,-1.1911883306460516,0.815045575911092,0.0,0.0,0.0,1.0,0.0,1.0,0.0,0.0,Barcelone
0.49205668031830047,-0.9419069352038553,-1.3150330793200569,0.03016771408457532,0.0,1.0,0.0,0.0,0.0,1.0,0.0,0.0,Rome
0.1560533750833299,0.6210594206839356,-0.3242750899280151,-0.048384087382613995,0.0,0.0,1.0,0.0,0.0,0.0,0.0,1.0,Sydney
-1.7255651342325053,-0.8497871106918048,-0.44811983860202037,-0.44688442172206244,0.0,0.0,0.0,1.0,0.0,0.0,1.0,0.0,Bali
-1.3895618289975349,0.9358021544334416,0.41879340211601607,-0.23482831248367064,0.0,0.0,1.0,0.0,0.0,0.0,1.0,0.0,Sydney
1.3656652739292239,-0.9557249088806629,0.41879340211601607,-0.611907617474082,0.0,1.0,0.0,0.0,0.0,0.0,0.0,1.0,Rome
1.0968626297412476,-0.19727168706478007,0.6664828994640265,-0.4965917738867213,0.0,1.0,0.0,0.0,0.0,0.0,0.0,1.0,Paris
-1.1879598458565523,0.6057061165985939,0.6664828994640265,-0.35176195506823593,1.0,0.0,0.0,0.0,0.0,1.0,0.0,0.0,Rio de Janeiro
1.0968626297412476,-0.09056622367165486,0.41879340211601607,-0.4394366853619904,1.0,0.0,0.0,0.0,0.0,1.0,0.0,0.0,Rio de Janeiro
-0.9863578627155701,-0.4421568872259811,0.2949486534420109,-0.49130719592836586,0.0,0.0,0.0,1.0,0.0,1.0,0.0,0.0,Sydney
0.8952606466002652,-1.3295778633587347,-0.07658559258000475,-0.6461569498902094,0.0,0.0,1.0,0.0,0.0,1.0,0.0,0.0,Rio de Janeiro
-0.4487525743396172,1.7157500019688028,-1.1911883306460516,1.5632867305203282,0.0,1.0,0.0,0.0,0.0,0.0,1.0,0.0,Londres
1.3656652739292239,0.07678479085857029,-0.07658559258000475,-0.2910331332265072,0.0,1.0,0.0,0.0,0.0,0.0,1.0,0.0,Londres
-0.4487525743396172,0.5757671736321774,-0.819654084624036,0.283264575788415,0.0,0.0,0.0,1.0,0.0,0.0,0.0,1.0,Sydney
-0.7847558795745877,-1.0923693152402045,0.41879340211601607,-0.6391479244092658,0.0,0.0,0.0,1.0,0.0,0.0,1.0,0.0,Bali
-0.2471505911986348,-0.7016277262682568,-0.07658559258000475,-0.48759183961132935,0.0,0.0,0.0,1.0,0.0,0.0,1.0,0.0,Rio de Janeiro
1.3656652739292239,0.9327314936163732,-0.9434988332980412,0.59236635404836,0.0,0.0,1.0,0.0,0.0,1.0,0.0,0.0,Sydney
-0.7175552185275936,0.502071314022537,0.04725915609400046,-0.22450799157240917,0.0,0.0,0.0,1.0,0.0,1.0,0.0,0.0,Sydney
-1.3895618289975349,0.10518840341645254,-0.3242750899280151,-0.198688422084318,0.0,0.0,0.0,1.0,0.0,1.0,0.0,0.0,Rio de Janeiro
-1.5911638121385172,0.0821584472884399,-0.819654084624036,0.07552749066640599,0.0,0.0,0.0,1.0,0.0,1.0,0.0,0.0,Barcelone
-1.6583644731855112,1.1376981031556856,1.6572408888560681,-0.4162702795296912,0.0,0.0,0.0,1.0,0.0,0.0,0.0,1.0,Sydney
0.9624613076472592,0.06066382156896145,-1.0673435819720463,0.32475657166794136,0.0,1.0,0.0,0.0,0.0,1.0,0.0,0.0,Rome
-1.6583644731855112,-0.5212264032654912,-1.5627225766680672,1.1397353847092608,1.0,0.0,0.0,0.0,0.0,0.0,0.0,1.0,Rio de Janeiro
1.6344679181172004,1.4217342287345083,-1.5627225766680672,3.5928416627960758,0.0,1.0,0.0,0.0,0.0,1.0,0.0,0.0,Le Caire
0.8280599855532711,0.42684012400436233,1.6572408888560681,-0.5091152948175133,0.0,0.0,1.0,0.0,0.0,0.0,1.0,0.0,Londres
0.49205668031830047,1.2612922010426868,-1.1911883306460516,1.276396339633885,0.0,0.0,0.0,1.0,0.0,1.0,0.0,0.0,Sydney
0.3576553582243122,0.668654663348495,1.2857066428340524,-0.4359992684261756,0.0,1.0,0.0,0.0,0.0,1.0,0.0,0.0,Barcelone
1.1640632907882416,0.6133827686412647,-1.0673435819720463,0.6238315036510866,1.0,0.0,0.0,0.0,0.0,0.0,0.0,1.0,New York
-0.7847558795745877,0.02458355696840832,0.2949486534420109,-0.39309245660404385,0.0,1.0,0.0,0.0,0.0,1.0,0.0,0.0,Rome
0.8952606466002652,-0.45827785651558994,0.9141723968120369,-0.5692173831435989,1.0,0.0,0.0,0.0,0.0,1.0,0.0,0.0,Rio de Janeiro
0.1560533750833299,1.3365233910608614,1.6572408888560681,-0.39030174933579714,0.0,0.0,0.0,0.0,1.0,0.0,1.0,0.0,New York
1.5000665960232122,-1.6903805093642659,0.5426381507900213,-0.7623184918338428,0.0,1.0,0.0,0.0,0.0,0.0,1.0,0.0,Londres
-1.7255651342325053,-1.0363297553287072,-1.1911883306460516,-0.174047815641661,0.0,0.0,1.0,0.0,0.0,1.0,0.0,0.0,Rio de Janeiro
1.0296619686942534,0.1896315758858322,-1.6865673253420723,3.474595600012991,0.0,0.0,1.0,0.0,0.0,0.0,1.0,0.0,Londres
-0.919157201668576,0.301710695708827,-1.438877827994062,1.4246874680307051,0.0,1.0,0.0,0.0,0.0,0.0,1.0,0.0,Londres
-0.8519565406215819,0.7753601267416202,0.41879340211601607,-0.2668127178176788,1.0,0.0,0.0,0.0,0.0,0.0,1.0,0.0,New York
-1.0535585237625642,0.1980758931327702,0.7903276481380317,-0.44402078934870143,0.0,0.0,0.0,0.0,1.0,0.0,0.0,1.0,Londres
-1.6583644731855112,1.7364769624840142,-0.9434988332980412,0.9729080581535511,1.0,0.0,0.0,0.0,0.0,0.0,0.0,1.0,New York
-0.6503545574805996,1.4532085021094587,-0.5719645872760255,0.3816261864586512,0.0,0.0,0.0,0.0,1.0,1.0,0.0,0.0,Rome
0.8280599855532711,0.19730822792850308,0.04725915609400046,-0.29665463243771534,0.0,0.0,1.0,0.0,0.0,0.0,0.0,1.0,Sydney
-0.31435125224562893,-0.8966146881520971,1.5333961401820628,-0.6764175149812469,0.0,0.0,0.0,1.0,0.0,0.0,0.0,1.0,Barcelone
-1.6583644731855112,0.8705506120707391,-1.3150330793200569,1.4031708025398908,0.0,0.0,0.0,0.0,1.0,0.0,1.0,0.0,Londres
0.5592573413652946,1.0425076178265669,-0.819654084624036,0.47969404352431144,0.0,0.0,0.0,0.0,1.0,0.0,0.0,1.0,New York
-1.523963151091523,-1.6512295839466444,-0.9434988332980412,-0.6310370614416808,0.0,0.0,0.0,0.0,1.0,0.0,0.0,1.0,New York
-0.17994993015164068,1.4747031278289373,-0.819654084624036,0.6615851460494918,0.0,0.0,0.0,1.0,0.0,0.0,1.0,0.0,Barcelone
1.0968626297412476,0.7346738709154645,1.4095513915080577,-0.4416075151344494,0.0,0.0,1.0,0.0,0.0,1.0,0.0,0.0,Sydney
0.3576553582243122,1.0302249745582934,-0.6958093359500308,0.3433241909678607,0.0,0.0,0.0,1.0,0.0,1.0,0.0,0.0,Sydney
-1.3895618289975349,1.6451248031762307,-1.1911883306460516,1.5187024130177054,0.0,0.0,1.0,0.0,0.0,0.0,1.0,0.0,Rio de Janeiro
0.021652052989341655,-0.42757124834490645,0.04725915609400046,-0.4445825056476883,0.0,1.0,0.0,0.0,0.0,1.0,0.0,0.0,Rome
-0.11274926910464658,0.292498713257622,1.4095513915080577,-0.5036378779616788,0.0,0.0,1.0,0.0,0.0,0.0,0.0,1.0,Sydney
0.08885271403633577,-0.7269606780090707,-0.9434988332980412,-0.19343227467697224,0.0,1.0,0.0,0.0,0.0,1.0,0.0,0.0,Le Caire
-1.1207591848095584,0.7300678796898621,-0.9434988332980412,0.4964131449903176,1.0,0.0,0.0,0.0,0.0,1.0,0.0,0.0,New York
0.8952606466002652,0.7154822408087874,-1.6865673253420723,4.470473229661337,0.0,0.0,1.0,0.0,0.0,0.0,1.0,0.0,Londres
0.1560533750833299,-0.8321308109936617,0.7903276481380317,-0.6213888565648137,0.0,1.0,0.0,0.0,0.0,0.0,1.0,0.0,Londres
-0.7847558795745877,1.5322780181489688,0.2949486534420109,-0.07583300260245103,1.0,0.0,0.0,0.0,0.0,0.0,0.0,1.0,Tokyo
1.1640632907882416,-0.9349979483654515,1.038017145486042,-0.6556311137606656,0.0,1.0,0.0,0.0,0.0,0.0,1.0,0.0,Londres
-1.4567624900445288,-1.3625874671422193,1.2857066428340524,-0.7319109387513726,0.0,1.0,0.0,0.0,0.0,0.0,1.0,0.0,Londres
-0.31435125224562893,-0.019941024879082777,-0.9434988332980412,0.14131357965051675,0.0,0.0,0.0,0.0,1.0,0.0,0.0,1.0,Rome
-1.4567624900445288,-1.0447740725756451,0.7903276481380317,-0.6579991059082289,0.0,1.0,0.0,0.0,0.0,0.0,0.0,1.0,Barcelone
-0.7847558795745877,-0.6839714265701138,1.038017145486042,-0.6160140658102808,1.0,0.0,0.0,0.0,0.0,0.0,1.0,0.0,New York
0.08885271403633577,-1.2865886119197778,-0.20043034125400994,-0.6208601943307951,0.0,0.0,0.0,0.0,1.0,0.0,0.0,1.0,Rome
1.5672672570702064,-1.6312702886357002,-0.07658559258000475,-0.7223379869801849,0.0,0.0,0.0,0.0,1.0,0.0,0.0,1.0,Tokyo
0.3576553582243122,-1.4930905518676243,-1.3150330793200569,-0.3873740976523652,0.0,0.0,0.0,0.0,1.0,0.0,0.0,1.0,Paris
0.6264580024122887,1.4501378412923904,1.4095513915080577,-0.3412389419487238,0.0,1.0,0.0,0.0,0.0,0.0,1.0,0.0,Londres
-0.11274926910464658,-1.1522472011730374,1.038017145486042,-0.6899174274302646,1.0,0.0,0.0,0.0,0.0,0.0,0.0,1.0,Tokyo
-0.045548608057652464,-0.011496707632144809,1.5333961401820628,-0.5566836838968716,0.0,0.0,1.0,0.0,0.0,1.0,0.0,0.0,Rio de Janeiro
0.6264580024122887,-0.170403404915432,0.6664828994640265,-0.4917456518421258,1.0,0.0,0.0,0.0,0.0,0.0,0.0,1.0,New York
-1.2551605069035465,-1.3602844715294182,1.1618618941600474,-0.7273391818978092,0.0,0.0,0.0,0.0,1.0,0.0,0.0,1.0,Barcelone
1.5000665960232122,1.5852469172433978,0.5426381507900213,-0.14196641038218943,0.0,0.0,0.0,0.0,1.0,1.0,0.0,0.0,Sydney
-1.5911638121385172,1.5890852432647333,-1.438877827994062,2.6437292216379076,0.0,0.0,0.0,0.0,1.0,1.0,0.0,0.0,Barcelone
-1.0535585237625642,0.8828332553390126,0.17110390476800566,-0.17572963349149076,0.0,0.0,0.0,0.0,1.0,0.0,0.0,1.0,Sydney
1.3656652739292239,-1.0601273766609869,0.17110390476800566,-0.6086308602247552,0.0,0.0,0.0,1.0,0.0,0.0,0.0,1.0,Barcelone
1.432865934976218,-0.7515259645456175,-0.6958093359500308,-0.3315467296121419,0.0,0.0,1.0,0.0,0.0,0.0,0.0,1.0,Bali
0.9624613076472592,0.912772198305429,0.5426381507900213,-0.2693224974109329,0.0,0.0,0.0,0.0,1.0,0.0,0.0,1.0,Londres
-0.045548608057652464,-1.1591561880114412,1.5333961401820628,-0.7119326669594398,1.0,0.0,0.0,0.0,0.0,0.0,0.0,1.0,Tokyo
1.0968626297412476,-0.8827967144752895,-0.3242750899280151,-0.48654806309784937,0.0,0.0,0.0,0.0,1.0,0.0,1.0,0.0,Londres
0.29045469717731814,0.7116439147874519,-1.6865673253420723,4.463204049882881,0.0,0.0,1.0,0.0,0.0,0.0,1.0,0.0,Sydney
0.6264580024122887,1.4432288544539866,0.04725915609400046,-0.0017075338876095414,0.0,0.0,1.0,0.0,0.0,0.0,1.0,0.0,New York
0.8280599855532711,-0.4943581211161431,1.5333961401820628,-0.6220024868041327,0.0,0.0,0.0,0.0,1.0,0.0,0.0,1.0,Londres
-0.8519565406215819,1.4578144933350614,1.1618618941600474,-0.3003764420277097,1.0,0.0,0.0,0.0,0.0,0.0,0.0,1.0,New York
-1.7255651342325053,0.9572967801529201,-1.3150330793200569,1.4688842074511361,0.0,0.0,0.0,1.0,0.0,0.0,0.0,1.0,Sydney
-1.1207591848095584,-1.1890951309778577,-0.44811983860202037,-0.5539837150826504,0.0,0.0,1.0,0.0,0.0,0.0,0.0,1.0,Sydney
-0.9863578627155701,-0.8743523972283516,1.1618618941600474,-0.6537168952353813,0.0,0.0,1.0,0.0,0.0,0.0,0.0,1.0,Sydney
-0.045548608057652464,1.6228625122524851,-1.0673435819720463,1.1700586363703036,1.0,0.0,0.0,0.0,0.0,1.0,0.0,0.0,Rio de Janeiro
0.9624613076472592,0.406113163489151,1.4095513915080577,-0.4876995208463491,0.0,0.0,1.0,0.0,0.0,0.0,0.0,1.0,Sydney
0.021652052989341655,0.6026354557815254,-0.20043034125400994,-0.10973279142550488,0.0,1.0,0.0,0.0,0.0,0.0,0.0,1.0,Paris
-1.0535585237625642,0.6041707861900596,1.2857066428340524,-0.44539328970634057,0.0,1.0,0.0,0.0,0.0,1.0,0.0,0.0,Barcelone
-1.3223611679505407,-0.24026093850373698,1.4095513915080577,-0.57837584984032,0.0,0.0,0.0,0.0,1.0,0.0,1.0,0.0,Londres
0.6936586634592828,0.6847756326381039,-1.0673435819720463,0.6624620156989096,0.0,0.0,1.0,0.0,0.0,0.0,1.0,0.0,Londres
-1.523963151091523,0.0760171256543032,-0.819654084624036,0.07294289240672329,0.0,0.0,0.0,0.0,1.0,0.0,0.0,1.0,New York
-0.9863578627155701,-0.34312807587552674,-1.6865673253420723,2.465633446763426,0.0,0.0,0.0,1.0,0.0,1.0,0.0,0.0,Rio de Janeiro
-1.4567624900445288,0.9572967801529201,0.5426381507900213,-0.26089024507341335,0.0,0.0,1.0,0.0,0.0,1.0,0.0,0.0,Sydney
0.3576553582243122,-1.044006407371378,-1.1911883306460516,-0.17889393710933738,1.0,0.0,0.0,0.0,0.0,1.0,0.0,0.0,Rio de Janeiro
-1.3895618289975349,0.7177852364215886,0.17110390476800566,-0.21250314741786444,0.0,0.0,0.0,0.0,1.0,0.0,1.0,0.0,New York
1.2312639518352357,-0.05678895468390299,-1.5627225766680672,1.7261159845680214,1.0,0.0,0.0,0.0,0.0,0.0,1.0,0.0,New York
-1.2551605069035465,1.6835080633895851,0.2949486534420109,-0.04401013476216904,0.0,0.0,0.0,0.0,1.0,0.0,0.0,1.0,Tokyo
-0.2471505911986348,0.4567790669707788,-0.9434988332980412,0.3670216964120483,0.0,0.0,0.0,0.0,1.0,1.0,0.0,0.0,Sydney
0.49205668031830047,0.9288931675950378,1.4095513915080577,-0.4143615397954058,1.0,0.0,0.0,0.0,0.0,0.0,0.0,1.0,New York
0.6936586634592828,-0.1327878099063447,-0.3242750899280151,-0.2680252431520683,0.0,0.0,1.0,0.0,0.0,0.0,1.0,0.0,Sydney
0.5592573413652946,1.3219377521797868,-1.5627225766680672,3.466842525636342,0.0,0.0,1.0,0.0,0.0,0.0,0.0,1.0,Sydney
-0.7847558795745877,1.2421005709360096,-1.3150330793200569,1.6846335280004467,0.0,0.0,0.0,1.0,0.0,0.0,1.0,0.0,Sydney
1.3656652739292239,0.8267936954275151,-0.819654084624036,0.38891002965295146,1.0,0.0,0.0,0.0,0.0,0.0,0.0,1.0,Tokyo
0.3576553582243122,0.15815730251088161,-1.3150330793200569,0.8635067338882462,0.0,0.0,0.0,0.0,1.0,0.0,0.0,1.0,Barcelone
1.6344679181172004,1.1960406586799843,1.1618618941600474,-0.3400371051428565,0.0,0.0,1.0,0.0,0.0,0.0,1.0,0.0,Sydney
0.021652052989341655,0.04761351309642096,0.9141723968120369,-0.4859062238232731,0.0,0.0,0.0,0.0,1.0,0.0,1.0,0.0,New York
0.42485601927130634,0.5780701692449787,0.17110390476800566,-0.24363235455553897,0.0,1.0,0.0,0.0,0.0,1.0,0.0,0.0,Rome
-0.045548608057652464,-0.23028129084826485,-1.1911883306460516,0.334794938464361,0.0,0.0,1.0,0.0,0.0,1.0,0.0,0.0,Rio de Janeiro
-0.7175552185275936,0.45908206258358003,-0.9434988332980412,0.3681120737877078,0.0,0.0,1.0,0.0,0.0,0.0,1.0,0.0,Londres
1.5000665960232122,-0.35617838434806726,-1.0673435819720463,0.09920422713065247,0.0,0.0,0.0,0.0,1.0,0.0,1.0,0.0,Londres
0.49205668031830047,1.5460959918257764,-1.3150330793200569,1.9149212124681745,1.0,0.0,0.0,0.0,0.0,1.0,0.0,0.0,New York
-1.7255651342325053,-1.2067514306760005,-0.5719645872760255,-0.5342908403198304,0.0,0.0,0.0,0.0,1.0,0.0,0.0,1.0,Rome
-0.8519565406215819,0.1957728975199689,-0.20043034125400994,-0.219808989531886,0.0,0.0,0.0,0.0,1.0,0.0,1.0,0.0,New York
0.08885271403633577,-0.3907233185400862,-0.5719645872760255,-0.25330388520712455,0.0,0.0,1.0,0.0,0.0,0.0,0.0,1.0,Sydney
0.3576553582243122,-0.43217723957050896,-0.819654084624036,-0.14093261358203243,0.0,0.0,1.0,0.0,0.0,1.0,0.0,0.0,Sydney
1.5672672570702064,0.8536619775768632,-1.5627225766680672,2.875615805117592,1.0,0.0,0.0,0.0,0.0,0.0,1.0,0.0,New York
-1.2551605069035465,-0.12971714908927634,-1.3150330793200569,0.6454312751119891,0.0,0.0,0.0,0.0,1.0,0.0,0.0,1.0,Rome
1.5000665960232122,-1.1806508137309195,-0.819654084624036,-0.45593052648087956,0.0,0.0,0.0,1.0,0.0,1.0,0.0,0.0,Barcelone
-1.3223611679505407,-0.8943116925392959,-0.44811983860202037,-0.46093817514946994,0.0,0.0,0.0,0.0,1.0,1.0,0.0,0.0,Barcelone
-1.6583644731855112,-0.449833539268652,-1.3150330793200569,0.40293136495279097,1.0,0.0,0.0,0.0,0.0,0.0,0.0,1.0,Rio de Janeiro
0.6264580024122887,-0.939603939591054,-0.9434988332980412,-0.29411045236287275,0.0,0.0,0.0,1.0,0.0,1.0,0.0,0.0,Bali
1.6344679181172004,-0.9495835872465261,1.2857066428340524,-0.6717444691236493,1.0,0.0,0.0,0.0,0.0,0.0,1.0,0.0,New York
-0.11274926910464658,-0.08442490203751815,1.1618618941600474,-0.5340370643102023,0.0,0.0,0.0,0.0,1.0,0.0,0.0,1.0,Londres
0.6264580024122887,1.5814085912220626,-0.44811983860202037,0.3204989766331014,0.0,0.0,0.0,1.0,0.0,1.0,0.0,0.0,Rio de Janeiro
-1.4567624900445288,-0.3369867542413901,-1.6865673253420723,2.477264134408955,0.0,0.0,1.0,0.0,0.0,0.0,0.0,1.0,Sydney
-1.2551605069035465,0.19961122354130434,-1.438877827994062,1.328007352807236,1.0,0.0,0.0,0.0,0.0,0.0,1.0,0.0,New York
-0.4487525743396172,0.9143075287139631,-1.3150330793200569,1.4363182722738816,0.0,0.0,1.0,0.0,0.0,0.0,0.0,1.0,Sydney
0.49205668031830047,0.9411758108633113,-0.9434988332980412,0.5963644044257784,0.0,0.0,1.0,0.0,0.0,0.0,1.0,0.0,Londres
1.6344679181172004,-0.18345371338797248,-0.9434988332980412,0.06389678597868709,1.0,0.0,0.0,0.0,0.0,0.0,1.0,0.0,New York
0.42485601927130634,1.0402046222137655,-0.20043034125400994,0.008651044273810613,0.0,0.0,0.0,0.0,1.0,1.0,0.0,0.0,Sydney
-0.8519565406215819,0.9450141368846466,-1.5627225766680672,2.990953476825348,0.0,0.0,1.0,0.0,0.0,0.0,0.0,1.0,Sydney
1.2312639518352357,0.0322602090110792,-0.20043034125400994,-0.26404715971426174,0.0,1.0,0.0,0.0,0.0,0.0,1.0,0.0,Londres
1.7016685791641946,-1.2988712551880512,-1.6865673253420723,0.6556076819281125,0.0,0.0,1.0,0.0,0.0,0.0,1.0,0.0,Rio de Janeiro
-0.9863578627155701,0.06296681718176271,1.6572408888560681,-0.5566407130101998,0.0,1.0,0.0,0.0,0.0,0.0,1.0,0.0,Londres
-0.9863578627155701,-0.8582314279387427,1.1618618941600474,-0.651274449706296,0.0,1.0,0.0,0.0,0.0,0.0,0.0,1.0,Rome
0.8952606466002652,-1.3955970709257042,1.2857066428340524,-0.7367197829781237,0.0,0.0,0.0,0.0,1.0,0.0,1.0,0.0,Londres
-0.5159532353866113,-1.2612556601789637,1.2857066428340524,-0.7171489053111133,0.0,0.0,0.0,1.0,0.0,0.0,0.0,1.0,Barcelone
1.5000665960232122,-1.5437564553492522,1.5333961401820628,-0.7639592492432836,0.0,0.0,0.0,1.0,0.0,0.0,1.0,0.0,Rio de Janeiro
-1.1207591848095584,-0.07905124560764853,-0.819654084624036,0.007681786349731261,0.0,1.0,0.0,0.0,0.0,0.0,0.0,1.0,Londres
-1.523963151091523,1.7326386364626787,0.2949486534420109,-0.03367174114908247,0.0,0.0,1.0,0.0,0.0,1.0,0.0,0.0,Sydney
-0.8519565406215819,-0.32393644576884956,0.7903276481380317,-0.5338943256430057,0.0,0.0,0.0,1.0,0.0,0.0,0.0,1.0,Sydney
-1.0535585237625642,-1.0808543371761983,-1.438877827994062,0.11550786263620813,0.0,0.0,0.0,1.0,0.0,0.0,1.0,0.0,Barcelone
-0.7175552185275936,0.4928593315713319,0.5426381507900213,-0.34884735997340166,0.0,1.0,0.0,0.0,0.0,0.0,0.0,1.0,Tokyo
-0.31435125224562893,-0.47209583019239754,1.4095513915080577,-0.6108987136837633,0.0,0.0,1.0,0.0,0.0,1.0,0.0,0.0,Rio de Janeiro
-1.6583644731855112,-1.593654693626613,-0.819654084624036,-0.6297447594445511,0.0,0.0,0.0,1.0,0.0,1.0,0.0,0.0,Bali
1.0968626297412476,-0.3323807630157875,0.6664828994640265,-0.520960844739545,0.0,0.0,0.0,0.0,1.0,0.0,0.0,1.0,Paris
-1.1207591848095584,-1.429374339913456,1.1618618941600474,-0.737806805593889,1.0,0.0,0.0,0.0,0.0,1.0,0.0,0.0,Rio de Janeiro
1.6344679181172004,-0.3845819969059495,0.5426381507900213,-0.5150208844869334,0.0,0.0,0.0,0.0,1.0,0.0,1.0,0.0,Londres
0.5592573413652946,-0.7952828811888415,-1.6865673253420723,1.6093240688614185,0.0,0.0,0.0,1.0,0.0,1.0,0.0,0.0,Barcelone
-0.5159532353866113,-0.31011847209204196,-1.1911883306460516,0.28439527520052643,0.0,0.0,1.0,0.0,0.0,0.0,1.0,0.0,Rio de Janeiro
1.6344679181172004,0.49746532279693445,0.41879340211601607,-0.32221154428136745,0.0,0.0,1.0,0.0,0.0,1.0,0.0,0.0,Sydney
0.5592573413652946,-1.166065174849845,-0.3242750899280151,-0.5690812468849457,0.0,0.0,0.0,0.0,1.0,0.0,1.0,0.0,New York
0.9624613076472592,-0.21876631278425854,1.1618618941600474,-0.5543907770525796,0.0,1.0,0.0,0.0,0.0,0.0,0.0,1.0,Rome
-0.7175552185275936,0.485182679528661,-0.819654084624036,0.2451417514580929,1.0,0.0,0.0,0.0,0.0,0.0,0.0,1.0,New York
-0.7847558795745877,0.32857897785817514,-1.0673435819720463,0.46972483730977144,0.0,0.0,0.0,0.0,1.0,1.0,0.0,0.0,Rome
-1.523963151091523,-0.808333189661382,0.9141723968120369,-0.6268651656171477,0.0,0.0,0.0,0.0,1.0,1.0,0.0,0.0,Barcelone
0.42485601927130634,-1.6166846497546254,-1.438877827994062,-0.3918810127471116,0.0,1.0,0.0,0.0,0.0,1.0,0.0,0.0,Rome
1.0296619686942534,-0.07905124560764853,0.6664828994640265,-0.4752688368905008,0.0,0.0,1.0,0.0,0.0,0.0,0.0,1.0,Sydney
-0.11274926910464658,-1.6635122272149179,-0.819654084624036,-0.6591445646484435,0.0,0.0,0.0,0.0,1.0,0.0,0.0,1.0,Paris
1.5000665960232122,-1.699592491815471,-1.1911883306460516,-0.5927527104489019,1.0,0.0,0.0,0.0,0.0,0.0,0.0,1.0,New York
0.8952606466002652,-0.3523400583267318,0.9141723968120369,-0.5517713437108145,0.0,0.0,0.0,0.0,1.0,0.0,0.0,1.0,Londres
-0.919157201668576,-0.7745559206736301,-0.6958093359500308,-0.3402697488354939,0.0,0.0,0.0,1.0,0.0,0.0,1.0,0.0,Barcelone
1.2312639518352357,1.4938947579356145,-1.6865673253420723,5.944662888732026,0.0,0.0,1.0,0.0,0.0,1.0,0.0,0.0,Bali
-1.5911638121385172,-1.322668876520331,0.9141723968120369,-0.7115669512690721,1.0,0.0,0.0,0.0,0.0,0.0,0.0,1.0,New York
0.29045469717731814,1.044042948235101,-0.5719645872760255,0.24073620802490495,0.0,0.0,0.0,1.0,0.0,0.0,1.0,0.0,Sydney
-0.5831538964336054,-0.8912410317222275,0.04725915609400046,-0.5543471683243759,0.0,0.0,1.0,0.0,0.0,0.0,0.0,1.0,Sydney
-1.4567624900445288,-0.5350443769422987,-0.819654084624036,-0.18422463443172019,0.0,0.0,0.0,1.0,0.0,1.0,0.0,0.0,Rio de Janeiro
-0.9863578627155701,0.703199597540514,-0.5719645872760255,0.12337194831649351,0.0,0.0,1.0,0.0,0.0,1.0,0.0,0.0,Sydney
1.29846461288223,-1.245902356093622,1.2857066428340524,-0.7149122335777407,0.0,0.0,1.0,0.0,0.0,0.0,1.0,0.0,Bali
0.5592573413652946,1.333452730243793,1.1618618941600474,-0.3192181646806534,0.0,0.0,1.0,0.0,0.0,1.0,0.0,0.0,Sydney
-0.6503545574805996,-0.6432851707439581,-0.44811983860202037,-0.38170408255012084,1.0,0.0,0.0,0.0,0.0,0.0,1.0,0.0,New York
-0.9863578627155701,0.4406580976811699,0.2949486534420109,-0.30553918569321725,0.0,0.0,1.0,0.0,0.0,1.0,0.0,0.0,Sydney
1.3656652739292239,-0.25484657738481165,0.41879340211601607,-0.47218626785709916,0.0,0.0,0.0,0.0,1.0,1.0,0.0,0.0,Rome
-0.919157201668576,-1.139964557904764,1.2857066428340524,-0.6994791986174697,0.0,1.0,0.0,0.0,0.0,0.0,0.0,1.0,Barcelone
-0.4487525743396172,0.31245800856856626,-0.9434988332980412,0.29869138087071506,0.0,0.0,1.0,0.0,0.0,1.0,0.0,0.0,Sydney
0.8952606466002652,0.7047349279490481,1.038017145486042,-0.3968481950388864,0.0,0.0,0.0,0.0,1.0,0.0,0.0,1.0,Paris
0.8280599855532711,-0.6609414704421012,-1.0673435819720463,-0.06570236731005415,0.0,0.0,0.0,1.0,0.0,0.0,0.0,1.0,Barcelone
1.2312639518352357,-0.32623944138165084,-0.6958093359500308,-0.17046164128757427,0.0,0.0,0.0,0.0,1.0,0.0,1.0,0.0,Londres
1.7016685791641946,-0.5603773286831126,0.6664828994640265,-0.5620836518036847,0.0,0.0,0.0,0.0,1.0,1.0,0.0,0.0,Rome
-0.9863578627155701,-0.4598131869241241,-0.819654084624036,-0.15256330575060525,0.0,0.0,0.0,1.0,0.0,1.0,0.0,0.0,Rio de Janeiro
1.3656652739292239,-1.0985106368743411,0.41879340211601607,-0.6403722078670269,1.0,0.0,0.0,0.0,0.0,0.0,1.0,0.0,New York
-1.1879598458565523,-0.5926192672623303,0.6664828994640265,-0.5678989982571994,0.0,0.0,0.0,0.0,1.0,0.0,0.0,1.0,Londres
1.29846461288223,-0.29860349402803565,-0.44811983860202037,-0.2729086465345008,1.0,0.0,0.0,0.0,0.0,0.0,1.0,0.0,Rio de Janeiro
-1.6583644731855112,1.2405652405274754,-1.3150330793200569,1.6834704588869733,0.0,1.0,0.0,0.0,0.0,0.0,0.0,1.0,Barcelone
-0.4487525743396172,0.6640486721228925,1.5333961401820628,-0.4652996671108784,0.0,0.0,0.0,0.0,1.0,1.0,0.0,0.0,Sydney
-1.6583644731855112,-0.6432851707439581,1.2857066428340524,-0.6271228680428655,0.0,0.0,1.0,0.0,0.0,1.0,0.0,0.0,Bali
-1.5911638121385172,-0.7354049952560087,-0.6958093359500308,-0.32544061615579545,0.0,0.0,0.0,1.0,0.0,0.0,1.0,0.0,Barcelone
0.9624613076472592,-0.8313631457893946,-1.5627225766680672,0.7481688353820886,0.0,0.0,1.0,0.0,0.0,0.0,0.0,1.0,Sydney
0.3576553582243122,-1.6581385707850482,-1.5627225766680672,-0.29568555477970515,0.0,0.0,0.0,0.0,1.0,1.0,0.0,0.0,Barcelone
0.42485601927130634,-1.236690373642417,-0.20043034125400994,-0.6073602832422766,0.0,0.0,0.0,1.0,0.0,0.0,1.0,0.0,Barcelone
0.1560533750833299,-1.35721381071235,-0.07658559258000475,-0.653135365501505,0.0,1.0,0.0,0.0,0.0,0.0,1.0,0.0,Le Caire
-0.045548608057652464,1.2927664744176375,0.5426381507900213,-0.19735758522003333,0.0,1.0,0.0,0.0,0.0,0.0,1.0,0.0,Londres
1.0296619686942534,0.38231554215687125,1.1618618941600474,-0.4633224508966853,0.0,1.0,0.0,0.0,0.0,1.0,0.0,0.0,Rome
0.1560533750833299,0.6978259411106443,0.17110390476800566,-0.21695017700896088,0.0,0.0,0.0,1.0,0.0,0.0,0.0,1.0,Sydney
-1.3895618289975349,-0.49512578632041016,-1.3150330793200569,0.3686208261053265,0.0,0.0,1.0,0.0,0.0,0.0,1.0,0.0,Sydney
-1.3895618289975349,0.08522910810550827,-0.5719645872760255,-0.08941685588456785,0.0,0.0,0.0,1.0,0.0,1.0,0.0,0.0,Sydney
-1.4567624900445288,-0.9779871998044084,0.9141723968120369,-0.6548041128247227,0.0,0.0,0.0,1.0,0.0,0.0,0.0,1.0,Barcelone
0.6936586634592828,0.46292038860491547,-0.3242750899280151,-0.09445952331795769,1.0,0.0,0.0,0.0,0.0,0.0,1.0,0.0,New York
0.08885271403633577,-1.184489139752255,-1.6865673253420723,0.8722292393260738,0.0,0.0,1.0,0.0,0.0,1.0,0.0,0.0,Rio de Janeiro
-0.4487525743396172,-0.9365332787739856,0.6664828994640265,-0.629929360428023,0.0,1.0,0.0,0.0,0.0,0.0,1.0,0.0,Londres
1.5000665960232122,0.6786343110039672,-0.5719645872760255,0.1149132629321035,0.0,0.0,1.0,0.0,0.0,0.0,0.0,1.0,Sydney
0.1560533750833299,-1.4493336352244004,0.5426381507900213,-0.7166680222824439,0.0,1.0,0.0,0.0,0.0,1.0,0.0,0.0,Barcelone
-0.38155191329262306,-1.2052161002674664,0.9141723968120369,-0.6922246032022894,0.0,0.0,1.0,0.0,0.0,0.0,1.0,0.0,Bali
-1.0535585237625642,-0.15351477042155606,-0.3242750899280151,-0.27406425659990463,1.0,0.0,0.0,0.0,0.0,1.0,0.0,0.0,Rio de Janeiro
0.1560533750833299,0.1773489326175588,0.9141723968120369,-0.4645411465468921,0.0,1.0,0.0,0.0,0.0,0.0,1.0,0.0,Londres
-0.2471505911986348,0.6778666457997001,-0.9434988332980412,0.47169792447536735,1.0,0.0,0.0,0.0,0.0,0.0,0.0,1.0,Tokyo
-0.38155191329262306,-0.15812076164715858,0.6664828994640265,-0.4895302817645964,0.0,1.0,0.0,0.0,0.0,0.0,1.0,0.0,Londres
0.6936586634592828,0.292498713257622,-1.0673435819720463,0.45020189036087177,0.0,0.0,0.0,1.0,0.0,1.0,0.0,0.0,Sydney
-0.8519565406215819,-0.7929798855760403,0.9141723968120369,-0.6243367541051499,0.0,0.0,1.0,0.0,0.0,0.0,1.0,0.0,Bali
-1.7255651342325053,-0.371531688433409,-0.819654084624036,-0.11540970576766431,1.0,0.0,0.0,0.0,0.0,0.0,0.0,1.0,Rio de Janeiro
-0.17994993015164068,1.3265437434053893,0.6664828994640265,-0.22174742364322841,0.0,0.0,1.0,0.0,0.0,1.0,0.0,0.0,Sydney
-0.38155191329262306,-0.6056695757348708,1.1618618941600474,-0.6130094697506264,0.0,0.0,0.0,0.0,1.0,1.0,0.0,0.0,Rome
0.8952606466002652,0.8636416252323353,0.5426381507900213,-0.2786270517144027,0.0,0.0,0.0,1.0,0.0,0.0,0.0,1.0,Sydney
1.0968626297412476,-1.6873098485471976,-1.438877827994062,-0.4587574834280076,1.0,0.0,0.0,0.0,0.0,1.0,0.0,0.0,Rio de Janeiro
1.0968626297412476,-1.367193458367822,-1.1911883306460516,-0.38291565089851376,1.0,0.0,0.0,0.0,0.0,0.0,1.0,0.0,New York
0.6936586634592828,0.7316032100983962,0.7903276481380317,-0.3521647485773169,0.0,0.0,1.0,0.0,0.0,0.0,1.0,0.0,New York
-0.31435125224562893,0.6801696414125014,0.04725915609400046,-0.18234673041182717,0.0,0.0,0.0,1.0,0.0,0.0,0.0,1.0,Sydney
1.1640632907882416,-1.0225117816518996,-1.1911883306460516,-0.16532479699984345,0.0,1.0,0.0,0.0,0.0,1.0,0.0,0.0,Le Caire
-0.11274926910464658,0.40227483746781556,1.038017145486042,-0.4445824974622858,0.0,1.0,0.0,0.0,0.0,1.0,0.0,0.0,Rome
-1.7255651342325053,-0.46518684335399374,0.7903276481380317,-0.5582130472285233,1.0,0.0,0.0,0.0,0.0,0.0,1.0,0.0,Rio de Janeiro
-1.4567624900445288,1.1737783677562388,0.04725915609400046,-0.06549461435038656,0.0,0.0,1.0,0.0,0.0,1.0,0.0,0.0,Sydney
-1.7255651342325053,-0.2279782952354636,1.4095513915080577,-0.5766527842062302,0.0,0.0,1.0,0.0,0.0,0.0,1.0,0.0,Rio de Janeiro
-0.8519565406215819,0.615685764254066,1.038017145486042,-0.41090194905186694,0.0,0.0,1.0,0.0,0.0,1.0,0.0,0.0,Sydney
-1.1879598458565523,1.4601174889478625,-0.07658559258000475,0.058275337094448924,0.0,1.0,0.0,0.0,0.0,0.0,1.0,0.0,Londres
-0.6503545574805996,1.5768025999964599,0.41879340211601607,-0.10704372657985844,1.0,0.0,0.0,0.0,0.0,1.0,0.0,0.0,Rio de Janeiro
0.29045469717731814,1.3012107916645754,1.038017145486042,-0.30271227376228416,1.0,0.0,0.0,0.0,0.0,0.0,0.0,1.0,Tokyo
1.432865934976218,0.42684012400436233,1.038017145486042,-0.44070559980353247,0.0,0.0,0.0,1.0,0.0,1.0,0.0,0.0,Sydney
-1.5911638121385172,0.30708435213869667,-1.5627225766680672,2.18552822313505,1.0,0.0,0.0,0.0,0.0,0.0,1.0,0.0,New York
-1.2551605069035465,0.764612813881881,1.6572408888560681,-0.4649988728664964,0.0,1.0,0.0,0.0,0.0,0.0,0.0,1.0,Paris
-0.7847558795745877,-1.6082403325076875,-1.1911883306460516,-0.5350838649835528,0.0,0.0,0.0,1.0,0.0,1.0,0.0,0.0,Bali
-0.38155191329262306,-0.8989176837648983,0.5426381507900213,-0.6124279373513832,1.0,0.0,0.0,0.0,0.0,1.0,0.0,0.0,Rio de Janeiro
1.1640632907882416,-1.4255360138921207,0.04725915609400046,-0.6808309518061217,0.0,1.0,0.0,0.0,0.0,0.0,0.0,1.0,Rome
-1.5911638121385172,0.06296681718176271,-1.5627225766680672,1.8773149491597017,0.0,0.0,1.0,0.0,0.0,0.0,0.0,1.0,Sydney
-1.3895618289975349,1.6052062125543423,-0.3242750899280151,0.238357217807244,0.0,1.0,0.0,0.0,0.0,0.0,1.0,0.0,Tokyo
0.6264580024122887,-1.4032737229683752,-1.1911883306460516,-0.4056924217965929,0.0,1.0,0.0,0.0,0.0,0.0,1.0,0.0,Londres
-0.7175552185275936,-1.3027095812093865,1.038017145486042,-0.7136634255901283,0.0,0.0,1.0,0.0,0.0,0.0,0.0,1.0,Sydney
0.6936586634592828,-0.9280889615270477,0.5426381507900213,-0.6179525164690685,0.0,1.0,0.0,0.0,0.0,1.0,0.0,0.0,Rome
0.42485601927130634,0.0952087557609804,0.6664828994640265,-0.44383827391555225,0.0,0.0,0.0,1.0,0.0,1.0,0.0,0.0,Sydney
-0.7847558795745877,-1.622058306184495,1.1618618941600474,-0.766999845012956,0.0,0.0,0.0,1.0,0.0,0.0,0.0,1.0,Sydney
1.0968626297412476,-1.359516806325151,-0.5719645872760255,-0.5868932900540058,0.0,0.0,0.0,0.0,1.0,1.0,0.0,0.0,Rome
1.29846461288223,-1.6681182184405203,-1.5627225766680672,-0.30828546849567856,0.0,0.0,1.0,0.0,0.0,1.0,0.0,0.0,Bali
-0.8519565406215819,-0.520458738061224,-1.6865673253420723,2.129797340998802,0.0,0.0,1.0,0.0,0.0,1.0,0.0,0.0,Sydney
0.29045469717731814,1.700396697883461,-1.1911883306460516,1.5535944875849754,0.0,0.0,1.0,0.0,0.0,0.0,0.0,1.0,Sydney
1.5672672570702064,0.3646592424587282,-1.5627225766680672,2.2582200330348967,0.0,0.0,0.0,1.0,0.0,0.0,0.0,1.0,Barcelone
-0.9863578627155701,-1.3733347800019586,0.41879340211601607,-0.6951588926018349,0.0,0.0,0.0,0.0,1.0,0.0,1.0,0.0,New York
0.021652052989341655,-0.45597486090278866,0.6664828994640265,-0.5432530061446846,0.0,0.0,0.0,0.0,1.0,0.0,0.0,1.0,Londres
0.6936586634592828,-1.6888451789557317,0.7903276481380317,-0.7688871896595837,1.0,0.0,0.0,0.0,0.0,0.0,1.0,0.0,New York
0.7608593245062769,-1.289659272736846,1.038017145486042,-0.7116038237089155,1.0,0.0,0.0,0.0,0.0,1.0,0.0,0.0,Rio de Janeiro
-0.11274926910464658,0.756168496634943,-0.5719645872760255,0.1416109886765844,0.0,1.0,0.0,0.0,0.0,1.0,0.0,0.0,Rome
-1.1207591848095584,-0.738475656073077,1.6572408888560681,-0.6613169505485218,1.0,0.0,0.0,0.0,0.0,0.0,1.0,0.0,New York
-0.5159532353866113,-0.6049019105306037,0.2949486534420109,-0.5255531247717149,0.0,0.0,0.0,1.0,0.0,0.0,0.0,1.0,Barcelone
1.0968626297412476,-0.475934156213733,-0.9434988332980412,-0.07458114073007875,0.0,0.0,0.0,1.0,0.0,0.0,0.0,1.0,Barcelone
1.5672672570702064,-1.0463094029841793,-0.07658559258000475,-0.5746281898744311,0.0,0.0,0.0,0.0,1.0,0.0,0.0,1.0,Rome
-0.4487525743396172,1.3134934349328489,-0.6958093359500308,0.45061732741509086,0.0,0.0,1.0,0.0,0.0,0.0,1.0,0.0,Sydney
-1.3895618289975349,0.6387157203820786,-1.438877827994062,1.7438045400841111,0.0,1.0,0.0,0.0,0.0,0.0,1.0,0.0,Londres
0.7608593245062769,1.5445606614172422,-1.0673435819720463,1.1276896876726914,0.0,1.0,0.0,0.0,0.0,0.0,0.0,1.0,Paris
1.2312639518352357,-0.3408250802627255,1.038017145486042,-0.5618586516395715,1.0,0.0,0.0,0.0,0.0,1.0,0.0,0.0,Rio de Janeiro
-0.17994993015164068,0.9872357231193365,0.41879340211601607,-0.22457493852492166,0.0,1.0,0.0,0.0,0.0,1.0,0.0,0.0,Tokyo
-0.919157201668576,0.5642521955681711,-1.1911883306460516,0.8363685103688684,0.0,0.0,1.0,0.0,0.0,0.0,1.0,0.0,Sydney
0.42485601927130634,-0.3968646401742229,-1.5627225766680672,1.296749694092929,0.0,0.0,1.0,0.0,0.0,0.0,1.0,0.0,Sydney
-1.2551605069035465,1.6075092081671434,-1.0673435819720463,1.161750999370772,0.0,0.0,1.0,0.0,0.0,0.0,1.0,0.0,Rio de Janeiro
-1.7255651342325053,1.602903216941541,1.5333961401820628,-0.33829665287307187,1.0,0.0,0.0,0.0,0.0,0.0,0.0,1.0,New York
0.021652052989341655,0.7615421530648127,-0.07658559258000475,-0.118123501968853,1.0,0.0,0.0,0.0,0.0,0.0,0.0,1.0,Tokyo
-0.7175552185275936,1.1699400417349033,0.04725915609400046,-0.06640326222022674,0.0,1.0,0.0,0.0,0.0,1.0,0.0,0.0,Le Caire
-0.17994993015164068,0.21112620160531068,0.9141723968120369,-0.45897864122049714,0.0,0.0,0.0,0.0,1.0,1.0,0.0,0.0,Sydney
-1.523963151091523,1.1307891163172819,-0.6958093359500308,0.3814147082431647,0.0,1.0,0.0,0.0,0.0,1.0,0.0,0.0,Barcelone
1.432865934976218,-0.19113036543064338,-1.5627225766680672,1.5565017614683798,0.0,1.0,0.0,0.0,0.0,0.0,1.0,0.0,Londres
1.1640632907882416,-0.1320201447020776,-1.3150330793200569,0.6436866714417789,1.0,0.0,0.0,0.0,0.0,0.0,0.0,1.0,New York
1.2312639518352357,-1.473898921760947,-0.20043034125400994,-0.671536783647695,0.0,0.0,0.0,1.0,0.0,0.0,0.0,1.0,Sydney
1.6344679181172004,-1.4946258822761584,-1.3150330793200569,-0.3885371667658385,0.0,0.0,1.0,0.0,0.0,1.0,0.0,0.0,Rio de Janeiro
1.432865934976218,0.7753601267416202,0.17110390476800566,-0.19967517744354807,0.0,0.0,0.0,0.0,1.0,0.0,0.0,1.0,Sydney
-1.6583644731855112,1.6075092081671434,0.5426381507900213,-0.1377502842134297,0.0,0.0,0.0,0.0,1.0,1.0,0.0,0.0,Sydney
0.021652052989341655,-0.2533112469762775,0.17110390476800566,-0.42886824098466797,0.0,1.0,0.0,0.0,0.0,1.0,0.0,0.0,Rome
-0.2471505911986348,0.5458282306657609,-0.6958093359500308,0.15985001997002282,0.0,0.0,1.0,0.0,0.0,0.0,1.0,0.0,Sydney
-0.31435125224562893,-0.1642620832812953,-1.438877827994062,0.9834481451687063,0.0,0.0,0.0,0.0,1.0,1.0,0.0,0.0,Barcelone
0.29045469717731814,-1.2850532815112437,0.2949486534420109,-0.6686752613528816,0.0,0.0,0.0,1.0,0.0,0.0,1.0,0.0,Barcelone
-0.9863578627155701,0.7185529016258557,0.9141723968120369,-0.3754146407489716,0.0,0.0,0.0,0.0,1.0,0.0,0.0,1.0,Sydney
0.42485601927130634,-0.711607373923729,0.9141723968120369,-0.6109361730915618,0.0,0.0,0.0,0.0,1.0,1.0,0.0,0.0,Rome
-1.7255651342325053,-0.7077690479023935,-1.0673435819720463,-0.09104066015862611,1.0,0.0,0.0,0.0,0.0,1.0,0.0,0.0,Rio de Janeiro
-0.17994993015164068,-1.3472341630568776,0.5426381507900213,-0.6973319953705456,0.0,1.0,0.0,0.0,0.0,0.0,0.0,1.0,Barcelone
-0.9863578627155701,-0.8835643796795566,-0.07658559258000475,-0.5335330757190244,0.0,0.0,0.0,0.0,1.0,0.0,0.0,1.0,Paris
0.08885271403633577,-1.497696543093227,1.2857066428340524,-0.7515936500050515,0.0,0.0,0.0,1.0,0.0,0.0,1.0,0.0,Rio de Janeiro
0.3576553582243122,-0.9503512524507932,1.1618618941600474,-0.665231281301069,0.0,0.0,0.0,0.0,1.0,0.0,0.0,1.0,Sydney
1.29846461288223,-0.42142992671076973,-0.9434988332980412,-0.04877554283946887,0.0,1.0,0.0,0.0,0.0,0.0,1.0,0.0,Londres
-1.1879598458565523,0.4183958067574244,0.7903276481380317,-0.4060888703538994,0.0,0.0,1.0,0.0,0.0,1.0,0.0,0.0,Sydney
-0.7175552185275936,-1.4961612126846928,-0.6958093359500308,-0.6135910178338577,0.0,0.0,0.0,1.0,0.0,1.0,0.0,0.0,Rio de Janeiro
-0.2471505911986348,-1.0140674644049616,0.17110390476800566,-0.5983684842453021,0.0,0.0,0.0,1.0,0.0,0.0,1.0,0.0,Bali
-1.1879598458565523,-1.3288101981544675,1.038017145486042,-0.7177826293525535,0.0,0.0,0.0,1.0,0.0,0.0,0.0,1.0,Sydney
-0.11274926910464658,0.10595606862071963,0.04725915609400046,-0.31828045173991043,0.0,1.0,0.0,0.0,0.0,1.0,0.0,0.0,Barcelone
1.0296619686942534,0.5918881429217863,0.41879340211601607,-0.30338818611829094,0.0,0.0,1.0,0.0,0.0,1.0,0.0,0.0,Sydney
-1.7255651342325053,0.10518840341645254,-0.07658559258000475,-0.2838608727371202,0.0,0.0,0.0,1.0,0.0,1.0,0.0,0.0,Rio de Janeiro
-1.6583644731855112,1.5215307052892297,0.5426381507900213,-0.15403325424450187,1.0,0.0,0.0,0.0,0.0,0.0,1.0,0.0,New York
0.22325403613032402,1.009498014043082,-0.5719645872760255,0.2288411817031064,0.0,0.0,1.0,0.0,0.0,0.0,0.0,1.0,Sydney
-0.8519565406215819,-0.2878561811682964,-0.3242750899280151,-0.3132060104284734,1.0,0.0,0.0,0.0,0.0,0.0,1.0,0.0,Rio de Janeiro
-0.5159532353866113,-1.53377680769378,-1.5627225766680672,-0.13867124539603706,0.0,0.0,0.0,0.0,1.0,0.0,1.0,0.0,New York
0.29045469717731814,-0.7169810303535985,-0.819654084624036,-0.2607933578748245,0.0,0.0,0.0,1.0,0.0,0.0,0.0,1.0,Barcelone
-1.3895618289975349,-0.6041342453263366,1.4095513915080577,-0.6294216692502277,1.0,0.0,0.0,0.0,0.0,0.0,0.0,1.0,Tokyo
0.7608593245062769,-0.1128285145954004,1.6572408888560681,-0.5796013053437973,0.0,0.0,0.0,1.0,0.0,1.0,0.0,0.0,Rio de Janeiro
-1.1879598458565523,0.7945517568482975,-1.5627225766680672,2.8009855469537497,0.0,1.0,0.0,0.0,0.0,0.0,0.0,1.0,Paris
-0.5159532353866113,-0.590316271649529,1.2857066428340524,-0.6194063505627301,0.0,0.0,0.0,1.0,0.0,0.0,1.0,0.0,Rio de Janeiro
-0.9863578627155701,1.2167676191951957,-0.3242750899280151,0.12518163245149663,1.0,0.0,0.0,0.0,0.0,0.0,1.0,0.0,New York
-1.6583644731855112,0.6556043548759546,-1.6865673253420723,4.357074025117438,0.0,1.0,0.0,0.0,0.0,1.0,0.0,0.0,Rome
-1.7255651342325053,-1.6658152228277192,-0.3242750899280151,-0.7146885711272214,0.0,0.0,0.0,1.0,0.0,1.0,0.0,0.0,Bali
-1.523963151091523,0.5619491999553698,0.7903276481380317,-0.3813736478729658,0.0,0.0,1.0,0.0,0.0,0.0,0.0,1.0,Sydney
1.29846461288223,0.23262082732478911,-1.438877827994062,1.3592648336689592,1.0,0.0,0.0,0.0,0.0,1.0,0.0,0.0,Rome
-1.5911638121385172,-1.2858209467155106,0.5426381507900213,-0.6857013024912082,0.0,0.0,0.0,1.0,0.0,0.0,1.0,0.0,Bali
-1.3223611679505407,1.0187099964942872,0.9141723968120369,-0.32598419568941556,0.0,0.0,1.0,0.0,0.0,0.0,0.0,1.0,Sydney
-0.4487525743396172,-1.3487694934654118,-0.20043034125400994,-0.6376831604564872,0.0,0.0,1.0,0.0,0.0,0.0,0.0,1.0,Sydney
0.8952606466002652,1.5138540532465588,-0.9434988332980412,0.8675049118397922,1.0,0.0,0.0,0.0,0.0,0.0,0.0,1.0,New York
1.0296619686942534,-1.5053731951358977,0.7903276481380317,-0.7372992849914385,1.0,0.0,0.0,0.0,0.0,1.0,0.0,0.0,Rio de Janeiro
1.5672672570702064,-0.30704781127497366,1.2857066428340524,-0.5781397570820053,0.0,0.0,1.0,0.0,0.0,0.0,0.0,1.0,Sydney
-0.4487525743396172,-1.4677576001268104,0.9141723968120369,-0.7354604400574509,1.0,0.0,0.0,0.0,0.0,0.0,1.0,0.0,New York
1.0968626297412476,1.5038744055910866,1.4095513915080577,-0.33370052979958137,1.0,0.0,0.0,0.0,0.0,1.0,0.0,0.0,Rio de Janeiro
-0.7847558795745877,-1.1829538093437209,-1.3150330793200569,-0.15243413673074402,0.0,0.0,1.0,0.0,0.0,0.0,1.0,0.0,Rio de Janeiro
-0.7847558795745877,-0.13662613592768014,1.6572408888560681,-0.5827095077994371,0.0,0.0,1.0,0.0,0.0,0.0,1.0,0.0,Sydney
-0.38155191329262306,-1.6105433281204888,-0.20043034125400994,-0.7085057709362532,0.0,0.0,1.0,0.0,0.0,0.0,1.0,0.0,Bali
-1.2551605069035465,-0.2026453434946497,0.9141723968120369,-0.5271193314688364,0.0,0.0,1.0,0.0,0.0,0.0,1.0,0.0,Sydney
-0.9863578627155701,1.1476777508111577,1.5333961401820628,-0.39987701872999687,0.0,0.0,0.0,1.0,0.0,1.0,0.0,0.0,Sydney
-1.523963151091523,0.4874856751414623,-0.20043034125400994,-0.14088643239900903,0.0,0.0,1.0,0.0,0.0,0.0,0.0,1.0,Sydney
0.3576553582243122,-0.01072904242787772,0.6664828994640265,-0.4629458408342434,0.0,0.0,0.0,0.0,1.0,1.0,0.0,0.0,Sydney
0.7608593245062769,0.7269972188727937,-1.3150330793200569,1.2944238404301307,0.0,0.0,0.0,1.0,0.0,1.0,0.0,0.0,Sydney
-0.31435125224562893,-0.40223829660409255,0.41879340211601607,-0.501569070843365,0.0,1.0,0.0,0.0,0.0,0.0,1.0,0.0,Londres
0.8952606466002652,0.13052135515726646,0.6664828994640265,-0.43746908494265513,0.0,0.0,0.0,1.0,0.0,0.0,1.0,0.0,Sydney
0.22325403613032402,0.5995647949644571,1.4095513915080577,-0.4605612371094362,1.0,0.0,0.0,0.0,0.0,1.0,0.0,0.0,Tokyo
-1.1207591848095584,1.227514932054935,0.41879340211601607,-0.17667484824001964,1.0,0.0,0.0,0.0,0.0,1.0,0.0,0.0,Tokyo
1.0296619686942534,1.7502949361608218,-0.07658559258000475,0.13154870101305116,0.0,0.0,0.0,0.0,1.0,0.0,1.0,0.0,Londres
1.432865934976218,-1.2612556601789637,0.5426381507900213,-0.6810490253394733,0.0,0.0,0.0,0.0,1.0,1.0,0.0,0.0,Rome
0.6264580024122887,0.6471600376290165,-0.07658559258000475,-0.14700638880449252,1.0,0.0,0.0,0.0,0.0,0.0,0.0,1.0,New York
0.021652052989341655,-0.05678895468390299,1.038017145486042,-0.517032022460237,0.0,0.0,1.0,0.0,0.0,0.0,0.0,1.0,Sydney
0.29045469717731814,-0.6532648183994303,-1.438877827994062,0.520401277519459,0.0,0.0,0.0,1.0,0.0,1.0,0.0,0.0,Barcelone
0.1560533750833299,-1.0585920462524527,-0.3242750899280151,-0.5377678438220908,0.0,0.0,1.0,0.0,0.0,1.0,0.0,0.0,Rio de Janeiro
0.49205668031830047,-1.508443855952966,1.1618618941600474,-0.7497864193794026,0.0,0.0,0.0,0.0,1.0,1.0,0.0,0.0,Sydney
0.08885271403633577,-0.8106361852741832,1.2857066428340524,-0.6515025899366271,0.0,0.0,1.0,0.0,0.0,0.0,0.0,1.0,Sydney
-0.7175552185275936,-1.001017155932421,0.2949486534420109,-0.6089064232772251,0.0,1.0,0.0,0.0,0.0,1.0,0.0,0.0,Le Caire
-0.11274926910464658,0.059896156364694364,-0.5719645872760255,-0.09813987518722014,1.0,0.0,0.0,0.0,0.0,1.0,0.0,0.0,Rio de Janeiro
0.1560533750833299,1.4140575766918373,1.1618618941600474,-0.30700593703522694,1.0,0.0,0.0,0.0,0.0,0.0,0.0,1.0,New York
0.49205668031830047,0.6387157203820786,1.1618618941600474,-0.4244759362912336,0.0,0.0,0.0,1.0,0.0,1.0,0.0,0.0,Sydney
1.5672672570702064,0.9457818020889137,-0.3242750899280151,0.04622712330015517,0.0,1.0,0.0,0.0,0.0,0.0,0.0,1.0,Tokyo
-0.4487525743396172,-1.6128463237332902,0.9141723968120369,-0.7593539288458295,0.0,0.0,1.0,0.0,0.0,1.0,0.0,0.0,Bali
-1.1207591848095584,-0.32393644576884956,-0.9434988332980412,-0.0026162339365469792,1.0,0.0,0.0,0.0,0.0,0.0,1.0,0.0,New York
-0.6503545574805996,-1.2121250871058702,0.5426381507900213,-0.6717444710360035,0.0,1.0,0.0,0.0,0.0,0.0,0.0,1.0,Rome
-1.2551605069035465,0.39536585062941176,1.1618618941600474,-0.46134523308742575,0.0,1.0,0.0,0.0,0.0,1.0,0.0,0.0,Rome
-0.31435125224562893,-1.2090544262888019,0.9141723968120369,-0.6928567060802888,0.0,0.0,0.0,1.0,0.0,0.0,1.0,0.0,Bali
1.5672672570702064,0.5504342218913635,-0.44811983860202037,-0.0049181070394546415,1.0,0.0,0.0,0.0,0.0,1.0,0.0,0.0,Rio de Janeiro
1.29846461288223,1.4854504406886766,-1.3150330793200569,1.8689799824859763,1.0,0.0,0.0,0.0,0.0,1.0,0.0,0.0,Rio de Janeiro
-1.3895618289975349,-0.6394468447226227,-0.5719645872760255,-0.3389480747240734,0.0,1.0,0.0,0.0,0.0,0.0,0.0,1.0,Barcelone
-0.045548608057652464,1.1822226850031767,0.6664828994640265,-0.24777802205419905,1.0,0.0,0.0,0.0,0.0,0.0,1.0,0.0,New York
-0.5159532353866113,-1.4355156615475928,0.5426381507900213,-0.714051116384593,0.0,1.0,0.0,0.0,0.0,1.0,0.0,0.0,Barcelone
-0.6503545574805996,0.12898602474873228,-1.5627225766680672,1.9606682245115257,0.0,0.0,0.0,1.0,0.0,1.0,0.0,0.0,Barcelone
1.0296619686942534,0.8889745769731492,-1.0673435819720463,0.772953587792683,0.0,0.0,0.0,1.0,0.0,1.0,0.0,0.0,Barcelone
-0.31435125224562893,-1.3265072025416662,-0.6958093359500308,-0.5493314428884977,0.0,0.0,1.0,0.0,0.0,0.0,0.0,1.0,Sydney
-0.4487525743396172,-0.2195339779885256,-0.5719645872760255,-0.19435742143465654,0.0,0.0,1.0,0.0,0.0,0.0,0.0,1.0,Sydney
0.08885271403633577,-0.4713281649881304,-1.3150330793200569,0.3866483973641638,0.0,0.0,0.0,1.0,0.0,0.0,1.0,0.0,Rio de Janeiro
1.29846461288223,1.333452730243793,-1.1911883306460516,1.3219498814300434,1.0,0.0,0.0,0.0,0.0,0.0,1.0,0.0,New York
-0.5159532353866113,-0.67706243973171,-0.6958093359500308,-0.3033423007899703,0.0,0.0,0.0,0.0,1.0,0.0,1.0,0.0,Londres
0.42485601927130634,0.006159592065998211,-1.5627225766680672,1.8055923633918534,0.0,0.0,0.0,0.0,1.0,0.0,1.0,0.0,Londres
-1.0535585237625642,-0.8459487846704693,-0.819654084624036,-0.31506992132816436,0.0,0.0,0.0,0.0,1.0,0.0,0.0,1.0,Paris
1.0296619686942534,1.0056596880217465,0.04725915609400046,-0.10529339104938419,0.0,1.0,0.0,0.0,0.0,0.0,0.0,1.0,Paris
-1.1207591848095584,0.6609780113058241,0.7903276481380317,-0.3643241093700757,1.0,0.0,0.0,0.0,0.0,0.0,1.0,0.0,New York
1.2312639518352357,-0.8006565376187111,-0.3242750899280151,-0.46261567647123863,0.0,0.0,0.0,1.0,0.0,0.0,0.0,1.0,Barcelone
0.22325403613032402,-1.1177022669810184,0.6664828994640265,-0.6626060690715819,0.0,0.0,1.0,0.0,0.0,0.0,0.0,1.0,Sydney
1.5672672570702064,-0.9557249088806629,-0.5719645872760255,-0.4478536490480948,0.0,0.0,1.0,0.0,0.0,0.0,0.0,1.0,Bali
-1.1207591848095584,-1.628199627818632,1.2857066428340524,-0.7706053597387189,0.0,0.0,0.0,0.0,1.0,1.0,0.0,0.0,Rome
-1.3895618289975349,-1.438586322364661,-1.438877827994062,-0.22323599972572167,0.0,0.0,0.0,0.0,1.0,0.0,0.0,1.0,Barcelone
0.08885271403633577,-0.7008600610639897,-1.6865673253420723,1.7881458914114137,0.0,0.0,1.0,0.0,0.0,1.0,0.0,0.0,Rio de Janeiro
-0.2471505911986348,-1.3503048238739461,0.17110390476800566,-0.6732838288953099,0.0,0.0,1.0,0.0,0.0,0.0,0.0,1.0,Sydney
1.5000665960232122,0.4644557190134497,0.17110390476800566,-0.2689462153048567,0.0,0.0,0.0,0.0,1.0,1.0,0.0,0.0,Sydney
1.5672672570702064,0.7676834746989494,0.41879340211601607,-0.2683430721398801,0.0,0.0,1.0,0.0,0.0,0.0,1.0,0.0,Sydney
1.1640632907882416,-0.5741953023599202,-0.5719645872760255,-0.31647969167178747,0.0,0.0,0.0,0.0,1.0,0.0,1.0,0.0,Londres
0.22325403613032402,0.7546331662264089,-0.9434988332980412,0.508043836997353,1.0,0.0,0.0,0.0,0.0,0.0,0.0,1.0,Tokyo
0.29045469717731814,-1.4823432390078852,-0.819654084624036,-0.5828989159877995,0.0,1.0,0.0,0.0,0.0,0.0,1.0,0.0,Londres
0.1560533750833299,-1.2827502858984423,0.5426381507900213,-0.6851197678472414,0.0,0.0,0.0,0.0,1.0,1.0,0.0,0.0,Barcelone
-0.5159532353866113,0.27791307437654733,-0.5719645872760255,-0.023069042400758764,0.0,0.0,0.0,0.0,1.0,1.0,0.0,0.0,Rome
1.432865934976218,-0.8797260536582212,-1.1911883306460516,-0.07518693770106243,0.0,1.0,0.0,0.0,0.0,1.0,0.0,0.0,Rome
-1.523963151091523,1.2421005709360096,-1.6865673253420723,5.467804695265373,0.0,0.0,0.0,0.0,1.0,0.0,0.0,1.0,Tokyo
-0.9863578627155701,1.45551149772226,-0.6958093359500308,0.5044092792924284,1.0,0.0,0.0,0.0,0.0,0.0,0.0,1.0,New York
1.0296619686942534,0.5796054996535128,1.6572408888560681,-0.4891626403442124,0.0,0.0,0.0,0.0,1.0,0.0,1.0,0.0,Londres
-1.3895618289975349,0.327811312653908,0.5426381507900213,-0.3801048470866206,0.0,1.0,0.0,0.0,0.0,0.0,1.0,0.0,Londres
-0.11274926910464658,0.7415828577538683,1.6572408888560681,-0.46800681072679295,0.0,0.0,0.0,0.0,1.0,1.0,0.0,0.0,Sydney
-1.0535585237625642,1.3372910562651286,-0.819654084624036,0.6037547599890882,0.0,0.0,0.0,1.0,0.0,0.0,0.0,1.0,Sydney
0.08885271403633577,-1.682703857321595,1.6572408888560681,-0.7846424028206829,1.0,0.0,0.0,0.0,0.0,0.0,0.0,1.0,New York
1.0968626297412476,-0.34005741505845843,-0.07658559258000475,-0.3962909020302137,1.0,0.0,0.0,0.0,0.0,1.0,0.0,0.0,Rio de Janeiro
0.22325403613032402,-1.3103862332520575,1.4095513915080577,-0.7284979432103859,1.0,0.0,0.0,0.0,0.0,1.0,0.0,0.0,Rio de Janeiro
1.1640632907882416,1.3534120255547375,1.1618618941600474,-0.3161941845017858,0.0,0.0,1.0,0.0,0.0,0.0,1.0,0.0,Sydney
0.3576553582243122,-1.603634341282085,-1.438877827994062,-0.3795234040343373,0.0,1.0,0.0,0.0,0.0,0.0,1.0,0.0,Londres
-0.31435125224562893,-1.2973359247795169,1.038017145486042,-0.7128153542272759,0.0,0.0,0.0,0.0,1.0,1.0,0.0,0.0,Barcelone
-1.3223611679505407,0.06680514320309815,-1.6865673253420723,3.241981847102429,0.0,0.0,1.0,0.0,0.0,0.0,0.0,1.0,Sydney
0.8280599855532711,-1.6888451789557317,-1.0673435819720463,-0.6218986644287093,0.0,0.0,1.0,0.0,0.0,1.0,0.0,0.0,Bali
-0.919157201668576,1.2052526411311895,0.5426381507900213,-0.213931322573089,1.0,0.0,0.0,0.0,0.0,0.0,0.0,1.0,Tokyo
0.3576553582243122,1.3173317609541844,-1.1911883306460516,1.311773026347923,0.0,1.0,0.0,0.0,0.0,0.0,0.0,1.0,Tokyo
-0.7175552185275936,-1.5360798033065812,-1.1911883306460516,-0.48953032318739453,0.0,0.0,1.0,0.0,0.0,0.0,0.0,1.0,Rio de Janeiro
0.021652052989341655,-0.7031630566767909,-1.3150330793200569,0.2110249612296847,0.0,0.0,0.0,0.0,1.0,0.0,0.0,1.0,Londres
0.1560533750833299,-1.2658616514045664,-1.6865673253420723,0.7181226280228263,0.0,0.0,0.0,0.0,1.0,0.0,0.0,1.0,Rome
-0.17994993015164068,-0.9373009439782528,0.7903276481380317,-0.6394957307888133,0.0,0.0,0.0,1.0,0.0,0.0,1.0,0.0,Barcelone
-1.2551605069035465,0.5266366005590838,1.4095513915080577,-0.4707919393118439,0.0,0.0,0.0,0.0,1.0,1.0,0.0,0.0,Rome
0.021652052989341655,1.288160483192035,0.17110390476800566,-0.08542072487230323,0.0,0.0,0.0,1.0,0.0,1.0,0.0,0.0,Sydney
-0.31435125224562893,-0.5074084295886836,-0.819654084624036,-0.1725939422631474,1.0,0.0,0.0,0.0,0.0,0.0,1.0,0.0,New York
-1.3895618289975349,1.630539164295156,0.17110390476800566,-0.009137063425034904,0.0,0.0,1.0,0.0,0.0,0.0,1.0,0.0,Sydney
0.1560533750833299,-1.4907875562548232,0.2949486534420109,-0.7119672846076814,1.0,0.0,0.0,0.0,0.0,0.0,0.0,1.0,Tokyo
0.29045469717731814,0.16736928496208667,0.17110390476800566,-0.3351385403723294,0.0,0.0,1.0,0.0,0.0,1.0,0.0,0.0,Sydney
-1.6583644731855112,1.3273114086096565,1.2857066428340524,-0.34004605106449043,1.0,0.0,0.0,0.0,0.0,1.0,0.0,0.0,Rio de Janeiro
0.8952606466002652,1.034063300579629,0.5426381507900213,-0.2463518789742417,0.0,0.0,1.0,0.0,0.0,1.0,0.0,0.0,Sydney
-1.2551605069035465,1.5737319391793916,1.4095513915080577,-0.3239005940056961,0.0,0.0,0.0,0.0,1.0,1.0,0.0,0.0,Sydney
0.5592573413652946,0.5396869090316243,0.41879340211601607,-0.31379459550926003,0.0,0.0,0.0,0.0,1.0,1.0,0.0,0.0,Rome
0.7608593245062769,-1.3963647361299714,0.41879340211601607,-0.699749955568439,0.0,0.0,0.0,0.0,1.0,0.0,1.0,0.0,Londres
-1.1207591848095584,0.493626996775599,0.2949486534420109,-0.2943931050791084,0.0,0.0,0.0,1.0,0.0,0.0,0.0,1.0,Sydney
-1.1207591848095584,1.6765990765511813,0.9141723968120369,-0.21764176240031202,0.0,0.0,0.0,0.0,1.0,0.0,1.0,0.0,New York
-0.17994993015164068,-0.8850997100880907,-1.6865673253420723,1.4392252620455697,0.0,0.0,0.0,0.0,1.0,0.0,1.0,0.0,Londres
-1.0535585237625642,0.10365307300791837,-0.819654084624036,0.08457358457529601,0.0,0.0,1.0,0.0,0.0,0.0,0.0,1.0,Sydney
-1.7255651342325053,0.10058241219085001,-0.6958093359500308,-0.008795018348116527,0.0,1.0,0.0,0.0,0.0,0.0,0.0,1.0,Rome
-1.5911638121385172,0.12207703791032848,-1.6865673253420723,3.346658035912182,0.0,0.0,0.0,1.0,0.0,0.0,1.0,0.0,Sydney
0.29045469717731814,0.00999791808733365,-0.5719645872760255,-0.11532157987426235,0.0,0.0,0.0,0.0,1.0,1.0,0.0,0.0,Rome
-0.6503545574805996,-1.6212906409802281,0.5426381507900213,-0.7492339623445882,0.0,0.0,0.0,1.0,0.0,0.0,1.0,0.0,Bali
1.7016685791641946,-0.2832501899426939,-1.3150330793200569,0.5291243637646518,1.0,0.0,0.0,0.0,0.0,1.0,0.0,0.0,Rio de Janeiro
1.6344679181172004,0.8244906998147139,0.6664828994640265,-0.3123006755622432,0.0,0.0,1.0,0.0,0.0,0.0,1.0,0.0,Sydney
-0.8519565406215819,0.4383551020683687,0.9141723968120369,-0.42155815084293047,0.0,0.0,0.0,0.0,1.0,1.0,0.0,0.0,Rome
1.3656652739292239,-0.1895950350221092,0.6664828994640265,-0.4952071675882655,1.0,0.0,0.0,0.0,0.0,0.0,0.0,1.0,Tokyo
0.6264580024122887,-0.5857102804239265,0.6664828994640265,-0.5666528525885891,0.0,0.0,0.0,1.0,0.0,0.0,0.0,1.0,Barcelone
0.7608593245062769,-0.7814649075120339,0.17110390476800566,-0.5465434855490638,0.0,1.0,0.0,0.0,0.0,0.0,1.0,0.0,Londres
0.9624613076472592,-0.14890877919595352,1.2857066428340524,-0.5551020382282673,0.0,0.0,1.0,0.0,0.0,0.0,0.0,1.0,Sydney
0.3576553582243122,-0.09133388887592195,0.2949486534420109,-0.4174846040349199,0.0,1.0,0.0,0.0,0.0,0.0,0.0,1.0,Paris
1.0296619686942534,-0.29937115923230273,-0.6958093359500308,-0.1602847855269969,1.0,0.0,0.0,0.0,0.0,0.0,0.0,1.0,Tokyo
-0.7847558795745877,0.36542690766299535,-0.6958093359500308,0.09151970272043203,0.0,1.0,0.0,0.0,0.0,0.0,0.0,1.0,Rome
-0.4487525743396172,1.0233159877198896,-0.44811983860202037,0.14434244660335585,0.0,1.0,0.0,0.0,0.0,1.0,0.0,0.0,Le Caire
-1.2551605069035465,1.7380122928925483,1.1618618941600474,-0.2579244125936083,0.0,0.0,0.0,0.0,1.0,1.0,0.0,0.0,Sydney
1.7016685791641946,-0.15505010083009024,-1.3150330793200569,0.6262406347396783,0.0,0.0,1.0,0.0,0.0,0.0,1.0,0.0,Rio de Janeiro
-0.17994993015164068,1.6190241862311499,0.6664828994640265,-0.16899392367205923,1.0,0.0,0.0,0.0,0.0,0.0,1.0,0.0,New York
0.22325403613032402,1.0540225958905731,1.1618618941600474,-0.3615538871847983,0.0,0.0,1.0,0.0,0.0,0.0,1.0,0.0,Sydney
-1.1207591848095584,1.559146300298317,-1.3150330793200569,1.9248072999326982,0.0,0.0,0.0,0.0,1.0,0.0,1.0,0.0,New York
1.432865934976218,-1.446262974407332,1.6572408888560681,-0.753760907454971,0.0,0.0,1.0,0.0,0.0,0.0,0.0,1.0,Sydney
-0.38155191329262306,-1.5038378647273636,0.17110390476800566,-0.7074917488268203,0.0,0.0,0.0,1.0,0.0,1.0,0.0,0.0,Bali
1.29846461288223,0.6218270858882027,0.6664828994640265,-0.34885428184147854,0.0,0.0,0.0,0.0,1.0,0.0,0.0,1.0,Sydney
-0.38155191329262306,-1.2927299335539144,1.1618618941600474,-0.7171041720616423,0.0,0.0,0.0,1.0,0.0,0.0,0.0,1.0,Barcelone
-1.3223611679505407,1.4217342287345083,0.5426381507900213,-0.17293313017342501,0.0,1.0,0.0,0.0,0.0,0.0,1.0,0.0,Tokyo
1.5672672570702064,-1.612078658529023,-0.20043034125400994,-0.7089211528159,0.0,0.0,0.0,1.0,0.0,0.0,1.0,0.0,Bali
-1.0535585237625642,-0.4160562702809001,1.2857066428340524,-0.5940201263889509,0.0,0.0,0.0,1.0,0.0,0.0,1.0,0.0,Barcelone
-1.5911638121385172,-1.1706711660754474,0.2949486534420109,-0.6446061887224145,0.0,0.0,1.0,0.0,0.0,1.0,0.0,0.0,Bali
-0.9863578627155701,-1.4524042960414687,0.17110390476800566,-0.6960320956497643,0.0,0.0,1.0,0.0,0.0,0.0,1.0,0.0,Bali
0.22325403613032402,-1.0232794468561666,0.2949486534420109,-0.6135910078831549,1.0,0.0,0.0,0.0,0.0,0.0,1.0,0.0,New York
1.5672672570702064,0.528939596171885,1.6572408888560681,-0.495780103636865,1.0,0.0,0.0,0.0,0.0,1.0,0.0,0.0,Rio de Janeiro
1.7016685791641946,0.4368197716598345,1.2857066428340524,-0.4697730116001021,0.0,0.0,0.0,1.0,0.0,0.0,1.0,0.0,Sydney
-1.1879598458565523,-0.48207547784786964,0.5426381507900213,-0.5334846094328813,0.0,0.0,1.0,0.0,0.0,1.0,0.0,0.0,Bali
-1.4567624900445288,-0.4298742439577077,1.1618618941600474,-0.5863751827906012,0.0,0.0,1.0,0.0,0.0,1.0,0.0,0.0,Sydney
-1.6583644731855112,0.12438003352312973,0.04725915609400046,-0.31391894196467784,1.0,0.0,0.0,0.0,0.0,1.0,0.0,0.0,Rio de Janeiro
0.9624613076472592,0.44910241492810793,1.5333961401820628,-0.49437639972460357,0.0,0.0,1.0,0.0,0.0,1.0,0.0,0.0,Sydney
0.8952606466002652,1.3388263866736627,0.7903276481380317,-0.2476206791526188,0.0,0.0,0.0,0.0,1.0,0.0,0.0,1.0,Sydney
1.29846461288223,-0.9142709878502401,0.04725915609400046,-0.5597990555434167,0.0,0.0,0.0,0.0,1.0,0.0,0.0,1.0,Rome
1.29846461288223,0.8590356340067328,-1.1911883306460516,1.022459574727642,0.0,0.0,0.0,1.0,0.0,0.0,0.0,1.0,Sydney
-1.1879598458565523,-1.3349515197886042,-0.44811983860202037,-0.6000218728620889,0.0,0.0,1.0,0.0,0.0,1.0,0.0,0.0,Bali
-0.6503545574805996,-0.1373938011319472,0.7903276481380317,-0.5017777531143058,0.0,0.0,0.0,0.0,1.0,1.0,0.0,0.0,Sydney
-1.4567624900445288,-0.7960505463931086,1.1618618941600474,-0.6418535883798242,0.0,0.0,1.0,0.0,0.0,0.0,0.0,1.0,Sydney
1.0968626297412476,-0.2701998814701534,-1.3150330793200569,0.5390104512291756,0.0,0.0,0.0,1.0,0.0,1.0,0.0,0.0,Rio de Janeiro
-1.2551605069035465,1.4340168720027817,-1.3150330793200569,1.8300171671846182,0.0,0.0,0.0,0.0,1.0,0.0,1.0,0.0,New York
0.49205668031830047,0.7400475273453342,0.6664828994640265,-0.3275313448452579,1.0,0.0,0.0,0.0,0.0,1.0,0.0,0.0,New York
1.0296619686942534,0.16890461537062085,-0.5719645872760255,-0.06060445879398945,0.0,0.0,1.0,0.0,0.0,0.0,1.0,0.0,Sydney
-0.6503545574805996,-0.020708690083349864,0.5426381507900213,-0.44610902917685985,0.0,0.0,0.0,0.0,1.0,0.0,0.0,1.0,Londres
0.8952606466002652,-1.4193946922579839,-1.0673435819720463,-0.47609963508692593,0.0,0.0,1.0,0.0,0.0,0.0,1.0,0.0,Rio de Janeiro
-1.3223611679505407,1.3380587214693955,-0.44811983860202037,0.2436879449695122,0.0,0.0,0.0,1.0,0.0,0.0,0.0,1.0,Sydney
-1.523963151091523,0.9956800403662744,1.5333961401820628,-0.4204384225068453,0.0,1.0,0.0,0.0,0.0,0.0,0.0,1.0,Tokyo
1.5672672570702064,-0.3523400583267318,1.4095513915080577,-0.5940988237513887,0.0,0.0,0.0,1.0,0.0,0.0,1.0,0.0,Rio de Janeiro
-1.1207591848095584,-1.1368938970876956,0.5426381507900213,-0.6574968722588154,0.0,1.0,0.0,0.0,0.0,1.0,0.0,0.0,Barcelone
0.8280599855532711,-0.9511189176550603,0.04725915609400046,-0.5685220750938819,0.0,0.0,0.0,1.0,0.0,0.0,1.0,0.0,Bali
-1.3895618289975349,0.7438858533666697,0.9141723968120369,-0.37124276175417525,1.0,0.0,0.0,0.0,0.0,1.0,0.0,0.0,Rio de Janeiro
1.6344679181172004,-0.39993530099129126,0.17110390476800566,-0.4615368045192604,0.0,0.0,1.0,0.0,0.0,0.0,0.0,1.0,Sydney
0.5592573413652946,0.32474065183683964,-1.438877827994062,1.4464950128179537,1.0,0.0,0.0,0.0,0.0,0.0,1.0,0.0,New York
-0.11274926910464658,-1.691148174568533,-0.9434988332980412,-0.6499369359531134,1.0,0.0,0.0,0.0,0.0,0.0,1.0,0.0,New York
-1.2551605069035465,1.5468636570300436,0.41879340211601607,-0.11301210843644373,1.0,0.0,0.0,0.0,0.0,0.0,1.0,0.0,New York
0.3576553582243122,-0.2694322162658863,1.1618618941600474,-0.5620670344297047,0.0,0.0,1.0,0.0,0.0,1.0,0.0,0.0,Sydney
-0.11274926910464658,-1.314224559273393,1.1618618941600474,-0.7203607661004227,0.0,1.0,0.0,0.0,0.0,0.0,1.0,0.0,Londres
0.22325403613032402,-1.5905840328095444,-0.20043034125400994,-0.7031058065008458,0.0,1.0,0.0,0.0,0.0,1.0,0.0,0.0,Rome
-0.919157201668576,-1.1614591836242425,0.7903276481380317,-0.6780884846093086,0.0,1.0,0.0,0.0,0.0,0.0,0.0,1.0,Rome
1.5672672570702064,-0.8574637627344757,-0.6958093359500308,-0.37167261803956125,0.0,0.0,0.0,1.0,0.0,0.0,0.0,1.0,Barcelone
0.29045469717731814,-1.271235307834436,1.4095513915080577,-0.723005671501725,1.0,0.0,0.0,0.0,0.0,0.0,0.0,1.0,New York
-0.11274926910464658,1.3887246249510234,1.5333961401820628,-0.3672695400131765,0.0,0.0,1.0,0.0,0.0,0.0,0.0,1.0,Sydney
-1.2551605069035465,1.6934877110450572,-1.6865673253420723,6.32266023721169,0.0,1.0,0.0,0.0,0.0,0.0,0.0,1.0,Tokyo
-0.045548608057652464,1.245938896957345,-0.3242750899280151,0.1336809847114144,0.0,1.0,0.0,0.0,0.0,1.0,0.0,0.0,Rome
0.6264580024122887,1.6067415429628764,0.5426381507900213,-0.13789566787442137,1.0,0.0,0.0,0.0,0.0,1.0,0.0,0.0,New York
0.6936586634592828,1.5614492959111181,0.9141723968120369,-0.2366048487402951,0.0,0.0,1.0,0.0,0.0,1.0,0.0,0.0,Sydney
1.1640632907882416,-0.31856278933897997,-0.819654084624036,-0.09311754577789975,0.0,0.0,0.0,0.0,1.0,0.0,1.0,0.0,Londres
-1.1207591848095584,1.6842757285938523,1.1618618941600474,-0.26606589769055927,0.0,0.0,0.0,1.0,0.0,0.0,1.0,0.0,Sydney
0.29045469717731814,-1.3848497580659649,-0.5719645872760255,-0.595616309356658,0.0,1.0,0.0,0.0,0.0,1.0,0.0,0.0,Le Caire
-0.6503545574805996,-1.104651958508478,-1.3150330793200569,-0.09311761194360209,1.0,0.0,0.0,0.0,0.0,0.0,1.0,0.0,Rio de Janeiro
-1.6583644731855112,-0.5181557424484228,1.2857066428340524,-0.6088939934158788,0.0,0.0,0.0,0.0,1.0,0.0,1.0,0.0,Londres
-0.5159532353866113,0.4943946619798661,-0.44811983860202037,-0.022606451870501972,0.0,0.0,0.0,1.0,0.0,1.0,0.0,0.0,Sydney
-0.7847558795745877,-0.825989489359525,-0.44811983860202037,-0.4393729328212067,0.0,1.0,0.0,0.0,0.0,1.0,0.0,0.0,Le Caire
0.8952606466002652,-1.236690373642417,0.04725915609400046,-0.6361254766099875,0.0,0.0,0.0,1.0,0.0,0.0,0.0,1.0,Barcelone
1.432865934976218,0.5066773052481395,0.41879340211601607,-0.3203751190947258,0.0,0.0,1.0,0.0,0.0,0.0,1.0,0.0,Sydney
1.6344679181172004,-0.47209583019239754,0.2949486534420109,-0.49760715453634047,1.0,0.0,0.0,0.0,0.0,0.0,0.0,1.0,Tokyo
-0.2471505911986348,1.4409258588411855,-0.6958093359500308,0.498884700450972,0.0,0.0,0.0,0.0,1.0,0.0,1.0,0.0,New York
-1.3895618289975349,0.8812979249304783,0.2949486534420109,-0.21281671797584747,0.0,1.0,0.0,0.0,0.0,0.0,0.0,1.0,Tokyo
0.6936586634592828,1.419431233121707,-0.20043034125400994,0.11125036854655068,0.0,0.0,0.0,1.0,0.0,0.0,1.0,0.0,Bali
-0.9863578627155701,-1.1553178619901057,-0.5719645872760255,-0.5165804677962638,1.0,0.0,0.0,0.0,0.0,1.0,0.0,0.0,Rio de Janeiro
1.3656652739292239,-0.00765838161080937,1.5333961401820628,-0.5561644565287694,0.0,1.0,0.0,0.0,0.0,0.0,1.0,0.0,Rome
-1.1207591848095584,0.1596926329194158,0.2949486534420109,-0.3646618741680559,0.0,1.0,0.0,0.0,0.0,0.0,1.0,0.0,Londres
-0.2471505911986348,-1.1223082582066208,0.17110390476800566,-0.622485067797017,0.0,0.0,0.0,1.0,0.0,1.0,0.0,0.0,Bali
-0.7847558795745877,-1.3103862332520575,-1.5627225766680672,0.14337297701536678,0.0,0.0,0.0,0.0,1.0,1.0,0.0,0.0,Barcelone
-1.523963151091523,-1.3602844715294182,1.2857066428340524,-0.7315754379913667,1.0,0.0,0.0,0.0,0.0,0.0,1.0,0.0,New York
-0.17994993015164068,0.6916846194765076,0.6664828994640265,-0.33625436452553004,1.0,0.0,0.0,0.0,0.0,0.0,0.0,1.0,New York
-1.1207591848095584,1.1039208341679339,-1.0673435819720463,0.8892605057861283,0.0,0.0,1.0,0.0,0.0,1.0,0.0,0.0,Bali
1.0968626297412476,-1.6527649143551786,0.9141723968120369,-0.7659277987770238,0.0,0.0,0.0,0.0,1.0,0.0,0.0,1.0,Londres
0.42485601927130634,0.1957728975199689,-0.9434988332980412,0.24344559383729678,0.0,0.0,0.0,1.0,0.0,0.0,1.0,0.0,Barcelone
1.3656652739292239,-0.6824360961615796,1.5333961401820628,-0.6474446278411422,1.0,0.0,0.0,0.0,0.0,1.0,0.0,0.0,Rio de Janeiro
-0.4487525743396172,-0.46365151294545953,0.7903276481380317,-0.5579487132982459,0.0,0.0,0.0,0.0,1.0,1.0,0.0,0.0,Sydney
1.0968626297412476,0.07832012126710447,0.17110390476800566,-0.35497913393260544,0.0,1.0,0.0,0.0,0.0,0.0,0.0,1.0,Paris
1.3656652739292239,0.956529114948653,1.2857066428340524,-0.3940616734254391,0.0,0.0,1.0,0.0,0.0,0.0,1.0,0.0,Sydney
-0.6503545574805996,1.6428218075634295,-1.438877827994062,2.6946134928081547,1.0,0.0,0.0,0.0,0.0,0.0,0.0,1.0,New York
0.6936586634592828,-1.497696543093227,1.4095513915080577,-0.7547746941302539,0.0,1.0,0.0,0.0,0.0,0.0,1.0,0.0,Londres
-0.7175552185275936,-0.6847390917743809,1.2857066428340524,-0.6331618817229717,0.0,0.0,0.0,0.0,1.0,1.0,0.0,0.0,Barcelone
0.22325403613032402,0.49746532279693445,1.4095513915080577,-0.47488422019280685,0.0,0.0,0.0,0.0,1.0,0.0,1.0,0.0,New York
1.0296619686942534,-0.6809007657530454,0.9141723968120369,-0.6058793500675663,0.0,0.0,0.0,0.0,1.0,0.0,0.0,1.0,Rome
1.29846461288223,-1.0908339848316704,0.9141723968120369,-0.6733879374379061,1.0,0.0,0.0,0.0,0.0,0.0,1.0,0.0,New York
-1.3895618289975349,0.7707541355160177,-0.819654084624036,0.36532557053334547,1.0,0.0,0.0,0.0,0.0,0.0,0.0,1.0,New York
-1.3223611679505407,-1.5399181293279167,-0.6958093359500308,-0.6301647543582266,0.0,0.0,0.0,0.0,1.0,0.0,0.0,1.0,Tokyo
-0.2471505911986348,-1.5537361030047243,1.1618618941600474,-0.7566485282468326,0.0,0.0,0.0,0.0,1.0,0.0,0.0,1.0,Sydney
-0.2471505911986348,0.7569361618392101,-1.1911883306460516,0.9580061592075458,0.0,0.0,0.0,1.0,0.0,1.0,0.0,0.0,Sydney
1.7016685791641946,0.6985936063149114,1.2857066428340524,-0.43163775854609904,1.0,0.0,0.0,0.0,0.0,0.0,0.0,1.0,New York
0.08885271403633577,0.21189386680957775,-0.07658559258000475,-0.256916434682396,0.0,0.0,1.0,0.0,0.0,0.0,0.0,1.0,Sydney
0.9624613076472592,0.3738712249099333,0.04725915609400046,-0.25485683042506946,0.0,0.0,1.0,0.0,0.0,1.0,0.0,0.0,Sydney
-1.7255651342325053,1.3687653296400792,-0.9434988332980412,0.7988111371732391,1.0,0.0,0.0,0.0,0.0,0.0,1.0,0.0,New York
0.6264580024122887,-0.4352479003875773,-1.438877827994062,0.7268460348387467,0.0,0.0,0.0,1.0,0.0,0.0,1.0,0.0,Londres
-0.919157201668576,-0.493590455911876,-1.6865673253420723,2.1806815994479876,0.0,0.0,0.0,0.0,1.0,0.0,0.0,1.0,Rome
-0.11274926910464658,-0.590316271649529,0.6664828994640265,-0.5674836163676628,0.0,0.0,1.0,0.0,0.0,0.0,0.0,1.0,Sydney
0.7608593245062769,-1.6750272052789241,1.038017145486042,-0.7724226557306072,0.0,0.0,0.0,0.0,1.0,1.0,0.0,0.0,Rome
-0.2471505911986348,-0.1458381183788852,0.9141723968120369,-0.5177642088744447,0.0,0.0,1.0,0.0,0.0,0.0,0.0,1.0,Sydney
-1.1879598458565523,-1.166065174849845,1.4095513915080577,-0.7082519220098318,0.0,0.0,0.0,0.0,1.0,0.0,1.0,0.0,New York
-1.5911638121385172,-1.5046055299316308,-0.5719645872760255,-0.6368524006055593,0.0,0.0,0.0,0.0,1.0,0.0,1.0,0.0,New York
-1.4567624900445288,-1.0977429716700742,1.6572408888560681,-0.708240781169149,0.0,1.0,0.0,0.0,0.0,1.0,0.0,0.0,Barcelone
-1.3223611679505407,-0.12127283184233838,-0.9434988332980412,0.0933369751214955,1.0,0.0,0.0,0.0,0.0,1.0,0.0,0.0,Rio de Janeiro
-1.7255651342325053,0.6364127247692773,-0.20043034125400994,-0.10059439007327704,0.0,0.0,0.0,1.0,0.0,1.0,0.0,0.0,Sydney
-0.2471505911986348,0.03149254380681211,-1.5627225766680672,1.837576759747786,0.0,1.0,0.0,0.0,0.0,1.0,0.0,0.0,Barcelone
-0.045548608057652464,0.6463923724247495,-0.07658559258000475,-0.14720023368258414,0.0,0.0,0.0,0.0,1.0,1.0,0.0,0.0,Sydney
-0.9863578627155701,-0.8444134542619351,0.5426381507900213,-0.6021056974209713,0.0,0.0,1.0,0.0,0.0,1.0,0.0,0.0,Bali
1.29846461288223,1.4401581936369183,1.1618618941600474,-0.3030515014167079,0.0,0.0,1.0,0.0,0.0,0.0,0.0,1.0,Sydney
-0.919157201668576,-1.6742595400746572,1.2857066428340524,-0.7773153749388366,1.0,0.0,0.0,0.0,0.0,0.0,0.0,1.0,Tokyo
0.29045469717731814,1.009498014043082,0.17110390476800566,-0.1475080995479947,0.0,0.0,1.0,0.0,0.0,1.0,0.0,0.0,Sydney
1.432865934976218,-1.681936192117328,-1.3150330793200569,-0.5304315986095899,0.0,0.0,0.0,1.0,0.0,1.0,0.0,0.0,Bali
-0.5159532353866113,-1.0079261427708248,0.5426381507900213,-0.633072417212207,1.0,0.0,0.0,0.0,0.0,1.0,0.0,0.0,Rio de Janeiro
-0.6503545574805996,0.4636880538091826,0.2949486534420109,-0.300693063687083,0.0,0.0,0.0,1.0,0.0,0.0,0.0,1.0,Sydney
-0.045548608057652464,0.5442929002572268,-1.6865673253420723,4.1462678115422404,0.0,0.0,1.0,0.0,0.0,1.0,0.0,0.0,Sydney
1.6344679181172004,-0.589548606445262,0.2949486534420109,-0.5223223767676254,0.0,1.0,0.0,0.0,0.0,0.0,1.0,0.0,Le Caire
0.1560533750833299,0.8068344001165708,-0.5719645872760255,0.1590570272818888,1.0,0.0,0.0,0.0,0.0,0.0,0.0,1.0,Tokyo
-0.17994993015164068,1.514621718450826,0.2949486534420109,-0.07954836280715398,0.0,0.0,1.0,0.0,0.0,0.0,0.0,1.0,Sydney
-0.38155191329262306,0.9695794234211935,-0.5719645872760255,0.21509581795347263,0.0,1.0,0.0,0.0,0.0,1.0,0.0,0.0,Le Caire
-0.2471505911986348,-0.7837679031248352,0.9141723968120369,-0.6228197071979512,0.0,0.0,0.0,1.0,0.0,1.0,0.0,0.0,Barcelone
-0.2471505911986348,0.9642057669913239,-0.3242750899280151,0.05159513525378743,0.0,0.0,0.0,0.0,1.0,0.0,0.0,1.0,Paris
0.22325403613032402,-0.46365151294545953,-0.07658559258000475,-0.42749992740295173,0.0,0.0,1.0,0.0,0.0,1.0,0.0,0.0,Sydney
-0.919157201668576,-1.559109759434594,-0.9434988332980412,-0.5874219664152979,1.0,0.0,0.0,0.0,0.0,1.0,0.0,0.0,Rio de Janeiro
-0.8519565406215819,1.3833509685211538,0.17110390476800566,-0.06421181451476672,0.0,0.0,1.0,0.0,0.0,0.0,0.0,1.0,Sydney
1.5000665960232122,-0.7845355683291023,-1.3150330793200569,0.1493822982155959,0.0,1.0,0.0,0.0,0.0,1.0,0.0,0.0,Le Caire
0.29045469717731814,-1.2251753955784106,-1.5627225766680672,0.25095685566713943,1.0,0.0,0.0,0.0,0.0,0.0,1.0,0.0,New York
-0.919157201668576,-1.139196892700497,0.9141723968120369,-0.6813524337006991,0.0,0.0,0.0,0.0,1.0,0.0,0.0,1.0,Barcelone
-1.3895618289975349,-0.8106361852741832,-1.5627225766680672,0.774337886946033,0.0,0.0,0.0,1.0,0.0,0.0,0.0,1.0,Barcelone
0.8952606466002652,0.555040213116966,1.038017145486042,-0.420473040146914,0.0,1.0,0.0,0.0,0.0,0.0,0.0,1.0,Rome
0.9624613076472592,-0.5995282541007341,-0.9434988332980412,-0.13309805989047582,1.0,0.0,0.0,0.0,0.0,1.0,0.0,0.0,Rio de Janeiro
1.2312639518352357,0.3992041766507472,-1.438877827994062,1.5170060742967246,0.0,0.0,0.0,1.0,0.0,1.0,0.0,0.0,Sydney
0.42485601927130634,-1.37563777561476,1.2857066428340524,-0.7338121097247393,0.0,0.0,0.0,1.0,0.0,0.0,1.0,0.0,Barcelone
0.3576553582243122,1.3303820694267248,-1.0673435819720463,1.0117981515292227,0.0,0.0,0.0,1.0,0.0,0.0,0.0,1.0,Sydney
-0.045548608057652464,0.8774595989091429,0.7903276481380317,-0.32705302520096713,0.0,0.0,0.0,1.0,0.0,0.0,1.0,0.0,Sydney
-1.4567624900445288,0.12130937270606139,1.2857066428340524,-0.5157366157209093,1.0,0.0,0.0,0.0,0.0,0.0,1.0,0.0,New York
0.6936586634592828,0.02151289615133997,-1.438877827994062,1.1593623397858461,0.0,0.0,1.0,0.0,0.0,1.0,0.0,0.0,Rio de Janeiro
0.021652052989341655,-0.2264429648269294,-0.44811983860202037,-0.25013187373835766,1.0,0.0,0.0,0.0,0.0,0.0,0.0,1.0,Tokyo
-0.7175552185275936,0.4253047935958282,1.038017145486042,-0.44094790590720456,0.0,0.0,1.0,0.0,0.0,0.0,1.0,0.0,Sydney
-1.1879598458565523,0.826026030223248,0.9141723968120369,-0.3577157601649873,0.0,0.0,1.0,0.0,0.0,0.0,1.0,0.0,Sydney
-0.5831538964336054,1.6666194288957092,0.7903276481380317,-0.1911853850384013,0.0,0.0,0.0,1.0,0.0,1.0,0.0,0.0,Sydney
1.6344679181172004,1.3956336117894272,0.2949486534420109,-0.10458665983884792,1.0,0.0,0.0,0.0,0.0,0.0,0.0,1.0,Tokyo
1.29846461288223,0.799925413278167,1.1618618941600474,-0.40005148100038074,0.0,0.0,0.0,1.0,0.0,0.0,1.0,0.0,Sydney
-1.4567624900445288,0.30631668693442954,0.17110390476800566,-0.3041803728343125,0.0,1.0,0.0,0.0,0.0,0.0,0.0,1.0,Tokyo
0.7608593245062769,-1.3833144276574307,0.17110390476800566,-0.6806385316805846,0.0,0.0,0.0,0.0,1.0,0.0,1.0,0.0,Londres
-0.2471505911986348,-0.5918516020580632,0.7903276481380317,-0.5800205964764059,0.0,0.0,0.0,1.0,0.0,1.0,0.0,0.0,Rio de Janeiro
0.7608593245062769,0.3301143082667093,-0.44811983860202037,-0.07445995589576417,0.0,0.0,0.0,1.0,0.0,1.0,0.0,0.0,Sydney
0.42485601927130634,1.332685065039526,0.2949486534420109,-0.11783272665561502,0.0,0.0,0.0,0.0,1.0,0.0,1.0,0.0,New York
-0.5831538964336054,-0.7438493125029466,0.17110390476800566,-0.5381625451658438,0.0,0.0,0.0,0.0,1.0,0.0,1.0,0.0,Londres
-1.1207591848095584,-0.9442099308166565,0.9141723968120369,-0.6492416074983276,0.0,0.0,0.0,0.0,1.0,0.0,0.0,1.0,Barcelone
-0.5159532353866113,0.6525336940588862,-1.5627225766680672,2.6216790825341283,0.0,1.0,0.0,0.0,0.0,1.0,0.0,0.0,Barcelone
1.7016685791641946,1.3081197785029792,1.6572408888560681,-0.3940115393634963,0.0,0.0,0.0,1.0,0.0,0.0,1.0,0.0,Sydney
-0.6503545574805996,-0.982593191030011,1.4095513915080577,-0.6825136291006167,0.0,0.0,0.0,0.0,1.0,0.0,0.0,1.0,Barcelone
0.6936586634592828,0.24567113579732963,-0.07658559258000475,-0.24838726004636824,0.0,0.0,0.0,0.0,1.0,1.0,0.0,0.0,Rome
1.0296619686942534,0.31245800856856626,1.5333961401820628,-0.5128608940290431,0.0,0.0,0.0,0.0,1.0,1.0,0.0,0.0,Rome
-1.3895618289975349,0.7699864703117506,-1.3150330793200569,1.326989775607385,0.0,0.0,0.0,1.0,0.0,0.0,1.0,0.0,Sydney
-1.1879598458565523,-0.5741953023599202,1.2857066428340524,-0.6170578452426889,0.0,0.0,0.0,0.0,1.0,0.0,1.0,0.0,Londres
0.42485601927130634,-0.3208657849517812,1.6572408888560681,-0.60677301068181,0.0,1.0,0.0,0.0,0.0,1.0,0.0,0.0,Rome
-1.7255651342325053,1.5645199567281864,-0.9434988332980412,0.891493214104303,1.0,0.0,0.0,0.0,0.0,0.0,1.0,0.0,New York
0.08885271403633577,-0.6187198842074113,0.2949486534420109,-0.5284607979753956,1.0,0.0,0.0,0.0,0.0,0.0,1.0,0.0,New York
-1.6583644731855112,0.11363272066339052,0.9141723968120369,-0.4750340543216829,0.0,0.0,0.0,1.0,0.0,0.0,0.0,1.0,Sydney
-0.31435125224562893,0.9795590710766656,1.6572408888560681,-0.43692478617039465,0.0,0.0,0.0,0.0,1.0,0.0,0.0,1.0,Sydney
1.6344679181172004,0.7623098182690797,0.17110390476800566,-0.20258285063772644,0.0,0.0,0.0,0.0,1.0,1.0,0.0,0.0,Sydney
-0.17994993015164068,-1.447030639611599,1.1618618941600474,-0.7404818649828873,0.0,1.0,0.0,0.0,0.0,0.0,0.0,1.0,Barcelone
0.49205668031830047,0.1328243507700677,0.9141723968120369,-0.47187353993168557,0.0,0.0,1.0,0.0,0.0,0.0,1.0,0.0,Londres
-0.9863578627155701,0.7446535185709368,0.7903276481380317,-0.34991791016995927,0.0,0.0,0.0,0.0,1.0,1.0,0.0,0.0,Sydney
-1.523963151091523,-0.9058266706033021,-1.0673435819720463,-0.1982091774525866,1.0,0.0,0.0,0.0,0.0,0.0,0.0,1.0,Tokyo
-1.1879598458565523,-1.3541431498952814,1.038017145486042,-0.7217806800631428,0.0,0.0,0.0,1.0,0.0,0.0,0.0,1.0,Barcelone
0.49205668031830047,-0.5872456108324607,0.2949486534420109,-0.521837764567012,0.0,1.0,0.0,0.0,0.0,1.0,0.0,0.0,Le Caire
1.0968626297412476,0.31476100418136754,0.9141723968120369,-0.4419118635145123,1.0,0.0,0.0,0.0,0.0,1.0,0.0,0.0,Rio de Janeiro
0.6936586634592828,0.257953779065603,0.5426381507900213,-0.39333476023686686,0.0,0.0,0.0,1.0,0.0,0.0,0.0,1.0,Sydney
1.1640632907882416,-0.957260239289197,-1.438877827994062,0.23254168632777614,0.0,0.0,0.0,0.0,1.0,0.0,0.0,1.0,Rome
-1.1879598458565523,-0.6049019105306037,0.7903276481380317,-0.5822674348837635,1.0,0.0,0.0,0.0,0.0,0.0,1.0,0.0,New York
0.6264580024122887,1.1254154598874122,-1.5627225766680672,3.2187211478448665,0.0,0.0,0.0,1.0,0.0,0.0,0.0,1.0,Sydney
-1.1879598458565523,0.624897746705271,0.41879340211601607,-0.2968076625328251,1.0,0.0,0.0,0.0,0.0,1.0,0.0,0.0,Tokyo
0.1560533750833299,-0.7192840259663998,-0.5719645872760255,-0.36643880222334096,0.0,1.0,0.0,0.0,0.0,0.0,0.0,1.0,Rome
1.6344679181172004,-0.4298742439577077,-0.5719645872760255,-0.2667849150384961,0.0,0.0,0.0,1.0,0.0,0.0,0.0,1.0,Sydney
-0.31435125224562893,0.6755636501868988,0.6664828994640265,-0.33916203775228737,0.0,0.0,0.0,0.0,1.0,0.0,0.0,1.0,Sydney
-0.6503545574805996,-1.4930905518676243,0.41879340211601607,-0.719032420028176,0.0,1.0,0.0,0.0,0.0,0.0,0.0,1.0,Tokyo
-0.9863578627155701,0.432213780434232,1.1618618941600474,-0.4557625004495166,1.0,0.0,0.0,0.0,0.0,1.0,0.0,0.0,Rio de Janeiro
-0.31435125224562893,-1.0869956588103349,1.4095513915080577,-0.6971596869903793,0.0,0.0,0.0,0.0,1.0,0.0,0.0,1.0,Barcelone
0.6936586634592828,-0.41912693109796845,0.6664828994640265,-0.5366068959120964,0.0,0.0,0.0,1.0,0.0,0.0,0.0,1.0,Sydney
-0.7847558795745877,-0.9910375082769489,-1.438877827994062,0.20055728730647812,1.0,0.0,0.0,0.0,0.0,0.0,0.0,1.0,New York
-0.9863578627155701,1.7318709712584117,0.9141723968120369,-0.20853948095712016,1.0,0.0,0.0,0.0,0.0,0.0,1.0,0.0,New York
1.0968626297412476,0.8667122860494036,0.9141723968120369,-0.35101546965819325,0.0,1.0,0.0,0.0,0.0,1.0,0.0,0.0,Le Caire
-1.3895618289975349,1.5806409260177954,-0.07658559258000475,0.08870898295482083,0.0,0.0,0.0,0.0,1.0,1.0,0.0,0.0,Sydney
1.5672672570702064,-0.5565390026617771,-0.3242750899280151,-0.3914895180856109,1.0,0.0,0.0,0.0,0.0,1.0,0.0,0.0,Rio de Janeiro
0.6264580024122887,-1.1806508137309195,0.2949486534420109,-0.6467061749250727,0.0,0.0,0.0,1.0,0.0,0.0,0.0,1.0,Barcelone
0.021652052989341655,-0.1327878099063447,0.04725915609400046,-0.37479834924396643,0.0,1.0,0.0,0.0,0.0,1.0,0.0,0.0,Barcelone
0.021652052989341655,0.25641844865706886,0.6664828994640265,-0.4147615416479787,0.0,0.0,0.0,0.0,1.0,0.0,0.0,1.0,Sydney
1.2312639518352357,-1.5322414772852457,-1.5627225766680672,-0.13673279713204115,1.0,0.0,0.0,0.0,0.0,0.0,1.0,0.0,New York
0.22325403613032402,0.6840079674338367,0.5426381507900213,-0.31264682838646435,0.0,0.0,1.0,0.0,0.0,0.0,0.0,1.0,Sydney
-0.2471505911986348,-0.6356085187012872,-1.3150330793200569,0.26220000222251305,0.0,0.0,0.0,1.0,0.0,0.0,1.0,0.0,Barcelone
0.7608593245062769,1.63744815113356,1.2857066428340524,-0.29486528205036366,0.0,0.0,1.0,0.0,0.0,0.0,0.0,1.0,Sydney
1.29846461288223,1.65587211603597,0.41879340211601607,-0.09128107706118457,1.0,0.0,0.0,0.0,0.0,0.0,1.0,0.0,New York
0.29045469717731814,1.3004431264603082,-0.5719645872760255,0.3290237367244757,1.0,0.0,0.0,0.0,0.0,0.0,0.0,1.0,Tokyo
0.9624613076472592,1.6090445385756778,1.5333961401820628,-0.3374658890841083,1.0,0.0,0.0,0.0,0.0,0.0,0.0,1.0,New York
-0.8519565406215819,1.602135551737274,-1.1911883306460516,1.4915641327987175,0.0,0.0,0.0,1.0,0.0,0.0,1.0,0.0,Barcelone
1.432865934976218,0.022280561355607055,-0.6958093359500308,-0.038453283707513414,1.0,0.0,0.0,0.0,0.0,0.0,0.0,1.0,New York
0.1560533750833299,0.6786343110039672,-0.819654084624036,0.32655659663810266,0.0,1.0,0.0,0.0,0.0,1.0,0.0,0.0,Londres
1.1640632907882416,-1.0033201515452224,0.17110390476800566,-0.5959739298500965,1.0,0.0,0.0,0.0,0.0,1.0,0.0,0.0,Rio de Janeiro
0.49205668031830047,-0.938836274386787,-1.0673435819720463,-0.21607059700158002,1.0,0.0,0.0,0.0,0.0,0.0,1.0,0.0,New York
-0.919157201668576,1.1016178385551325,1.4095513915080577,-0.3901309293160193,0.0,1.0,0.0,0.0,0.0,0.0,0.0,1.0,Tokyo
1.3656652739292239,-1.647391257925309,-1.3150330793200569,-0.5042625435564391,1.0,0.0,0.0,0.0,0.0,1.0,0.0,0.0,Rio de Janeiro
0.42485601927130634,-0.12741415347647508,0.04725915609400046,-0.3735262422261903,0.0,0.0,0.0,1.0,0.0,1.0,0.0,0.0,Sydney
0.49205668031830047,0.8099050609336392,0.2949486534420109,-0.22783969619486386,0.0,0.0,0.0,0.0,1.0,0.0,0.0,1.0,Paris
0.9624613076472592,0.7131792451959861,1.1618618941600474,-0.4131941640854587,0.0,0.0,0.0,0.0,1.0,1.0,0.0,0.0,Sydney
1.5000665960232122,0.9726500842382618,-0.819654084624036,0.45029423832041904,1.0,0.0,0.0,0.0,0.0,1.0,0.0,0.0,Rio de Janeiro
-0.31435125224562893,0.616453429458333,-1.5627225766680672,2.5761255483302246,0.0,0.0,0.0,0.0,1.0,1.0,0.0,0.0,Sydney
-0.7175552185275936,-1.6742595400746572,-1.6865673253420723,-0.055318100404793805,0.0,1.0,0.0,0.0,0.0,0.0,1.0,0.0,Londres
-1.5911638121385172,1.6988613674749269,0.5426381507900213,-0.1204496285554154,0.0,0.0,0.0,1.0,0.0,0.0,1.0,0.0,Sydney
1.2312639518352357,0.12591536393166392,1.1618618941600474,-0.502168965502137,0.0,0.0,1.0,0.0,0.0,0.0,0.0,1.0,Sydney
0.22325403613032402,-1.700360157019738,-1.1911883306460516,-0.5932373225956695,1.0,0.0,0.0,0.0,0.0,1.0,0.0,0.0,Rio de Janeiro
-0.5831538964336054,-0.12741415347647508,1.4095513915080577,-0.5625451843271209,0.0,0.0,0.0,1.0,0.0,0.0,0.0,1.0,Barcelone
-1.3895618289975349,-1.0025524863409552,1.4095513915080577,-0.6853136107560126,0.0,0.0,0.0,0.0,1.0,1.0,0.0,0.0,Barcelone
-0.7847558795745877,0.8951158986072859,1.2857066428340524,-0.4030083603589296,0.0,1.0,0.0,0.0,0.0,0.0,0.0,1.0,Londres
1.5672672570702064,-0.5956899280793987,0.5426381507900213,-0.5550013912596553,0.0,0.0,0.0,0.0,1.0,1.0,0.0,0.0,Barcelone
-0.9863578627155701,-0.30090648964083694,1.038017145486042,-0.5555586929440974,1.0,0.0,0.0,0.0,0.0,0.0,0.0,1.0,Tokyo
-0.045548608057652464,1.602903216941541,0.6664828994640265,-0.1719015968988166,0.0,0.0,1.0,0.0,0.0,1.0,0.0,0.0,Sydney
-0.2471505911986348,1.0148716704729517,0.04725915609400046,-0.10311263616176794,0.0,0.0,1.0,0.0,0.0,0.0,1.0,0.0,Sydney
-0.2471505911986348,-0.5373473725551,1.6572408888560681,-0.6350476265685981,0.0,1.0,0.0,0.0,0.0,0.0,0.0,1.0,Paris
-0.6503545574805996,-1.6274319626143647,-1.6865673253420723,0.03336589289235813,1.0,0.0,0.0,0.0,0.0,0.0,0.0,1.0,New York
0.29045469717731814,-0.16733274409836366,-1.1911883306460516,0.3745331344993075,0.0,0.0,1.0,0.0,0.0,1.0,0.0,0.0,Sydney
-0.8519565406215819,0.616453429458333,1.038017145486042,-0.41078079600003087,1.0,0.0,0.0,0.0,0.0,0.0,1.0,0.0,New York
0.8952606466002652,0.9588321105614542,-1.1911883306460516,1.085459153807435,0.0,0.0,1.0,0.0,0.0,0.0,0.0,1.0,Sydney
-0.4487525743396172,-0.6110432321647404,1.1618618941600474,-0.6138236182603215,1.0,0.0,0.0,0.0,0.0,0.0,0.0,1.0,New York
1.5672672570702064,1.1906670022501147,0.6664828994640265,-0.24625495512589754,0.0,0.0,0.0,1.0,0.0,1.0,0.0,0.0,Sydney
-0.11274926910464658,-0.43294490477477604,1.2857066428340524,-0.5964804652956608,1.0,0.0,0.0,0.0,0.0,1.0,0.0,0.0,Rio de Janeiro
-1.4567624900445288,-1.0823896675847324,0.2949486534420109,-0.6260293876988997,0.0,0.0,0.0,1.0,0.0,0.0,1.0,0.0,Bali
-0.11274926910464658,1.1438394247898225,-0.07658559258000475,-0.021588752679265737,0.0,0.0,0.0,0.0,1.0,0.0,0.0,1.0,Tokyo
-0.38155191329262306,1.437855198024117,0.04725915609400046,-0.0029796409053857724,1.0,0.0,0.0,0.0,0.0,0.0,1.0,0.0,New York
-0.4487525743396172,-0.40070296619555834,-0.3242750899280151,-0.34608508364447116,1.0,0.0,0.0,0.0,0.0,0.0,1.0,0.0,New York
0.5592573413652946,-1.2996389203923182,1.1618618941600474,-0.7181509344312503,0.0,1.0,0.0,0.0,0.0,1.0,0.0,0.0,Rome
0.08885271403633577,1.6512661248103675,0.17110390476800566,-0.00451899423428114,0.0,0.0,1.0,0.0,0.0,0.0,0.0,1.0,Sydney
-0.38155191329262306,1.1676370461221022,-0.20043034125400994,0.04312774028448845,0.0,1.0,0.0,0.0,0.0,0.0,0.0,1.0,Tokyo
-0.7175552185275936,0.40150717226354843,-1.3150330793200569,1.0478531883737756,0.0,1.0,0.0,0.0,0.0,0.0,0.0,1.0,Londres
-1.3223611679505407,0.3086196825472308,1.5333961401820628,-0.5133801213971454,0.0,1.0,0.0,0.0,0.0,0.0,1.0,0.0,Londres
1.5000665960232122,-1.4247683486878535,-0.44811983860202037,-0.6283716858104798,0.0,0.0,0.0,1.0,0.0,0.0,1.0,0.0,Rio de Janeiro
-1.4567624900445288,0.8636416252323353,0.41879340211601607,-0.2492136431123633,0.0,0.0,0.0,1.0,0.0,0.0,1.0,0.0,Sydney
0.1560533750833299,0.7300678796898621,-0.44811983860202037,0.051781518857327256,0.0,0.0,1.0,0.0,0.0,0.0,0.0,1.0,Sydney
0.42485601927130634,-1.051683059414049,0.6664828994640265,-0.6506984549048613,1.0,0.0,0.0,0.0,0.0,0.0,0.0,1.0,Tokyo
1.1640632907882416,-1.3103862332520575,0.7903276481380317,-0.703728875846213,0.0,0.0,0.0,1.0,0.0,0.0,0.0,1.0,Barcelone
-0.38155191329262306,0.886671581360348,-0.07658559258000475,-0.08652678683993187,1.0,0.0,0.0,0.0,0.0,1.0,0.0,0.0,Rio de Janeiro
1.432865934976218,-1.3986677317427725,-0.5719645872760255,-0.6003743198853774,0.0,0.0,1.0,0.0,0.0,1.0,0.0,0.0,Bali
0.6936586634592828,-0.3131891329091103,-1.3150330793200569,0.5064445160519211,0.0,0.0,1.0,0.0,0.0,0.0,1.0,0.0,Londres
-0.17994993015164068,-0.013032038040678985,-1.0673435819720463,0.28487991407018864,0.0,1.0,0.0,0.0,0.0,0.0,1.0,0.0,Londres
-0.2471505911986348,-0.9564925740849299,0.6664828994640265,-0.6335293368040084,0.0,0.0,1.0,0.0,0.0,0.0,0.0,1.0,Sydney
1.5672672570702064,0.7937840916440303,1.4095513915080577,-0.4333152617703926,1.0,0.0,0.0,0.0,0.0,1.0,0.0,0.0,Rio de Janeiro
-1.1207591848095584,-0.7476876385242821,-0.6958093359500308,-0.3300928930749165,1.0,0.0,0.0,0.0,0.0,0.0,1.0,0.0,New York
-0.11274926910464658,0.6962906107021102,-0.20043034125400994,-0.08439449676705489,0.0,0.0,0.0,1.0,0.0,0.0,1.0,0.0,Sydney
-1.3895618289975349,-1.4339803311390587,1.4095513915080577,-0.7458362911534137,1.0,0.0,0.0,0.0,0.0,0.0,1.0,0.0,New York
0.9624613076472592,1.087799864878325,1.5333961401820628,-0.4079769656723918,0.0,0.0,0.0,1.0,0.0,0.0,0.0,1.0,Sydney
0.6936586634592828,-1.359516806325151,0.5426381507900213,-0.699658133946413,0.0,0.0,0.0,0.0,1.0,0.0,0.0,1.0,Paris
1.3656652739292239,-0.39532930976568875,-0.819654084624036,-0.1254250240239354,0.0,1.0,0.0,0.0,0.0,0.0,1.0,0.0,Londres
-0.7847558795745877,0.8375410082872543,1.4095513915080577,-0.42717684044894805,1.0,0.0,0.0,0.0,0.0,0.0,0.0,1.0,New York
0.22325403613032402,-1.3203658809075296,0.17110390476800566,-0.6666132845086655,1.0,0.0,0.0,0.0,0.0,0.0,0.0,1.0,Tokyo
0.6264580024122887,1.3541796907590045,0.41879340211601607,-0.1514240019236974,0.0,0.0,1.0,0.0,0.0,0.0,0.0,1.0,Sydney
-1.3223611679505407,1.4578144933350614,1.6572408888560681,-0.3744599432715683,0.0,1.0,0.0,0.0,0.0,0.0,1.0,0.0,Tokyo
-1.7255651342325053,0.25718611386133594,0.9141723968120369,-0.45139340668450384,0.0,0.0,0.0,0.0,1.0,0.0,0.0,1.0,Sydney
1.3656652739292239,-1.1599238532157083,0.04725915609400046,-0.617952519213185,0.0,0.0,0.0,1.0,0.0,0.0,1.0,0.0,Bali
0.29045469717731814,0.9066308766712923,1.4095513915080577,-0.4174845962571935,0.0,0.0,1.0,0.0,0.0,1.0,0.0,0.0,Sydney
1.5672672570702064,0.2149645276266461,1.5333961401820628,-0.5260492691788399,0.0,0.0,0.0,0.0,1.0,1.0,0.0,0.0,Rome
1.6344679181172004,-0.4736311606009317,-1.6865673253420723,2.218481334295954,0.0,0.0,0.0,1.0,0.0,0.0,1.0,0.0,Barcelone
0.22325403613032402,-1.322668876520331,-0.6958093359500308,-0.5478776063512725,0.0,0.0,0.0,0.0,1.0,0.0,1.0,0.0,New York
0.6936586634592828,-0.07828358040338146,0.04725915609400046,-0.3618955494922366,1.0,0.0,0.0,0.0,0.0,0.0,1.0,0.0,New York
-1.1879598458565523,-1.0846926631975335,0.9141723968120369,-0.672376572833107,0.0,0.0,0.0,1.0,0.0,1.0,0.0,0.0,Barcelone
-1.523963151091523,-0.07598058479058019,-0.5719645872760255,-0.1449269787196274,0.0,0.0,0.0,0.0,1.0,0.0,1.0,0.0,Londres
0.49205668031830047,-1.5729277331114015,0.2949486534420109,-0.7292517864295605,1.0,0.0,0.0,0.0,0.0,1.0,0.0,0.0,New York
-0.919157201668576,1.6781344069597155,0.6664828994640265,-0.15833245517394898,1.0,0.0,0.0,0.0,0.0,0.0,1.0,0.0,New York
1.1640632907882416,-1.0555213854353842,0.41879340211601607,-0.6318022236626993,0.0,0.0,1.0,0.0,0.0,0.0,1.0,0.0,Bali
1.5672672570702064,-0.3738346840462103,-1.438877827994062,0.7849994876047433,0.0,0.0,0.0,1.0,0.0,1.0,0.0,0.0,Barcelone
-0.9863578627155701,-0.35617838434806726,-1.5627225766680672,1.3481185730888205,1.0,0.0,0.0,0.0,0.0,0.0,1.0,0.0,New York
1.5672672570702064,-0.14660578358315227,-0.819654084624036,-0.020748794506780098,1.0,0.0,0.0,0.0,0.0,0.0,0.0,1.0,New York
-1.0535585237625642,-0.35848137996086854,-1.0673435819720463,0.09795808158072274,0.0,0.0,0.0,1.0,0.0,0.0,1.0,0.0,Rio de Janeiro
1.1640632907882416,1.2858574875792337,-0.9434988332980412,0.7595575516494945,0.0,0.0,1.0,0.0,0.0,0.0,0.0,1.0,Sydney
0.6264580024122887,1.7180529975816041,-0.819654084624036,0.7639998520894249,0.0,0.0,0.0,1.0,0.0,1.0,0.0,0.0,Barcelone
0.021652052989341655,0.6295037379308736,0.7903276481380317,-0.3697429549407617,0.0,1.0,0.0,0.0,0.0,1.0,0.0,0.0,Barcelone
1.29846461288223,-0.21339265635438892,1.6572408888560681,-0.5927359673337591,0.0,0.0,1.0,0.0,0.0,1.0,0.0,0.0,Sydney
-0.5159532353866113,0.641786381199147,1.6572408888560681,-0.48104120812141166,0.0,0.0,1.0,0.0,0.0,1.0,0.0,0.0,Sydney
1.3656652739292239,1.1591927288751642,-0.44811983860202037,0.18723062516630623,0.0,1.0,0.0,0.0,0.0,0.0,0.0,1.0,Tokyo
0.021652052989341655,-1.569089407090066,-0.44811983860202037,-0.6739252314027661,1.0,0.0,0.0,0.0,0.0,0.0,1.0,0.0,New York
-0.11274926910464658,-1.6750272052789241,0.41879340211601607,-0.7553018174643478,0.0,0.0,0.0,0.0,1.0,0.0,1.0,0.0,New York
-0.4487525743396172,0.2932663784618891,0.04725915609400046,-0.27393843569171217,0.0,0.0,0.0,1.0,0.0,0.0,1.0,0.0,Sydney
-0.7847558795745877,1.7280326452370762,1.5333961401820628,-0.32136984067293906,0.0,0.0,1.0,0.0,0.0,1.0,0.0,0.0,Bali
-0.38155191329262306,-0.036829659372958706,-1.0673435819720463,0.27200307672091434,0.0,1.0,0.0,0.0,0.0,0.0,1.0,0.0,Londres
-0.7847558795745877,0.196540562724236,0.6664828994640265,-0.4255614707759346,0.0,0.0,0.0,1.0,0.0,0.0,0.0,1.0,Sydney
0.1560533750833299,0.3508412687819207,-0.3242750899280151,-0.12711492936922084,0.0,0.0,0.0,1.0,0.0,1.0,0.0,0.0,Sydney
-0.9863578627155701,1.1607280592836984,1.1618618941600474,-0.34538722392085286,0.0,1.0,0.0,0.0,0.0,1.0,0.0,0.0,Rome
1.6344679181172004,1.2421005709360096,-0.5719645872760255,0.3089343589365494,0.0,0.0,0.0,1.0,0.0,1.0,0.0,0.0,Sydney
0.3576553582243122,0.22264117966931699,0.5426381507900213,-0.40002240864248584,0.0,1.0,0.0,0.0,0.0,1.0,0.0,0.0,Rome
1.0968626297412476,-1.1867921353650563,-0.20043034125400994,-0.5938603721537581,0.0,0.0,0.0,1.0,0.0,0.0,0.0,1.0,Barcelone
0.9624613076472592,-0.027617676921753653,-0.9434988332980412,0.13767898839831805,1.0,0.0,0.0,0.0,0.0,1.0,0.0,0.0,Rio de Janeiro
1.3656652739292239,0.3001753653002929,0.6664828994640265,-0.4068692857467801,0.0,0.0,0.0,0.0,1.0,0.0,0.0,1.0,Rome
-0.17994993015164068,-0.6471234967652936,1.038017145486042,-0.610198719322151,0.0,0.0,0.0,1.0,0.0,1.0,0.0,0.0,Rio de Janeiro
0.021652052989341655,1.052487265482039,-1.438877827994062,2.1356134280950125,1.0,0.0,0.0,0.0,0.0,1.0,0.0,0.0,Rio de Janeiro
1.5672672570702064,-1.1161669365724842,0.04725915609400046,-0.6075939334970075,0.0,0.0,0.0,1.0,0.0,0.0,0.0,1.0,Sydney
-1.3895618289975349,-0.47439882580519876,-0.819654084624036,-0.15870172661735205,0.0,0.0,0.0,0.0,1.0,0.0,0.0,1.0,Barcelone
1.29846461288223,-0.18652437420504084,0.04725915609400046,-0.38751941942172824,0.0,0.0,1.0,0.0,0.0,0.0,0.0,1.0,Sydney
-1.4567624900445288,-0.9165739834630414,-0.3242750899280151,-0.49638941834617517,1.0,0.0,0.0,0.0,0.0,1.0,0.0,0.0,Rio de Janeiro
-0.2471505911986348,-1.3541431498952814,-1.438877827994062,-0.14327500217247638,0.0,0.0,1.0,0.0,0.0,1.0,0.0,0.0,Bali
-1.0535585237625642,-1.534544472898047,1.4095513915080577,-0.759943891032523,1.0,0.0,0.0,0.0,0.0,0.0,0.0,1.0,Tokyo
0.8280599855532711,-1.53377680769378,1.2857066428340524,-0.7568498285784773,0.0,0.0,1.0,0.0,0.0,0.0,0.0,1.0,Sydney
-1.7255651342325053,0.14894532005967656,-1.6865673253420723,3.397542294361367,0.0,0.0,1.0,0.0,0.0,0.0,1.0,0.0,Rio de Janeiro
0.6264580024122887,-0.5711246415428518,-0.6958093359500308,-0.26321641236255094,0.0,0.0,0.0,0.0,1.0,0.0,1.0,0.0,Londres
-0.6503545574805996,-0.6279318666586163,-0.3242750899280151,-0.412290564405936,0.0,1.0,0.0,0.0,0.0,1.0,0.0,0.0,Le Caire
0.49205668031830047,-0.739243321277344,-0.3242750899280151,-0.44472230329246437,0.0,0.0,0.0,0.0,1.0,0.0,0.0,1.0,Paris
-1.523963151091523,-0.36078437557366977,1.038017145486042,-0.5650086309873085,0.0,0.0,0.0,1.0,0.0,0.0,0.0,1.0,Sydney
0.8280599855532711,-1.001017155932421,-1.0673435819720463,-0.2497165268496839,0.0,1.0,0.0,0.0,0.0,0.0,0.0,1.0,Rome
0.08885271403633577,0.8774595989091429,0.2949486534420109,-0.21362440497686982,0.0,0.0,0.0,0.0,1.0,1.0,0.0,0.0,Sydney
-0.31435125224562893,1.0025890272046782,1.2857066428340524,-0.3873516582253213,0.0,0.0,0.0,1.0,0.0,1.0,0.0,0.0,Sydney
1.2312639518352357,0.3485382731691194,-1.0673435819720463,0.48052476540916284,0.0,1.0,0.0,0.0,0.0,0.0,1.0,0.0,Londres
-0.6503545574805996,-0.019173359674815687,1.5333961401820628,-0.5577221386330762,1.0,0.0,0.0,0.0,0.0,0.0,0.0,1.0,New York
0.3576553582243122,0.641786381199147,0.6664828994640265,-0.34525430546549324,0.0,1.0,0.0,0.0,0.0,1.0,0.0,0.0,Barcelone
0.6936586634592828,-1.070874689520726,-0.9434988332980412,-0.35626196277546845,1.0,0.0,0.0,0.0,0.0,0.0,1.0,0.0,New York
0.9624613076472592,-1.5821397155626065,1.4095513915080577,-0.7666207703646207,0.0,0.0,0.0,1.0,0.0,0.0,1.0,0.0,Bali
0.29045469717731814,1.6343774903164916,-1.3150330793200569,1.9817976864928932,0.0,0.0,0.0,1.0,0.0,0.0,0.0,1.0,Barcelone
1.7016685791641946,-0.564215654704448,-1.1911883306460516,0.12398865462043751,0.0,0.0,0.0,0.0,1.0,0.0,0.0,1.0,Paris
1.432865934976218,1.629003833886622,-0.6958093359500308,0.5701226907750138,1.0,0.0,0.0,0.0,0.0,0.0,0.0,1.0,Tokyo
0.6264580024122887,0.0952087557609804,1.5333961401820628,-0.5422491630636296,1.0,0.0,0.0,0.0,0.0,0.0,1.0,0.0,New York
-0.7175552185275936,1.1991113194970526,-1.1911883306460516,1.2371427557457064,0.0,0.0,1.0,0.0,0.0,0.0,0.0,1.0,Sydney
1.6344679181172004,1.5061774012038878,-0.819654084624036,0.6748312121303663,0.0,0.0,1.0,0.0,0.0,0.0,0.0,1.0,Sydney
-0.045548608057652464,-0.5166204120398886,-1.438877827994062,0.6497927099238013,0.0,0.0,1.0,0.0,0.0,0.0,0.0,1.0,Sydney
1.432865934976218,1.3964012769936942,-1.0673435819720463,1.0475209906272096,1.0,0.0,0.0,0.0,0.0,1.0,0.0,0.0,Rio de Janeiro
-1.0535585237625642,1.09701184732953,-1.5627225766680672,3.182859854960942,0.0,0.0,1.0,0.0,0.0,1.0,0.0,0.0,Sydney
-1.3223611679505407,0.8068344001165708,-1.6865673253420723,4.6434797083885675,1.0,0.0,0.0,0.0,0.0,0.0,1.0,0.0,New York
0.7608593245062769,-0.8052625288443136,0.6664828994640265,-0.6062525927244273,0.0,1.0,0.0,0.0,0.0,0.0,0.0,1.0,Londres
-0.9863578627155701,-0.773788255469363,0.6664828994640265,-0.6005757069007583,0.0,0.0,1.0,0.0,0.0,0.0,1.0,0.0,Rio de Janeiro
-1.7255651342325053,-1.6512295839466444,0.2949486534420109,-0.7457286012504172,0.0,0.0,0.0,0.0,1.0,0.0,0.0,1.0,Sydney
1.0968626297412476,0.45217307574517623,0.41879340211601607,-0.3312406347823554,0.0,0.0,0.0,1.0,0.0,0.0,1.0,0.0,Sydney
-1.4567624900445288,1.237494579710407,-1.3150330793200569,1.6811443206600265,0.0,1.0,0.0,0.0,0.0,1.0,0.0,0.0,Barcelone
0.6936586634592828,-1.2228723999656095,-1.6865673253420723,0.7995374415415231,0.0,1.0,0.0,0.0,0.0,0.0,0.0,1.0,Rome
0.9624613076472592,-0.4774694866222671,-0.9434988332980412,-0.07530805898051843,0.0,0.0,0.0,0.0,1.0,1.0,0.0,0.0,Rome
1.0296619686942534,-0.5573066678660443,-0.20043034125400994,-0.4235538014986026,1.0,0.0,0.0,0.0,0.0,0.0,0.0,1.0,Tokyo
0.5592573413652946,-0.9518865828593275,-0.20043034125400994,-0.5303069445678099,0.0,0.0,0.0,0.0,1.0,0.0,1.0,0.0,Londres
0.9624613076472592,0.406113163489151,0.5426381507900213,-0.36527571366546563,0.0,0.0,1.0,0.0,0.0,0.0,0.0,1.0,Sydney
0.22325403613032402,-0.711607373923729,0.04725915609400046,-0.5118224480158579,0.0,0.0,1.0,0.0,0.0,0.0,1.0,0.0,Sydney
1.2312639518352357,-1.5307061468767116,-1.3150330793200569,-0.4158692909324628,0.0,0.0,0.0,1.0,0.0,0.0,1.0,0.0,Rio de Janeiro
0.08885271403633577,-1.219034073944274,-0.819654084624036,-0.4720842656038974,1.0,0.0,0.0,0.0,0.0,1.0,0.0,0.0,Rio de Janeiro
-0.9863578627155701,-1.4623839436969408,-1.6865673253420723,0.3459406233659263,0.0,0.0,0.0,0.0,1.0,1.0,0.0,0.0,Barcelone
0.1560533750833299,-1.4608486132884066,-0.819654084624036,-0.5738528220789095,0.0,1.0,0.0,0.0,0.0,0.0,0.0,1.0,Barcelone
0.08885271403633577,1.535348678966037,0.5426381507900213,-0.151416348346651,0.0,1.0,0.0,0.0,0.0,0.0,1.0,0.0,Tokyo
0.9624613076472592,1.1092944905978035,0.9141723968120369,-0.31106656776862884,0.0,1.0,0.0,0.0,0.0,1.0,0.0,0.0,Rome
0.7608593245062769,0.336255629900846,1.1618618941600474,-0.4703008666940718,0.0,0.0,0.0,1.0,0.0,1.0,0.0,0.0,Sydney
0.08885271403633577,-0.24870525575067495,0.17110390476800566,-0.4278420033867226,1.0,0.0,0.0,0.0,0.0,0.0,1.0,0.0,New York
1.3656652739292239,-1.445495309203065,-0.44811983860202037,-0.6349139503370315,0.0,1.0,0.0,0.0,0.0,1.0,0.0,0.0,Le Caire
-1.1879598458565523,-1.5667864114772647,-1.5627225766680672,-0.18034788307194902,0.0,0.0,0.0,1.0,0.0,1.0,0.0,0.0,Bali
-0.4487525743396172,-0.5289030553081621,0.7903276481380317,-0.569182905335034,0.0,0.0,0.0,1.0,0.0,1.0,0.0,0.0,Sydney
-1.7255651342325053,0.7715218007202848,0.41879340211601607,-0.2675778949787795,0.0,1.0,0.0,0.0,0.0,0.0,0.0,1.0,Tokyo
0.6936586634592828,1.5791055956092612,-0.3242750899280151,0.230752534206265,0.0,0.0,0.0,1.0,0.0,0.0,0.0,1.0,Sydney
0.42485601927130634,0.842914664717124,-1.5627225766680672,2.8620466672696203,0.0,0.0,0.0,0.0,1.0,0.0,1.0,0.0,New York
-0.38155191329262306,-1.3111538984563245,0.6664828994640265,-0.6974981477926702,0.0,0.0,0.0,0.0,1.0,0.0,1.0,0.0,Barcelone
-0.17994993015164068,-1.4309096703219903,-0.6958093359500308,-0.588875796701027,0.0,1.0,0.0,0.0,0.0,0.0,1.0,0.0,Londres
-1.1879598458565523,1.0194776616985541,-0.20043034125400994,0.003043388898579799,0.0,0.0,0.0,1.0,0.0,0.0,1.0,0.0,Sydney
1.1640632907882416,1.5829439216305967,0.7903276481380317,-0.20559158423851767,1.0,0.0,0.0,0.0,0.0,0.0,0.0,1.0,Tokyo
-0.6503545574805996,-0.47439882580519876,-0.5719645872760255,-0.282116282297703,0.0,0.0,1.0,0.0,0.0,1.0,0.0,0.0,Sydney
0.6936586634592828,-0.1696357397111649,0.41879340211601607,-0.4551993348806642,1.0,0.0,0.0,0.0,0.0,1.0,0.0,0.0,Rio de Janeiro
0.021652052989341655,-1.1622268488285095,0.2949486534420109,-0.6428292773201653,1.0,0.0,0.0,0.0,0.0,0.0,1.0,0.0,New York
-0.7175552185275936,0.29173104805335487,-1.438877827994062,1.4152375319562305,0.0,0.0,0.0,1.0,0.0,0.0,1.0,0.0,Sydney
0.6264580024122887,0.1980758931327702,0.04725915609400046,-0.29647290286374733,0.0,0.0,0.0,1.0,0.0,1.0,0.0,0.0,Sydney
0.3576553582243122,0.15815730251088161,1.4095513915080577,-0.5224839083345352,0.0,0.0,0.0,1.0,0.0,0.0,1.0,0.0,Sydney
-0.4487525743396172,0.34469994714778396,0.17110390476800566,-0.29562839285143483,0.0,0.0,1.0,0.0,0.0,1.0,0.0,0.0,Sydney
-0.31435125224562893,-1.6788655313002596,0.41879340211601607,-0.7560669946254485,1.0,0.0,0.0,0.0,0.0,1.0,0.0,0.0,Rio de Janeiro
0.021652052989341655,0.20575254517544106,-0.3242750899280151,-0.16938802350407506,0.0,1.0,0.0,0.0,0.0,0.0,1.0,0.0,Londres
-1.523963151091523,-0.8781907232496869,1.6572408888560681,-0.6795651069009879,1.0,0.0,0.0,0.0,0.0,0.0,0.0,1.0,Tokyo
1.29846461288223,1.6075092081671434,-0.44811983860202037,0.32873738381468504,0.0,0.0,1.0,0.0,0.0,1.0,0.0,0.0,Bali
-1.2551605069035465,-0.32470411097311663,1.6572408888560681,-0.607274333658526,0.0,0.0,0.0,0.0,1.0,0.0,1.0,0.0,Londres
-1.2551605069035465,-1.4600809480841397,1.038017145486042,-0.7384998012165163,0.0,1.0,0.0,0.0,0.0,1.0,0.0,0.0,Barcelone
-1.3895618289975349,-0.6202552146159455,1.5333961401820628,-0.6390331444778861,0.0,1.0,0.0,0.0,0.0,1.0,0.0,0.0,Barcelone
-0.17994993015164068,1.3388263866736627,-0.9434988332980412,0.7846362312896649,0.0,0.0,1.0,0.0,0.0,0.0,1.0,0.0,Sydney
-0.31435125224562893,-1.3387898458099396,-0.44811983860202037,-0.6012334033299688,0.0,0.0,1.0,0.0,0.0,0.0,1.0,0.0,Rio de Janeiro
0.1560533750833299,-0.9511189176550603,-0.07658559258000475,-0.55059142499108,0.0,0.0,0.0,1.0,0.0,0.0,1.0,0.0,Barcelone
1.1640632907882416,-0.9772195346001413,-0.44811983860202037,-0.4871072332556769,0.0,0.0,1.0,0.0,0.0,0.0,0.0,1.0,Sydney
1.1640632907882416,1.0394369570094986,-1.5627225766680672,3.1101680450610965,0.0,0.0,0.0,1.0,0.0,0.0,1.0,0.0,Sydney
0.7608593245062769,-0.2556142425890787,-0.6958093359500308,-0.14371104900262796,0.0,0.0,0.0,0.0,1.0,1.0,0.0,0.0,Rome
-1.523963151091523,1.437855198024117,0.2949486534420109,-0.09570210282760168,0.0,0.0,1.0,0.0,0.0,0.0,0.0,1.0,Sydney
-1.2551605069035465,-0.35848137996086854,-0.3242750899280151,-0.33378338958406384,1.0,0.0,0.0,0.0,0.0,0.0,1.0,0.0,New York
1.432865934976218,0.616453429458333,-0.07658559258000475,-0.15476018392815422,0.0,1.0,0.0,0.0,0.0,0.0,1.0,0.0,Londres
-1.1879598458565523,-0.9948758342982843,-0.3242750899280151,-0.5192034691491124,0.0,0.0,0.0,1.0,0.0,1.0,0.0,0.0,Bali
-0.9863578627155701,1.2321209232805375,-1.1911883306460516,1.2579810780567149,0.0,0.0,0.0,1.0,0.0,0.0,0.0,1.0,Sydney
-0.38155191329262306,-1.6512295839466444,0.41879340211601607,-0.7505577190655237,1.0,0.0,0.0,0.0,0.0,1.0,0.0,0.0,Rio de Janeiro
0.8280599855532711,-0.5074084295886836,1.4095513915080577,-0.6158525273817712,0.0,1.0,0.0,0.0,0.0,1.0,0.0,0.0,Rome
0.22325403613032402,0.49055633595853065,-1.0673435819720463,0.5573704076548323,0.0,0.0,0.0,0.0,1.0,1.0,0.0,0.0,Rome
1.0968626297412476,-1.4938582170718915,0.2949486534420109,-0.7126134342084993,0.0,0.0,0.0,1.0,0.0,1.0,0.0,0.0,Bali
0.08885271403633577,-0.6993247306554555,0.6664828994640265,-0.5871450258057362,1.0,0.0,0.0,0.0,0.0,0.0,0.0,1.0,New York
0.49205668031830047,-0.939603939591054,0.9141723968120369,-0.6484830840447283,1.0,0.0,0.0,0.0,0.0,1.0,0.0,0.0,Rio de Janeiro
-0.2471505911986348,1.2159999539909288,1.5333961401820628,-0.3906347715777771,1.0,0.0,0.0,0.0,0.0,1.0,0.0,0.0,Rio de Janeiro
1.0296619686942534,1.1254154598874122,-0.44811983860202037,0.17656915704896262,0.0,1.0,0.0,0.0,0.0,0.0,1.0,0.0,Londres
-0.8519565406215819,0.842914664717124,0.17110390476800566,-0.18462369267368345,1.0,0.0,0.0,0.0,0.0,0.0,1.0,0.0,New York
1.5000665960232122,1.5307426877404346,-0.819654084624036,0.6851696051690978,0.0,0.0,1.0,0.0,0.0,0.0,0.0,1.0,Sydney
-0.9863578627155701,-0.9925728386854831,-1.1911883306460516,-0.14642492327590553,0.0,0.0,1.0,0.0,0.0,1.0,0.0,0.0,Rio de Janeiro
0.6936586634592828,0.9073985418755594,0.5426381507900213,-0.2703401830378749,0.0,0.0,0.0,0.0,1.0,0.0,1.0,0.0,New York
0.6264580024122887,-0.7753235858778972,1.1618618941600474,-0.6387133012710002,0.0,1.0,0.0,0.0,0.0,0.0,0.0,1.0,Londres
1.0968626297412476,-0.1888273698178421,0.9141723968120369,-0.5248437611080384,0.0,0.0,0.0,1.0,0.0,0.0,1.0,0.0,Londres
0.1560533750833299,1.1960406586799843,-0.9434988332980412,0.7170328339987713,0.0,1.0,0.0,0.0,0.0,0.0,0.0,1.0,Tokyo
-1.4567624900445288,0.19193457149863347,0.9141723968120369,-0.46213915561049423,0.0,0.0,1.0,0.0,0.0,0.0,1.0,0.0,Sydney
-0.6503545574805996,1.7502949361608218,0.5426381507900213,-0.11070892326897043,0.0,0.0,1.0,0.0,0.0,0.0,1.0,0.0,Sydney
1.3656652739292239,0.6348773943607432,1.4095513915080577,-0.45560742341142824,0.0,0.0,1.0,0.0,0.0,0.0,1.0,0.0,Sydney
1.5672672570702064,-1.1591561880114412,-0.07658559258000475,-0.6031233869538876,0.0,1.0,0.0,0.0,0.0,1.0,0.0,0.0,Le Caire
0.8952606466002652,1.7042350239047965,0.5426381507900213,-0.11943194292847345,0.0,0.0,0.0,0.0,1.0,0.0,0.0,1.0,Tokyo
-1.0535585237625642,-1.0854603284018007,1.038017145486042,-0.6793771119205292,0.0,0.0,1.0,0.0,0.0,1.0,0.0,0.0,Rio de Janeiro
1.5000665960232122,-0.48284314305213677,-0.6958093359500308,-0.22977817200636813,0.0,0.0,1.0,0.0,0.0,0.0,1.0,0.0,Sydney
1.3656652739292239,0.02381589176414123,-1.438877827994062,1.161543094264571,0.0,0.0,0.0,0.0,1.0,1.0,0.0,0.0,Rome
1.432865934976218,-0.7968182115973756,0.6664828994640265,-0.6047295257961259,0.0,0.0,0.0,0.0,1.0,0.0,1.0,0.0,Londres
1.29846461288223,1.384886298929688,-0.20043034125400994,0.10190427625449944,0.0,0.0,0.0,1.0,0.0,1.0,0.0,0.0,Bali
-0.919157201668576,-1.2750736338557713,-1.3150330793200569,-0.22221828353914636,0.0,0.0,0.0,0.0,1.0,0.0,1.0,0.0,Londres
-0.4487525743396172,-0.3738346840462103,0.7903276481380317,-0.54248517837702,0.0,0.0,0.0,0.0,1.0,1.0,0.0,0.0,Sydney
1.5672672570702064,-1.2221047347613423,-1.5627225766680672,0.2548337521951311,0.0,0.0,0.0,0.0,1.0,1.0,0.0,0.0,Barcelone
1.6344679181172004,-1.0716423547249931,-1.3150330793200569,-0.06811162600392462,0.0,0.0,1.0,0.0,0.0,1.0,0.0,0.0,Rio de Janeiro
-1.3223611679505407,-1.4608486132884066,-1.1911883306460516,-0.4420383328041658,1.0,0.0,0.0,0.0,0.0,1.0,0.0,0.0,Rio de Janeiro
0.5592573413652946,0.6003324601687242,-1.438877827994062,1.707458632105363,1.0,0.0,0.0,0.0,0.0,0.0,0.0,1.0,New York
0.42485601927130634,0.7976224176653658,0.7903276481380317,-0.34079838957539016,1.0,0.0,0.0,0.0,0.0,1.0,0.0,0.0,Tokyo
-0.5159532353866113,1.1637987201007667,0.6664828994640265,-0.2511010771704931,0.0,1.0,0.0,0.0,0.0,0.0,1.0,0.0,Londres
0.49205668031830047,0.5028389792268041,-1.6865673253420723,4.067760669934925,0.0,0.0,0.0,0.0,1.0,1.0,0.0,0.0,Rome
0.8952606466002652,0.32704364744964093,0.17110390476800566,-0.2995623036435585,0.0,0.0,0.0,0.0,1.0,1.0,0.0,0.0,Rome
1.7016685791641946,-0.9641692261276008,-0.6958093359500308,-0.41208927377442567,0.0,0.0,0.0,0.0,1.0,0.0,0.0,1.0,Rome
-1.2551605069035465,1.5806409260177954,-0.07658559258000475,0.08870898295482083,0.0,1.0,0.0,0.0,0.0,0.0,0.0,1.0,Tokyo
0.9624613076472592,0.939640480454777,1.5333961401820628,-0.42801914208113795,1.0,0.0,0.0,0.0,0.0,1.0,0.0,0.0,Rio de Janeiro
0.021652052989341655,0.7891781004184278,-1.438877827994062,1.8862804993608027,0.0,0.0,1.0,0.0,0.0,0.0,1.0,0.0,Sydney
-0.4487525743396172,-0.8160098417040529,-0.9434988332980412,-0.2355935332024757,0.0,0.0,0.0,0.0,1.0,0.0,0.0,1.0,Rome
-0.7847558795745877,-0.7423139820944125,-0.20043034125400994,-0.4736073179960325,0.0,1.0,0.0,0.0,0.0,0.0,0.0,1.0,Paris
-0.17994993015164068,-1.2597203297704296,-1.3150330793200569,-0.21058759240441263,0.0,0.0,0.0,0.0,1.0,1.0,0.0,0.0,Barcelone
-0.6503545574805996,-0.48284314305213677,0.2949486534420109,-0.49986867813920316,1.0,0.0,0.0,0.0,0.0,0.0,0.0,1.0,Tokyo
-1.3223611679505407,-1.6850068529343962,-1.438877827994062,-0.45657672894928275,0.0,1.0,0.0,0.0,0.0,0.0,1.0,0.0,Londres
-0.919157201668576,1.4846827754844094,-1.438877827994062,2.5448683519357136,0.0,1.0,0.0,0.0,0.0,1.0,0.0,0.0,Rome
-0.31435125224562893,-1.1890951309778577,-0.44811983860202037,-0.5539837150826504,0.0,0.0,0.0,1.0,0.0,0.0,1.0,0.0,Rio de Janeiro
0.7608593245062769,-1.490019891050556,-0.20043034125400994,-0.6758982933839855,1.0,0.0,0.0,0.0,0.0,0.0,0.0,1.0,New York
1.0296619686942534,0.660210346101557,0.5426381507900213,-0.3171537218772075,0.0,1.0,0.0,0.0,0.0,1.0,0.0,0.0,Rome
1.29846461288223,0.5696258519980407,1.1618618941600474,-0.4349435599873134,0.0,0.0,0.0,0.0,1.0,1.0,0.0,0.0,Rome
1.1640632907882416,-0.9925728386854831,1.2857066428340524,-0.6780071499770925,0.0,0.0,1.0,0.0,0.0,0.0,1.0,0.0,Bali
0.29045469717731814,0.06219915197749563,-0.07658559258000475,-0.29471618591024645,1.0,0.0,0.0,0.0,0.0,1.0,0.0,0.0,Rio de Janeiro
1.0296619686942534,0.03302787421534629,0.9141723968120369,-0.48830821475967096,1.0,0.0,0.0,0.0,0.0,0.0,1.0,0.0,New York
-0.6503545574805996,0.9434788064761125,1.038017145486042,-0.35916959591787834,1.0,0.0,0.0,0.0,0.0,0.0,1.0,0.0,New York
1.5672672570702064,0.04684584789215387,-1.6865673253420723,3.2041821122544625,0.0,0.0,0.0,1.0,0.0,0.0,0.0,1.0,Barcelone
-0.045548608057652464,1.612882864597013,-1.3150330793200569,1.9655147189042659,0.0,0.0,0.0,1.0,0.0,1.0,0.0,0.0,Rio de Janeiro
-0.7847558795745877,1.5929235692860688,0.6664828994640265,-0.17370158508680925,0.0,0.0,1.0,0.0,0.0,0.0,0.0,1.0,Sydney
0.49205668031830047,-0.41452093987236593,-0.5719645872760255,-0.26149823667325234,1.0,0.0,0.0,0.0,0.0,1.0,0.0,0.0,Rio de Janeiro
0.49205668031830047,1.0547902610948403,0.04725915609400046,-0.09366269831543059,0.0,0.0,0.0,0.0,1.0,0.0,0.0,1.0,New York
-0.7847558795745877,-0.04066798539429415,-1.6865673253420723,3.038444813305687,0.0,0.0,0.0,0.0,1.0,0.0,0.0,1.0,Sydney
-0.11274926910464658,-1.2950329291667158,-0.6958093359500308,-0.53740998328325,1.0,0.0,0.0,0.0,0.0,0.0,0.0,1.0,Tokyo
-0.11274926910464658,0.9672764278083922,-1.1911883306460516,1.090789887421879,0.0,0.0,0.0,0.0,1.0,1.0,0.0,0.0,Sydney
-1.6583644731855112,-1.5237971600383078,1.4095513915080577,-0.7584362086026947,0.0,0.0,0.0,1.0,0.0,1.0,0.0,0.0,Rio de Janeiro
0.08885271403633577,0.694755280293576,-0.9434988332980412,0.47969402523020427,0.0,0.0,0.0,1.0,0.0,0.0,0.0,1.0,Sydney
0.08885271403633577,0.6272007423180723,-0.6958093359500308,0.19067135455920015,0.0,0.0,1.0,0.0,0.0,1.0,0.0,0.0,Sydney
-1.2551605069035465,1.2167676191951957,-0.9434988332980412,0.7268462303797075,0.0,0.0,0.0,1.0,0.0,0.0,1.0,0.0,Sydney
-0.045548608057652464,-0.520458738061224,0.17110390476800566,-0.48839002166549605,0.0,1.0,0.0,0.0,0.0,0.0,0.0,1.0,Londres
-1.4567624900445288,0.7799661179672228,-1.438877827994062,1.877557481445903,1.0,0.0,0.0,0.0,0.0,1.0,0.0,0.0,New York
1.0296619686942534,-0.6371438491098214,-1.1911883306460516,0.07795050067751184,1.0,0.0,0.0,0.0,0.0,0.0,1.0,0.0,New York
1.6344679181172004,0.24029747936746002,0.41879340211601607,-0.37347841407511245,0.0,0.0,1.0,0.0,0.0,0.0,0.0,1.0,Sydney
0.5592573413652946,0.2848220612149511,-0.20043034125400994,-0.19571684051237617,1.0,0.0,0.0,0.0,0.0,0.0,1.0,0.0,New York
-0.31435125224562893,-1.700360157019738,1.038017145486042,-0.7764207064411964,1.0,0.0,0.0,0.0,0.0,1.0,0.0,0.0,Rio de Janeiro
0.08885271403633577,-0.11513151020820167,-0.07658559258000475,-0.3394943527493923,1.0,0.0,0.0,0.0,0.0,0.0,1.0,0.0,New York
0.42485601927130634,1.1023855037593997,-0.9434988332980412,0.6726908207219485,0.0,0.0,1.0,0.0,0.0,0.0,0.0,1.0,Sydney
-0.11274926910464658,-0.9319272875483832,1.1618618941600474,-0.6624399149821144,1.0,0.0,0.0,0.0,0.0,0.0,0.0,1.0,New York
1.29846461288223,-1.0862279936060677,1.5333961401820628,-0.7020673469654973,0.0,0.0,1.0,0.0,0.0,0.0,1.0,0.0,Rio de Janeiro
0.6936586634592828,-0.8728170668198174,0.41879340211601607,-0.5953797907943074,1.0,0.0,0.0,0.0,0.0,0.0,1.0,0.0,New York
0.021652052989341655,-0.4667221737625279,-0.3242750899280151,-0.3653204598116535,0.0,1.0,0.0,0.0,0.0,1.0,0.0,0.0,Rome
0.021652052989341655,1.69809370227066,-1.1911883306460516,1.5521406511446723,0.0,0.0,1.0,0.0,0.0,0.0,0.0,1.0,Sydney
0.29045469717731814,0.4291431196171636,-1.438877827994062,1.5453558825201479,0.0,0.0,0.0,0.0,1.0,0.0,1.0,0.0,Londres
1.432865934976218,0.38692153338247376,1.038017145486042,-0.44700555849900653,1.0,0.0,0.0,0.0,0.0,0.0,1.0,0.0,New York
-1.0535585237625642,-0.7000923958597226,-0.6958093359500308,-0.3120653200133223,1.0,0.0,0.0,0.0,0.0,0.0,1.0,0.0,New York
1.3656652739292239,0.1335920159743348,-0.9434988332980412,0.21400540469448817,0.0,0.0,1.0,0.0,0.0,0.0,1.0,0.0,Rio de Janeiro
-0.2471505911986348,0.0760171256543032,-1.0673435819720463,0.3330642086674731,0.0,0.0,1.0,0.0,0.0,0.0,1.0,0.0,Rio de Janeiro
-0.5831538964336054,-0.9603309001062654,0.9141723968120369,-0.6518964395859254,0.0,1.0,0.0,0.0,0.0,1.0,0.0,0.0,Barcelone
-1.6583644731855112,-0.25484657738481165,0.04725915609400046,-0.40369335150488256,1.0,0.0,0.0,0.0,0.0,0.0,0.0,1.0,Rio de Janeiro
-0.8519565406215819,-0.15965609205569276,-0.44811983860202037,-0.22905124359724646,0.0,0.0,1.0,0.0,0.0,1.0,0.0,0.0,Rio de Janeiro
0.5592573413652946,1.1676370461221022,-1.6865673253420723,5.326782607563344,0.0,0.0,1.0,0.0,0.0,0.0,0.0,1.0,Sydney
-1.4567624900445288,-0.6263965362500822,0.7903276481380317,-0.5859681099076467,1.0,0.0,0.0,0.0,0.0,0.0,1.0,0.0,New York
0.9624613076472592,-1.447030639611599,0.17110390476800566,-0.6948348184521616,0.0,0.0,0.0,0.0,1.0,1.0,0.0,0.0,Rome
1.6344679181172004,-0.5411856985764354,-1.5627225766680672,1.1145355572773141,0.0,1.0,0.0,0.0,0.0,1.0,0.0,0.0,Barcelone
-0.38155191329262306,1.1714753721434377,0.6664828994640265,-0.24971647087203727,0.0,0.0,1.0,0.0,0.0,1.0,0.0,0.0,Sydney
-0.11274926910464658,-0.7615056122010896,1.4095513915080577,-0.651498447687002,0.0,0.0,1.0,0.0,0.0,0.0,0.0,1.0,Sydney
1.7016685791641946,-1.67349187487039,-0.07658559258000475,-0.7329994552752196,0.0,0.0,0.0,1.0,0.0,0.0,0.0,1.0,Sydney
-0.7175552185275936,0.5227982745377483,-0.6958093359500308,0.1511270007466709,0.0,0.0,0.0,0.0,1.0,0.0,1.0,0.0,Londres
-0.8519565406215819,-0.8996853489691654,1.4095513915080577,-0.6708829360705113,0.0,1.0,0.0,0.0,0.0,0.0,1.0,0.0,Londres
1.29846461288223,0.1335920159743348,-0.9434988332980412,0.21400540469448817,0.0,1.0,0.0,0.0,0.0,0.0,0.0,1.0,Rome
-0.9863578627155701,0.2510447922271992,1.6572408888560681,-0.5320758871511108,0.0,0.0,0.0,1.0,0.0,0.0,1.0,0.0,Sydney
1.432865934976218,-1.4378186571603941,-1.438877827994062,-0.22250908156614665,0.0,0.0,0.0,1.0,0.0,0.0,0.0,1.0,Barcelone
-0.8519565406215819,1.5399546701916398,1.1618618941600474,-0.28793160052237043,0.0,1.0,0.0,0.0,0.0,1.0,0.0,0.0,Rome
0.8952606466002652,0.9780237406681315,-1.1911883306460516,1.0975744574766262,0.0,0.0,0.0,0.0,1.0,0.0,1.0,0.0,Londres
0.29045469717731814,1.5307426877404346,-1.438877827994062,2.5884834415102107,0.0,0.0,0.0,0.0,1.0,0.0,0.0,1.0,New York
-0.9863578627155701,0.9235195111651682,0.9141723968120369,-0.34166034706380155,0.0,0.0,1.0,0.0,0.0,0.0,1.0,0.0,Sydney
-0.8519565406215819,1.1069914949850022,1.1618618941600474,-0.3535287090178038,0.0,0.0,0.0,0.0,1.0,0.0,0.0,1.0,Sydney
0.6264580024122887,-0.24486692972933952,0.17110390476800566,-0.4269868053884349,0.0,0.0,0.0,0.0,1.0,0.0,1.0,0.0,Londres
-0.17994993015164068,-0.08058657601618271,0.04725915609400046,-0.3624407382141407,0.0,0.0,0.0,0.0,1.0,0.0,1.0,0.0,New York
-1.3223611679505407,1.2313532580762705,1.4095513915080577,-0.3719310485559468,1.0,0.0,0.0,0.0,0.0,0.0,1.0,0.0,New York
-0.31435125224562893,-0.5143174164270874,0.6664828994640265,-0.5537760140129494,0.0,0.0,1.0,0.0,0.0,0.0,0.0,1.0,Sydney
1.7016685791641946,-1.043238742167111,-0.9434988332980412,-0.3431774342675536,1.0,0.0,0.0,0.0,0.0,0.0,0.0,1.0,Tokyo
0.49205668031830047,0.1642986241450183,1.4095513915080577,-0.5216223755174902,0.0,0.0,0.0,1.0,0.0,0.0,0.0,1.0,Barcelone
-1.3223611679505407,-0.5335090465337645,1.2857066428340524,-0.6111306651492514,0.0,0.0,1.0,0.0,0.0,1.0,0.0,0.0,Rio de Janeiro
-1.7255651342325053,-1.2121250871058702,-1.5627225766680672,0.26743366591110457,0.0,1.0,0.0,0.0,0.0,1.0,0.0,0.0,Rome
-1.0535585237625642,-1.3050125768221879,0.41879340211601607,-0.681538739134243,0.0,1.0,0.0,0.0,0.0,0.0,0.0,1.0,Tokyo
0.021652052989341655,1.535348678966037,1.6572408888560681,-0.3643332191419031,1.0,0.0,0.0,0.0,0.0,0.0,1.0,0.0,New York
-0.11274926910464658,0.8528943123725962,-1.1911883306460516,1.0185826775535007,0.0,0.0,0.0,1.0,0.0,0.0,0.0,1.0,Sydney
-0.2471505911986348,0.09597642096524749,0.17110390476800566,-0.35104522314048175,1.0,0.0,0.0,0.0,0.0,0.0,0.0,1.0,New York
0.1560533750833299,0.15815730251088161,-1.3150330793200569,0.8635067338882462,0.0,0.0,1.0,0.0,0.0,0.0,1.0,0.0,Sydney
1.0968626297412476,0.7538655010221418,-1.6865673253420723,4.5431650274458875,1.0,0.0,0.0,0.0,0.0,1.0,0.0,0.0,Rio de Janeiro
-0.7175552185275936,-0.11589917541246876,-0.9434988332980412,0.09588118899803452,0.0,1.0,0.0,0.0,0.0,0.0,1.0,0.0,Londres
-1.1879598458565523,0.4506377453366421,-1.3150330793200569,1.0850714000049235,0.0,0.0,0.0,1.0,0.0,0.0,1.0,0.0,Sydney
-0.2471505911986348,-0.89584702294783,-0.07658559258000475,-0.536634593768489,0.0,0.0,0.0,0.0,1.0,0.0,1.0,0.0,Londres
-0.919157201668576,-0.2963004984152344,-0.44811983860202037,-0.27218172825377285,1.0,0.0,0.0,0.0,0.0,1.0,0.0,0.0,Rio de Janeiro
0.9624613076472592,0.16122796332794995,-0.9434988332980412,0.22708993320240312,0.0,0.0,0.0,1.0,0.0,0.0,0.0,1.0,Barcelone
-0.38155191329262306,-1.3441635022398093,1.038017145486042,-0.7202056903892744,0.0,1.0,0.0,0.0,0.0,0.0,1.0,0.0,Londres
0.29045469717731814,-1.070874689520726,-0.3242750899280151,-0.5413465184578455,0.0,0.0,0.0,0.0,1.0,0.0,0.0,1.0,Rome
-0.7175552185275936,-1.03556209012444,-0.3242750899280151,-0.5310578288800504,0.0,0.0,0.0,1.0,0.0,0.0,1.0,0.0,Rio de Janeiro
1.3656652739292239,-0.7922122203717732,-0.6958093359500308,-0.34695739690673044,1.0,0.0,0.0,0.0,0.0,1.0,0.0,0.0,Rio de Janeiro
-0.31435125224562893,0.8490559863512607,1.5333961401820628,-0.4402729079683507,0.0,0.0,0.0,0.0,1.0,1.0,0.0,0.0,Sydney
1.2312639518352357,0.7569361618392101,0.41879340211601607,-0.27048556819096203,0.0,0.0,0.0,1.0,0.0,1.0,0.0,0.0,Sydney
-1.4567624900445288,-1.0716423547249931,1.4095513915080577,-0.6950058549477672,0.0,0.0,0.0,0.0,1.0,0.0,1.0,0.0,New York
1.1640632907882416,-0.9864315170513464,-1.0673435819720463,-0.24182427170012868,0.0,1.0,0.0,0.0,0.0,0.0,0.0,1.0,Rome
0.5592573413652946,1.6451248031762307,-1.438877827994062,2.696794247286879,0.0,1.0,0.0,0.0,0.0,1.0,0.0,0.0,Rome
0.1560533750833299,-1.638179275474104,-0.3242750899280151,-0.7066365531967731,0.0,0.0,0.0,1.0,0.0,0.0,0.0,1.0,Sydney
-1.0535585237625642,-1.272002973038703,-1.0673435819720463,-0.3963463198914205,1.0,0.0,0.0,0.0,0.0,1.0,0.0,0.0,Rio de Janeiro
1.2312639518352357,1.140001098768487,-0.07658559258000475,-0.022557977069723456,0.0,1.0,0.0,0.0,0.0,0.0,1.0,0.0,Londres
1.5672672570702064,0.6041707861900596,-0.9434988332980412,0.4368058484542609,0.0,0.0,0.0,0.0,1.0,0.0,0.0,1.0,Tokyo
1.7016685791641946,1.3104227741157806,-1.6865673253420723,5.597196095321873,1.0,0.0,0.0,0.0,0.0,1.0,0.0,0.0,Rio de Janeiro
0.08885271403633577,-0.3692286928206078,1.2857066428340524,-0.5871982776021644,1.0,0.0,0.0,0.0,0.0,1.0,0.0,0.0,Rio de Janeiro
1.29846461288223,1.3710683252528804,-1.5627225766680672,3.5288728700842107,1.0,0.0,0.0,0.0,0.0,0.0,0.0,1.0,Tokyo
-0.17994993015164068,0.036098535032414635,-0.819654084624036,0.05614300371878466,0.0,0.0,1.0,0.0,0.0,0.0,1.0,0.0,Rio de Janeiro
-1.0535585237625642,0.4613850581963813,-0.6958093359500308,0.1278656161510654,0.0,0.0,0.0,0.0,1.0,1.0,0.0,0.0,Sydney
-0.8519565406215819,0.6701899937570293,1.5333961401820628,-0.4644689033219148,0.0,0.0,0.0,1.0,0.0,1.0,0.0,0.0,Sydney
1.6344679181172004,-1.533009142489513,-0.819654084624036,-0.6042218516301829,0.0,1.0,0.0,0.0,0.0,0.0,0.0,1.0,Rome
0.42485601927130634,0.9097015374883606,0.9141723968120369,-0.3439359174245995,0.0,0.0,0.0,0.0,1.0,1.0,0.0,0.0,Sydney
0.8280599855532711,1.333452730243793,0.5426381507900213,-0.18965225118747236,0.0,0.0,0.0,1.0,0.0,1.0,0.0,0.0,Sydney
0.49205668031830047,0.362356246845927,-1.438877827994062,1.4821140026371267,0.0,0.0,0.0,1.0,0.0,0.0,0.0,1.0,Sydney
1.3656652739292239,-1.1177022669810184,0.41879340211601607,-0.6441980936725303,1.0,0.0,0.0,0.0,0.0,1.0,0.0,0.0,Rio de Janeiro
-1.6583644731855112,-0.17193873532396617,0.41879340211601607,-0.4556584411773246,0.0,0.0,0.0,0.0,1.0,0.0,0.0,1.0,Sydney
0.021652052989341655,-1.5713924027028674,0.9141723968120369,-0.7525272177634358,1.0,0.0,0.0,0.0,0.0,0.0,1.0,0.0,New York
-0.17994993015164068,1.6182565210268827,-0.5719645872760255,0.4384579788850215,0.0,0.0,1.0,0.0,0.0,0.0,0.0,1.0,Sydney
-0.9863578627155701,0.3155286693856346,1.5333961401820628,-0.5124455121345612,0.0,0.0,1.0,0.0,0.0,0.0,1.0,0.0,Sydney
0.7608593245062769,-1.6850068529343962,-0.6958093359500308,-0.6851197754653444,1.0,0.0,0.0,0.0,0.0,1.0,0.0,0.0,Rio de Janeiro
1.3656652739292239,-0.13585847072341303,0.5426381507900213,-0.4679165783256173,0.0,0.0,0.0,0.0,1.0,0.0,0.0,1.0,Sydney
-0.2471505911986348,0.4821120187115927,-1.0673435819720463,0.5528012073050897,0.0,0.0,0.0,1.0,0.0,0.0,1.0,0.0,Sydney
0.08885271403633577,-0.12664648827220798,0.5426381507900213,-0.46617197439371666,0.0,0.0,0.0,1.0,0.0,0.0,1.0,0.0,Sydney
0.7608593245062769,0.694755280293576,1.1618618941600474,-0.4159855304044133,1.0,0.0,0.0,0.0,0.0,1.0,0.0,0.0,New York
0.22325403613032402,-0.8850997100880907,-0.9434988332980412,-0.2683048544722629,0.0,0.0,1.0,0.0,0.0,0.0,1.0,0.0,Rio de Janeiro
-0.11274926910464658,-0.6286995318628834,-1.1911883306460516,0.08328123429195587,0.0,0.0,1.0,0.0,0.0,0.0,0.0,1.0,Rio de Janeiro
0.7608593245062769,-0.08288957162898399,-1.1911883306460516,0.42784047064374775,0.0,0.0,0.0,0.0,1.0,0.0,1.0,0.0,Londres
1.5672672570702064,0.8697829468664721,-0.9434988332980412,0.5625627057803317,1.0,0.0,0.0,0.0,0.0,0.0,0.0,1.0,Tokyo
-0.31435125224562893,-0.2901591767810977,0.2949486534420109,-0.45932279068787935,0.0,0.0,0.0,1.0,0.0,0.0,0.0,1.0,Sydney
-0.045548608057652464,-1.1906304613863918,-1.3150330793200569,-0.15824948229811087,0.0,1.0,0.0,0.0,0.0,1.0,0.0,0.0,Rome
0.42485601927130634,1.5491666526428447,0.5426381507900213,-0.1487994424488001,1.0,0.0,0.0,0.0,0.0,1.0,0.0,0.0,New York
-0.6503545574805996,1.1300214511130149,-1.1911883306460516,1.1935276625366187,0.0,0.0,0.0,0.0,1.0,0.0,0.0,1.0,New York
-0.5831538964336054,-0.7668792686309592,-0.07658559258000475,-0.5040686542491103,0.0,0.0,1.0,0.0,0.0,1.0,0.0,0.0,Rio de Janeiro
-0.8519565406215819,0.6770989805954329,-0.3242750899280151,-0.03205638435698238,0.0,1.0,0.0,0.0,0.0,1.0,0.0,0.0,Rome
0.08885271403633577,1.3457353735120665,1.038017145486042,-0.29568539675579397,0.0,1.0,0.0,0.0,0.0,0.0,1.0,0.0,Londres
-0.38155191329262306,0.7692188051074835,-1.438877827994062,1.8673806272118538,0.0,0.0,0.0,0.0,1.0,1.0,0.0,0.0,Sydney
0.7608593245062769,1.5092480620209563,-1.438877827994062,2.5681297330421122,0.0,0.0,0.0,1.0,0.0,0.0,1.0,0.0,New York
0.8952606466002652,-1.3372545154014055,-0.44811983860202037,-0.6007487911428168,0.0,1.0,0.0,0.0,0.0,1.0,0.0,0.0,Le Caire
1.7016685791641946,-1.5498977769833888,-0.819654084624036,-0.6113294968443108,0.0,0.0,0.0,1.0,0.0,0.0,1.0,0.0,Rio de Janeiro
0.42485601927130634,-1.3963647361299714,1.6572408888560681,-0.7472437087576617,0.0,0.0,0.0,1.0,0.0,1.0,0.0,0.0,Barcelone
0.3576553582243122,-1.1008136324871425,0.17110390476800566,-0.6176959590066056,0.0,0.0,0.0,0.0,1.0,0.0,0.0,1.0,Rome
1.5672672570702064,-0.2517759165677433,-1.438877827994062,0.9005794749771612,0.0,0.0,0.0,1.0,0.0,0.0,1.0,0.0,Barcelone
0.29045469717731814,1.3019784568688426,0.7903276481380317,-0.2539646934792756,0.0,0.0,0.0,0.0,1.0,1.0,0.0,0.0,Sydney
-1.3895618289975349,-0.2333519516653332,0.9141723968120369,-0.5321761544928318,0.0,0.0,0.0,1.0,0.0,0.0,1.0,0.0,Sydney
-0.5831538964336054,1.4178959027131728,-0.819654084624036,0.6376776121474255,0.0,0.0,0.0,0.0,1.0,0.0,1.0,0.0,New York
1.5672672570702064,0.3577502556203244,1.1618618941600474,-0.4670442726552914,0.0,0.0,1.0,0.0,0.0,0.0,0.0,1.0,Sydney
0.021652052989341655,-1.4808079085993509,-0.819654084624036,-0.5822527664228788,0.0,0.0,0.0,0.0,1.0,1.0,0.0,0.0,Rome
0.9624613076472592,1.0202453269028213,-0.5719645872760255,0.23254185655877704,0.0,0.0,1.0,0.0,0.0,1.0,0.0,0.0,Sydney
1.2312639518352357,0.6548366896716874,0.6664828994640265,-0.3429004747581183,0.0,0.0,1.0,0.0,0.0,0.0,1.0,0.0,Sydney
-0.4487525743396172,1.567590617545255,-0.3242750899280151,0.2273975267352448,0.0,0.0,0.0,0.0,1.0,1.0,0.0,0.0,Sydney
0.7608593245062769,-0.3738346840462103,0.7903276481380317,-0.54248517837702,0.0,1.0,0.0,0.0,0.0,0.0,0.0,1.0,Rome
0.8280599855532711,0.5220306093334812,0.9141723968120369,-0.4077783081025427,0.0,0.0,0.0,1.0,0.0,0.0,0.0,1.0,Sydney
-0.6503545574805996,-0.9449775960209237,-0.9434988332980412,-0.2966546662394118,0.0,0.0,1.0,0.0,0.0,0.0,0.0,1.0,Rio de Janeiro
-0.5831538964336054,-0.06369794152230679,0.04725915609400046,-0.3584426875868441,0.0,0.0,0.0,0.0,1.0,1.0,0.0,0.0,Sydney
-0.4487525743396172,-1.3787084364318283,-0.5719645872760255,-0.5935016380105604,0.0,0.0,0.0,1.0,0.0,0.0,1.0,0.0,Rio de Janeiro
0.29045469717731814,1.7479919405480207,-1.438877827994062,2.7942012806699235,0.0,0.0,0.0,0.0,1.0,1.0,0.0,0.0,Rome
-1.2551605069035465,-1.5038378647273636,-0.5719645872760255,-0.6365880666872972,0.0,1.0,0.0,0.0,0.0,1.0,0.0,0.0,Rome
-1.2551605069035465,-0.16042375725995986,1.5333961401820628,-0.5768297057792384,0.0,1.0,0.0,0.0,0.0,0.0,1.0,0.0,Londres
0.9624613076472592,0.13819800719993733,-0.20043034125400994,-0.235385810018638,0.0,0.0,0.0,1.0,0.0,0.0,0.0,1.0,Sydney
-0.11274926910464658,0.21957051885224863,0.04725915609400046,-0.2913844747926426,0.0,1.0,0.0,0.0,0.0,0.0,0.0,1.0,Tokyo
1.5672672570702064,-0.2978358288237686,-1.438877827994062,0.856964385402664,0.0,0.0,1.0,0.0,0.0,0.0,0.0,1.0,Sydney
-0.4487525743396172,1.3718359904571475,-0.44811983860202037,0.2543494130868558,0.0,0.0,0.0,0.0,1.0,0.0,0.0,1.0,Tokyo
1.7016685791641946,0.4383551020683687,-0.20043034125400994,-0.1541786525477041,0.0,0.0,0.0,0.0,1.0,0.0,0.0,1.0,Tokyo
0.22325403613032402,-0.0498799678454992,-0.5719645872760255,-0.13593962549871302,1.0,0.0,0.0,0.0,0.0,1.0,0.0,0.0,Rio de Janeiro
0.42485601927130634,0.415325145940356,-0.44811983860202037,-0.04756397950882911,0.0,0.0,0.0,1.0,0.0,0.0,0.0,1.0,Sydney
-1.2551605069035465,-1.0209764512433652,-0.6958093359500308,-0.43360605452536066,0.0,0.0,0.0,0.0,1.0,0.0,0.0,1.0,Barcelone
-0.11274926910464658,-1.576766059132737,0.7903276481380317,-0.7495908127493359,1.0,0.0,0.0,0.0,0.0,1.0,0.0,0.0,Rio de Janeiro
0.29045469717731814,1.341129382286464,0.17110390476800566,-0.07361899249593208,1.0,0.0,0.0,0.0,0.0,0.0,1.0,0.0,New York
-1.5911638121385172,-1.6512295839466444,0.2949486534420109,-0.7457286012504172,0.0,0.0,0.0,1.0,0.0,0.0,1.0,0.0,Bali
1.3656652739292239,0.9350344892291745,0.5426381507900213,-0.2651063712421731,0.0,0.0,0.0,0.0,1.0,0.0,1.0,0.0,New York
1.6344679181172004,-1.402506057764108,0.17110390476800566,-0.6849145216720235,0.0,0.0,0.0,1.0,0.0,1.0,0.0,0.0,Bali
0.1560533750833299,-0.9856638518470793,1.5333961401820628,-0.6884635899212187,0.0,0.0,0.0,1.0,0.0,1.0,0.0,0.0,Barcelone
0.5592573413652946,0.6310390683394077,-0.9434988332980412,0.44952691783695603,0.0,0.0,0.0,1.0,0.0,1.0,0.0,0.0,Bali
1.5000665960232122,-0.2740382074914888,-0.07658559258000475,-0.3796202425143413,1.0,0.0,0.0,0.0,0.0,0.0,0.0,1.0,Tokyo
-0.11274926910464658,-0.13355547511061178,-1.5627225766680672,1.6291935713682262,0.0,0.0,0.0,1.0,0.0,0.0,1.0,0.0,Barcelone
1.5672672570702064,0.045310517483619694,1.038017145486042,-0.5009186665660439,0.0,0.0,0.0,0.0,1.0,0.0,1.0,0.0,Londres
0.9624613076472592,0.5604138695468356,1.038017145486042,-0.4196249687840617,0.0,0.0,0.0,1.0,0.0,0.0,1.0,0.0,Sydney
-0.7847558795745877,-0.3907233185400862,1.1618618941600474,-0.5804435293628226,1.0,0.0,0.0,0.0,0.0,0.0,1.0,0.0,New York
1.29846461288223,-1.5368474685108484,0.5426381507900213,-0.7332417596354995,1.0,0.0,0.0,0.0,0.0,0.0,0.0,1.0,Tokyo
0.5592573413652946,0.38692153338247376,-0.5719645872760255,0.01446637399247192,0.0,1.0,0.0,0.0,0.0,1.0,0.0,0.0,Rome
1.0296619686942534,-1.3733347800019586,-0.20043034125400994,-0.6443292705308348,0.0,1.0,0.0,0.0,0.0,0.0,1.0,0.0,Londres
-0.7847558795745877,-1.236690373642417,1.2857066428340524,-0.7135702305377172,0.0,1.0,0.0,0.0,0.0,0.0,1.0,0.0,Londres
0.49205668031830047,0.11440038586765759,0.04725915609400046,-0.3162814264262621,1.0,0.0,0.0,0.0,0.0,1.0,0.0,0.0,Rio de Janeiro
-1.2551605069035465,1.29737246564324,0.6664828994640265,-0.2270089275773608,1.0,0.0,0.0,0.0,0.0,0.0,0.0,1.0,Tokyo
-1.6583644731855112,1.4017749334235639,0.5426381507900213,-0.17671310535920962,0.0,0.0,1.0,0.0,0.0,0.0,0.0,1.0,Sydney
-0.045548608057652464,-0.8290601501765934,-0.9434988332980412,-0.24177233833121334,0.0,0.0,0.0,1.0,0.0,0.0,0.0,1.0,Barcelone
1.3656652739292239,0.02151289615133997,-0.5719645872760255,-0.11135657110032954,1.0,0.0,0.0,0.0,0.0,1.0,0.0,0.0,Rio de Janeiro
-0.2471505911986348,-0.1642620832812953,-0.5719645872760255,-0.175325379319779,0.0,0.0,0.0,0.0,1.0,0.0,1.0,0.0,New York
-0.4487525743396172,1.2904634788048361,0.04725915609400046,-0.037871719107246675,0.0,1.0,0.0,0.0,0.0,0.0,0.0,1.0,Tokyo
1.432865934976218,-0.7269606780090707,0.6664828994640265,-0.5921296084801774,0.0,0.0,1.0,0.0,0.0,0.0,0.0,1.0,Sydney
-0.7847558795745877,1.402542598627831,-1.438877827994062,2.467088108861193,0.0,0.0,1.0,0.0,0.0,1.0,0.0,0.0,Rio de Janeiro
0.021652052989341655,-1.5967253544436812,0.5426381507900213,-0.7445816851928534,0.0,0.0,0.0,1.0,0.0,0.0,0.0,1.0,Sydney
-0.919157201668576,-1.4854138998249535,-0.20043034125400994,-0.6746521477450454,1.0,0.0,0.0,0.0,0.0,0.0,0.0,1.0,Tokyo
-1.523963151091523,0.42760778920862946,1.2857066428340524,-0.47111501464012573,0.0,0.0,0.0,1.0,0.0,0.0,0.0,1.0,Sydney
0.42485601927130634,1.5407223353959068,-1.6865673253420723,6.033346882029178,0.0,0.0,1.0,0.0,0.0,0.0,1.0,0.0,Sydney
-0.17994993015164068,1.052487265482039,-1.0673435819720463,0.8614299218376967,0.0,0.0,1.0,0.0,0.0,0.0,1.0,0.0,Sydney
1.5000665960232122,0.16506628934928538,-1.3150330793200569,0.8687405448988765,0.0,1.0,0.0,0.0,0.0,1.0,0.0,0.0,Barcelone
-1.3895618289975349,-0.16195908766849404,-0.3242750899280151,-0.2765245954119861,0.0,0.0,1.0,0.0,0.0,0.0,1.0,0.0,Sydney
-1.0535585237625642,-1.6665828880319862,0.6664828994640265,-0.7616054194111777,1.0,0.0,0.0,0.0,0.0,1.0,0.0,0.0,Rio de Janeiro
1.7016685791641946,0.9949123751620074,0.7903276481380317,-0.30683147953474865,1.0,0.0,0.0,0.0,0.0,0.0,0.0,1.0,New York
1.3656652739292239,1.3265437434053893,-0.6958093359500308,0.455560371641657,0.0,1.0,0.0,0.0,0.0,0.0,0.0,1.0,Rome
1.5672672570702064,-0.1957363566562459,0.04725915609400046,-0.3897001743093446,0.0,1.0,0.0,0.0,0.0,0.0,1.0,0.0,Londres
1.2312639518352357,-0.2464022601378737,-1.6865673253420723,2.6488167771804947,0.0,0.0,0.0,0.0,1.0,0.0,1.0,0.0,Londres
-1.7255651342325053,0.2679334267210752,0.6664828994640265,-0.4126846322002948,0.0,1.0,0.0,0.0,0.0,0.0,0.0,1.0,Tokyo
-0.919157201668576,0.6295037379308736,1.2857066428340524,-0.44170278134627583,0.0,0.0,0.0,0.0,1.0,1.0,0.0,0.0,Sydney
-1.7255651342325053,1.3442000431035324,0.41879340211601607,-0.15341346254255914,0.0,1.0,0.0,0.0,0.0,0.0,0.0,1.0,Tokyo
0.22325403613032402,1.7326386364626787,0.04725915609400046,0.06680451549833619,0.0,0.0,1.0,0.0,0.0,0.0,1.0,0.0,Sydney
0.3576553582243122,0.5066773052481395,-1.438877827994062,1.6187746166372186,1.0,0.0,0.0,0.0,0.0,1.0,0.0,0.0,New York
-1.2551605069035465,-0.21339265635438892,-0.6958093359500308,-0.12771884709314926,1.0,0.0,0.0,0.0,0.0,0.0,1.0,0.0,New York
0.29045469717731814,-1.2858209467155106,0.2949486534420109,-0.6688367987530861,0.0,0.0,0.0,1.0,0.0,0.0,1.0,0.0,Barcelone
1.5000665960232122,1.1868286762287794,1.1618618941600474,-0.34143278830233387,0.0,0.0,0.0,1.0,0.0,0.0,0.0,1.0,Sydney
-1.2551605069035465,-0.8973823533563642,0.9141723968120369,-0.6415299523867345,1.0,0.0,0.0,0.0,0.0,1.0,0.0,0.0,Rio de Janeiro
-1.523963151091523,-1.2236400651698764,0.9141723968120369,-0.6952586970166867,0.0,0.0,0.0,1.0,0.0,0.0,1.0,0.0,Bali
1.5000665960232122,-0.00765838161080937,0.5426381507900213,-0.4436375069400007,0.0,0.0,0.0,0.0,1.0,1.0,0.0,0.0,Sydney
-0.5159532353866113,0.8797625945219442,-0.3242750899280151,0.02699174713297274,1.0,0.0,0.0,0.0,0.0,0.0,1.0,0.0,New York
-0.7847558795745877,0.23185316212052204,-0.3242750899280151,-0.16178333990309596,1.0,0.0,0.0,0.0,0.0,1.0,0.0,0.0,Tokyo
1.0296619686942534,1.621327181843951,0.2949486534420109,-0.05709466417873173,0.0,0.0,0.0,1.0,0.0,0.0,0.0,1.0,Sydney
1.5000665960232122,-0.861302088755811,0.04725915609400046,-0.5472597149396229,0.0,1.0,0.0,0.0,0.0,1.0,0.0,0.0,Le Caire
-0.919157201668576,-0.9112003270331718,0.2949486534420109,-0.5900065474533013,0.0,0.0,1.0,0.0,0.0,1.0,0.0,0.0,Bali
-1.5911638121385172,-1.0685716939079248,0.7903276481380317,-0.662096281827528,0.0,0.0,0.0,0.0,1.0,1.0,0.0,0.0,Barcelone
0.42485601927130634,1.2781808355365627,1.5333961401820628,-0.3822232882145209,1.0,0.0,0.0,0.0,0.0,1.0,0.0,0.0,Rio de Janeiro
1.2312639518352357,0.18732858027303095,1.5333961401820628,-0.5297877062291758,0.0,0.0,0.0,1.0,0.0,0.0,0.0,1.0,Barcelone
1.2312639518352357,-1.638179275474104,0.6664828994640265,-0.7564823761068908,0.0,0.0,0.0,1.0,0.0,0.0,1.0,0.0,Bali
-0.8519565406215819,-0.9810578606214768,-0.6958093359500308,-0.4184861545382172,0.0,1.0,0.0,0.0,0.0,0.0,0.0,1.0,Rome
0.8952606466002652,-1.2604879949746968,-1.1911883306460516,-0.31555456249781183,0.0,0.0,1.0,0.0,0.0,0.0,0.0,1.0,Rio de Janeiro
0.42485601927130634,-1.6082403325076875,1.6572408888560681,-0.7749167370723906,0.0,0.0,1.0,0.0,0.0,0.0,1.0,0.0,Sydney
-1.523963151091523,0.668654663348495,-1.0673435819720463,0.6537389968494014,0.0,0.0,0.0,0.0,1.0,1.0,0.0,0.0,Sydney
-0.7847558795745877,0.19884355833703726,-1.3150330793200569,0.8943280653952904,0.0,0.0,0.0,0.0,1.0,0.0,0.0,1.0,Rome
-0.919157201668576,-1.6174523149588926,0.9141723968120369,-0.7601124522994289,1.0,0.0,0.0,0.0,0.0,0.0,1.0,0.0,New York
-0.5159532353866113,-0.5012671079545469,1.038017145486042,-0.5871796394733036,0.0,0.0,0.0,1.0,0.0,1.0,0.0,0.0,Sydney
0.8952606466002652,-1.4623839436969408,-0.6958093359500308,-0.6007972563062748,0.0,0.0,1.0,0.0,0.0,0.0,1.0,0.0,Bali
-0.8519565406215819,-0.8198481677253883,1.038017145486042,-0.6374581559852597,0.0,0.0,0.0,1.0,0.0,0.0,1.0,0.0,Rio de Janeiro
0.8280599855532711,0.09213809494391205,0.04725915609400046,-0.3215515840713349,1.0,0.0,0.0,0.0,0.0,0.0,1.0,0.0,New York
1.432865934976218,-1.1061872889170121,-0.819654084624036,-0.42459227258222504,0.0,0.0,0.0,1.0,0.0,0.0,0.0,1.0,Barcelone
-0.5159532353866113,-1.4232330182793194,1.2857066428340524,-0.7407457920981944,1.0,0.0,0.0,0.0,0.0,1.0,0.0,0.0,Rio de Janeiro
0.22325403613032402,0.1520159808767449,-1.0673435819720463,0.37418701181515557,0.0,0.0,1.0,0.0,0.0,1.0,0.0,0.0,Sydney
0.1560533750833299,-1.5759983939284699,0.2949486534420109,-0.7298979360303783,0.0,0.0,1.0,0.0,0.0,1.0,0.0,0.0,Bali
1.0296619686942534,-1.0079261427708248,0.7903276481380317,-0.6516550915815721,1.0,0.0,0.0,0.0,0.0,0.0,0.0,1.0,New York
-1.5911638121385172,0.3999718418550143,-0.44811983860202037,-0.05241010138034898,1.0,0.0,0.0,0.0,0.0,1.0,0.0,0.0,Rio de Janeiro
-1.1207591848095584,-0.9127356574417059,0.04725915609400046,-0.5594355963954806,0.0,0.0,0.0,1.0,0.0,0.0,0.0,1.0,Barcelone
-1.7255651342325053,-1.638946940678371,-1.6865673253420723,0.011558353556992794,0.0,0.0,1.0,0.0,0.0,0.0,0.0,1.0,Bali
-0.6503545574805996,1.1453747551983566,1.1618618941600474,-0.3477133625199817,0.0,0.0,0.0,0.0,1.0,0.0,0.0,1.0,Sydney
-0.045548608057652464,1.4386228632283842,-0.6958093359500308,0.4980123985286368,0.0,0.0,1.0,0.0,0.0,1.0,0.0,0.0,Rio de Janeiro
-1.0535585237625642,1.1960406586799843,-0.07658559258000475,-0.008407300969041034,0.0,0.0,1.0,0.0,0.0,0.0,0.0,1.0,Sydney
0.1560533750833299,1.5292073573319005,-0.44811983860202037,0.304022162269934,1.0,0.0,0.0,0.0,0.0,0.0,0.0,1.0,Tokyo
-0.4487525743396172,-1.5667864114772647,-0.07658559258000475,-0.7060550172204956,0.0,0.0,0.0,0.0,1.0,1.0,0.0,0.0,Sydney
0.6936586634592828,1.2206059452165312,0.2949486534420109,-0.1414171870854686,0.0,0.0,1.0,0.0,0.0,0.0,1.0,0.0,Sydney
-0.6503545574805996,-1.1192375973895525,0.2949486534420109,-0.6337831829087146,0.0,0.0,0.0,0.0,1.0,0.0,1.0,0.0,New York
-1.5911638121385172,1.2397975753232084,-1.3150330793200569,1.6828889243302367,0.0,0.0,1.0,0.0,0.0,0.0,0.0,1.0,Sydney
-1.523963151091523,-1.0639657026823222,-0.9434988332980412,-0.3529908306484898,0.0,0.0,1.0,0.0,0.0,1.0,0.0,0.0,Bali
-1.5911638121385172,-1.5475947813705877,-1.0673435819720463,-0.5454684040330166,1.0,0.0,0.0,0.0,0.0,1.0,0.0,0.0,Rio de Janeiro
0.29045469717731814,-1.6228259713887623,-0.5719645872760255,-0.6775598240179362,0.0,0.0,0.0,1.0,0.0,0.0,0.0,1.0,Sydney
-0.7175552185275936,-1.1599238532157083,-0.44811983860202037,-0.5447760835267628,1.0,0.0,0.0,0.0,0.0,1.0,0.0,0.0,Rio de Janeiro
-0.38155191329262306,-1.0232794468561666,1.4095513915080577,-0.688221284013539,0.0,0.0,0.0,1.0,0.0,0.0,1.0,0.0,Barcelone
-1.523963151091523,-0.6471234967652936,0.5426381507900213,-0.5647420965461004,1.0,0.0,0.0,0.0,0.0,1.0,0.0,0.0,Rio de Janeiro
-0.7847558795745877,0.07141113442870067,0.41879340211601607,-0.407146209163542,0.0,0.0,1.0,0.0,0.0,1.0,0.0,0.0,Sydney
0.22325403613032402,-1.6926835049770672,-1.1911883306460516,-0.5883912011279931,0.0,0.0,0.0,0.0,1.0,0.0,1.0,0.0,Londres
1.0296619686942534,-0.8352014718107301,0.5426381507900213,-0.6003610934890707,0.0,0.0,1.0,0.0,0.0,1.0,0.0,0.0,Bali
-1.6583644731855112,1.541490000600174,-1.5627225766680672,3.744040627387756,0.0,0.0,0.0,1.0,0.0,0.0,1.0,0.0,Rio de Janeiro
0.08885271403633577,0.7937840916440303,0.6664828994640265,-0.31783910075606675,0.0,0.0,0.0,0.0,1.0,0.0,0.0,1.0,Paris
0.6264580024122887,-0.41835926589370137,1.4095513915080577,-0.6033603015346207,0.0,0.0,1.0,0.0,0.0,0.0,0.0,1.0,Sydney
-1.0535585237625642,1.4685618061948005,-1.3150330793200569,1.8561862222377692,0.0,0.0,0.0,1.0,0.0,0.0,0.0,1.0,Barcelone
1.432865934976218,-0.18191838297943833,-1.438877827994062,0.9667290274984824,0.0,0.0,0.0,0.0,1.0,1.0,0.0,0.0,Rome
-0.9863578627155701,-0.9564925740849299,1.4095513915080577,-0.6788521146281762,1.0,0.0,0.0,0.0,0.0,0.0,0.0,1.0,New York
0.29045469717731814,-1.262023325383231,-0.07658559258000475,-0.6290986006181539,0.0,0.0,1.0,0.0,0.0,0.0,0.0,1.0,Sydney
-1.6583644731855112,1.3979366074022286,0.17110390476800566,-0.060962062121273274,0.0,0.0,1.0,0.0,0.0,0.0,0.0,1.0,Sydney
-0.17994993015164068,0.5143539572908103,1.038017145486042,-0.4268941518942241,0.0,0.0,0.0,0.0,1.0,0.0,0.0,1.0,Sydney
0.49205668031830047,-1.184489139752255,-0.5719645872760255,-0.5266251566902268,0.0,0.0,0.0,1.0,0.0,0.0,0.0,1.0,Barcelone
-0.5831538964336054,0.14664232444687528,0.04725915609400046,-0.3086487843196051,0.0,0.0,0.0,0.0,1.0,1.0,0.0,0.0,Sydney
1.29846461288223,0.2218735144650499,-0.5719645872760255,-0.0423654184338984,1.0,0.0,0.0,0.0,0.0,0.0,0.0,1.0,Tokyo
1.0968626297412476,-1.253579008136293,1.2857066428340524,-0.716030569444427,0.0,0.0,1.0,0.0,0.0,0.0,0.0,1.0,Sydney
-1.3895618289975349,-1.3549108150995486,1.038017145486042,-0.7219018331149789,0.0,0.0,0.0,0.0,1.0,1.0,0.0,0.0,Barcelone
1.3656652739292239,0.4567790669707788,1.5333961401820628,-0.49333794498839906,0.0,0.0,1.0,0.0,0.0,1.0,0.0,0.0,Sydney
1.1640632907882416,0.5742318432236432,-0.44811983860202037,0.0025933818614010925,0.0,0.0,1.0,0.0,0.0,0.0,0.0,1.0,Sydney
0.5592573413652946,-1.078551341563397,-0.3242750899280151,-0.5435831901051923,1.0,0.0,0.0,0.0,0.0,1.0,0.0,0.0,Rio de Janeiro
-0.4487525743396172,-1.5882810371967433,1.5333961401820628,-0.7699822867132695,1.0,0.0,0.0,0.0,0.0,0.0,1.0,0.0,New York
-0.9863578627155701,1.1614957244879653,0.2949486534420109,-0.15385556690121338,0.0,0.0,1.0,0.0,0.0,1.0,0.0,0.0,Sydney
-0.38155191329262306,0.511283296473742,1.6572408888560681,-0.49808618932975907,0.0,0.0,1.0,0.0,0.0,1.0,0.0,0.0,Sydney
-0.045548608057652464,0.09751175137378167,-0.07658559258000475,-0.2857993215180356,0.0,0.0,1.0,0.0,0.0,0.0,1.0,0.0,Rio de Janeiro
-0.9863578627155701,-0.49742878193321144,-0.6958093359500308,-0.23530275084782437,0.0,1.0,0.0,0.0,0.0,1.0,0.0,0.0,Barcelone
0.3576553582243122,1.4424611892497197,1.5333961401820628,-0.3600003568597453,0.0,0.0,1.0,0.0,0.0,0.0,1.0,0.0,New York
1.0968626297412476,-0.7899092247589719,0.04725915609400046,-0.5303588645605964,0.0,0.0,0.0,1.0,0.0,0.0,0.0,1.0,Barcelone
-0.38155191329262306,-0.5795689587897899,-0.3242750899280151,-0.39819953302765126,0.0,0.0,0.0,0.0,1.0,1.0,0.0,0.0,Rome
1.0296619686942534,1.724961984420008,-0.819654084624036,0.7669075251315679,0.0,0.0,1.0,0.0,0.0,0.0,0.0,1.0,Sydney
-1.7255651342325053,-1.2412963648680195,0.7903276481380317,-0.6918338489837317,0.0,0.0,0.0,1.0,0.0,0.0,1.0,0.0,Rio de Janeiro
0.42485601927130634,1.0087303488388148,-1.1911883306460516,1.1169589433473317,0.0,0.0,0.0,0.0,1.0,1.0,0.0,0.0,Sydney
1.0968626297412476,0.21957051885224863,0.7903276481380317,-0.44032011432481827,0.0,0.0,0.0,0.0,1.0,1.0,0.0,0.0,Rome
-1.6583644731855112,0.011533248495867827,-1.5627225766680672,1.8123769323158392,0.0,0.0,1.0,0.0,0.0,0.0,0.0,1.0,Sydney
0.8952606466002652,0.5327779221932205,-0.9434988332980412,0.40300414980881427,0.0,0.0,1.0,0.0,0.0,0.0,0.0,1.0,Sydney
-1.523963151091523,0.09597642096524749,0.7903276481380317,-0.46159899571214624,0.0,0.0,1.0,0.0,0.0,0.0,1.0,0.0,Sydney
-0.8519565406215819,1.1115974862106046,-0.6958093359500308,0.374145525557038,0.0,0.0,0.0,1.0,0.0,0.0,1.0,0.0,Sydney
-0.2471505911986348,0.10211774259938419,-1.438877827994062,1.2356887465412165,0.0,0.0,0.0,1.0,0.0,0.0,1.0,0.0,Barcelone
0.9624613076472592,-0.6563354792164986,1.5333961401820628,-0.643913881738047,0.0,1.0,0.0,0.0,0.0,1.0,0.0,0.0,Rome
0.5592573413652946,-1.4616162784926738,0.6664828994640265,-0.7246364312424055,0.0,0.0,0.0,0.0,1.0,0.0,0.0,1.0,Londres
1.0968626297412476,-0.08749556285458651,1.5333961401820628,-0.5669643857852958,0.0,0.0,1.0,0.0,0.0,1.0,0.0,0.0,Sydney
-0.7175552185275936,1.0716788955887162,1.038017145486042,-0.3389370362612598,0.0,0.0,1.0,0.0,0.0,0.0,1.0,0.0,Sydney
0.8952606466002652,-0.8413427934448667,1.038017145486042,-0.6408504414366688,0.0,0.0,0.0,1.0,0.0,0.0,1.0,0.0,Londres
-0.4487525743396172,1.446299515271055,1.2857066428340524,-0.32271184513085266,0.0,0.0,1.0,0.0,0.0,0.0,1.0,0.0,New York
0.3576553582243122,-0.26636155544881795,0.17110390476800566,-0.4317759141788463,0.0,0.0,0.0,1.0,0.0,0.0,1.0,0.0,Sydney
1.1640632907882416,1.4263402199601107,0.2949486534420109,-0.09812516383066879,0.0,0.0,1.0,0.0,0.0,1.0,0.0,0.0,Bali
1.6344679181172004,-0.2149279867629231,0.5426381507900213,-0.4828910954077641,0.0,0.0,0.0,0.0,1.0,0.0,0.0,1.0,Sydney
0.3576553582243122,-0.9664722217404021,-0.819654084624036,-0.3657926621744403,0.0,0.0,1.0,0.0,0.0,0.0,1.0,0.0,Bali
-0.2471505911986348,1.508480396816689,0.5426381507900213,-0.1565047764813611,0.0,0.0,0.0,1.0,0.0,1.0,0.0,0.0,Sydney
1.6344679181172004,0.18886391068156513,1.038017145486042,-0.4782630458727046,0.0,0.0,0.0,1.0,0.0,0.0,1.0,0.0,Sydney
0.29045469717731814,-1.4163240314409156,-0.6958093359500308,-0.5833512178595707,0.0,0.0,1.0,0.0,0.0,1.0,0.0,0.0,Sydney
-0.31435125224562893,1.122344799070344,0.04725915609400046,-0.0776704958062444,0.0,0.0,1.0,0.0,0.0,0.0,0.0,1.0,Sydney
1.2312639518352357,-1.2174987435357398,-1.5627225766680672,0.26064909698711886,0.0,0.0,0.0,1.0,0.0,1.0,0.0,0.0,Barcelone
0.1560533750833299,1.2935341396219044,-0.6958093359500308,0.443057377421519,0.0,0.0,1.0,0.0,0.0,0.0,0.0,1.0,Sydney
0.9624613076472592,1.2735748443109602,-0.44811983860202037,0.22333423310912884,0.0,1.0,0.0,0.0,0.0,0.0,0.0,1.0,Rome
0.42485601927130634,0.5857468212876495,0.5426381507900213,-0.33125593699340405,0.0,1.0,0.0,0.0,0.0,1.0,0.0,0.0,Rome
1.6344679181172004,-0.33161309781152043,0.04725915609400046,-0.4218663089016851,0.0,0.0,1.0,0.0,0.0,1.0,0.0,0.0,Bali
-0.045548608057652464,1.4969654187526829,-0.5719645872760255,0.3966932197995958,1.0,0.0,0.0,0.0,0.0,0.0,1.0,0.0,New York
-1.0535585237625642,-0.42066226150650265,1.1618618941600474,-0.5849794996311238,0.0,1.0,0.0,0.0,0.0,1.0,0.0,0.0,Rome
-1.4567624900445288,-1.6926835049770672,0.9141723968120369,-0.7725016687082179,0.0,0.0,0.0,0.0,1.0,0.0,1.0,0.0,New York
1.3656652739292239,-1.141499888313298,-0.6958093359500308,-0.47925652179423633,1.0,0.0,0.0,0.0,0.0,1.0,0.0,0.0,Rio de Janeiro
1.2312639518352357,0.18041959343462716,-0.6958093359500308,0.021444781626170577,1.0,0.0,0.0,0.0,0.0,0.0,0.0,1.0,New York
-0.8519565406215819,1.0210129921070883,-1.6865673253420723,5.04909994002636,1.0,0.0,0.0,0.0,0.0,1.0,0.0,0.0,Rio de Janeiro
-0.11274926910464658,1.5967618953074043,1.1618618941600474,-0.27932488770559366,0.0,0.0,0.0,1.0,0.0,0.0,1.0,0.0,Sydney
0.5592573413652946,1.0317603049668276,0.5426381507900213,-0.24678802995721685,0.0,0.0,0.0,0.0,1.0,0.0,1.0,0.0,New York
-0.2471505911986348,1.638215816337827,0.5426381507900213,-0.13193493777376106,0.0,1.0,0.0,0.0,0.0,1.0,0.0,0.0,Tokyo
1.2312639518352357,-0.8344338066064629,-0.20043034125400994,-0.49853023077483577,0.0,0.0,1.0,0.0,0.0,1.0,0.0,0.0,Rio de Janeiro
-0.31435125224562893,-0.012264372836411897,0.04725915609400046,-0.34626680613098637,0.0,0.0,1.0,0.0,0.0,0.0,0.0,1.0,Sydney
1.432865934976218,-0.6693857876890391,-1.438877827994062,0.5051359961683849,0.0,0.0,1.0,0.0,0.0,1.0,0.0,0.0,Rio de Janeiro
-0.9863578627155701,0.23876214895892584,0.7903276481380317,-0.4370159401963512,0.0,0.0,1.0,0.0,0.0,0.0,1.0,0.0,Sydney
0.6936586634592828,1.017174666085753,1.4095513915080577,-0.401977005550386,0.0,0.0,0.0,0.0,1.0,0.0,1.0,0.0,New York
1.29846461288223,1.0563255915033745,0.9141723968120369,-0.319789587485021,0.0,0.0,0.0,0.0,1.0,0.0,0.0,1.0,Sydney
0.7608593245062769,-1.1430352187218322,-1.0673435819720463,-0.32656216909535324,0.0,0.0,1.0,0.0,0.0,1.0,0.0,0.0,Rio de Janeiro
-0.17994993015164068,1.4509055064966576,0.6664828994640265,-0.19931680160824308,0.0,0.0,0.0,1.0,0.0,0.0,1.0,0.0,Sydney
-1.3895618289975349,-0.589548606445262,1.4095513915080577,-0.6273755288097462,0.0,0.0,1.0,0.0,0.0,0.0,0.0,1.0,Sydney
0.5592573413652946,-0.7530612949541516,-0.07658559258000475,-0.5005794464434625,0.0,0.0,1.0,0.0,0.0,0.0,1.0,0.0,Bali
0.6264580024122887,0.9995183663876099,-1.3150330793200569,1.500868608071654,0.0,0.0,0.0,1.0,0.0,1.0,0.0,0.0,Sydney
-0.7175552185275936,1.2236766060335995,-0.44811983860202037,0.20758433702668944,0.0,0.0,0.0,0.0,1.0,1.0,0.0,0.0,Sydney
-1.3223611679505407,-0.20341300869891676,1.4095513915080577,-0.5732066529380508,0.0,0.0,0.0,0.0,1.0,0.0,1.0,0.0,Barcelone
-1.3223611679505407,0.12591536393166392,0.7903276481380317,-0.4564444840717376,1.0,0.0,0.0,0.0,0.0,0.0,1.0,0.0,New York
-1.1207591848095584,-1.1084902845298132,-1.5627225766680672,0.39827892373082796,0.0,0.0,0.0,0.0,1.0,0.0,0.0,1.0,Barcelone
0.9624613076472592,0.38845686379100797,1.4095513915080577,-0.4901764276953531,1.0,0.0,0.0,0.0,0.0,0.0,1.0,0.0,New York
0.3576553582243122,-0.4943581211161431,0.7903276481380317,-0.5632353919037932,0.0,1.0,0.0,0.0,0.0,0.0,0.0,1.0,Rome
1.6344679181172004,1.7234266540114738,1.1618618941600474,-0.2601342442627807,0.0,0.0,0.0,0.0,1.0,1.0,0.0,0.0,Sydney
1.29846461288223,-0.0936368844887232,0.04725915609400046,-0.3655301409715971,1.0,0.0,0.0,0.0,0.0,1.0,0.0,0.0,Rio de Janeiro
1.3656652739292239,0.09981474698658294,0.41879340211601607,-0.4014838981713971,0.0,0.0,0.0,0.0,1.0,0.0,1.0,0.0,Londres
-1.1207591848095584,-0.9442099308166565,-0.819654084624036,-0.35642349348308994,0.0,0.0,0.0,0.0,1.0,0.0,1.0,0.0,Londres
0.9624613076472592,-1.6804008617087938,-1.1911883306460516,-0.5806374067797109,0.0,0.0,0.0,1.0,0.0,0.0,1.0,0.0,Londres
-0.17994993015164068,-1.0378650857372413,-0.9434988332980412,-0.34063322039101457,0.0,0.0,1.0,0.0,0.0,0.0,1.0,0.0,Rio de Janeiro
1.5000665960232122,1.2812514963536312,0.9141723968120369,-0.28274835883425403,0.0,1.0,0.0,0.0,0.0,1.0,0.0,0.0,Le Caire
-1.523963151091523,-0.6179522190031442,-0.6958093359500308,-0.28095321811670004,0.0,0.0,1.0,0.0,0.0,1.0,0.0,0.0,Bali
-1.1207591848095584,0.7116439147874519,-0.20043034125400994,-0.08024067797058781,1.0,0.0,0.0,0.0,0.0,0.0,0.0,1.0,Tokyo
-1.523963151091523,-0.5312060509209633,-0.3242750899280151,-0.3841085016493665,1.0,0.0,0.0,0.0,0.0,0.0,0.0,1.0,Tokyo
0.8280599855532711,-0.5396503681679012,-0.5719645872760255,-0.304584665349989,0.0,0.0,0.0,0.0,1.0,0.0,1.0,0.0,Londres
-0.4487525743396172,0.6225947510924698,-0.3242750899280151,-0.04793675305314461,0.0,0.0,0.0,1.0,0.0,1.0,0.0,0.0,Sydney
0.42485601927130634,1.2689688530853578,0.04725915609400046,-0.042960147178351435,0.0,0.0,1.0,0.0,0.0,1.0,0.0,0.0,Sydney
1.6344679181172004,1.166101715713568,1.5333961401820628,-0.39738472736310615,0.0,0.0,0.0,0.0,1.0,1.0,0.0,0.0,Sydney
-1.6583644731855112,-0.32547177617738376,0.6664828994640265,-0.5197146990709347,0.0,0.0,0.0,0.0,1.0,0.0,1.0,0.0,Londres
-0.9863578627155701,1.358785681984607,0.2949486534420109,-0.11234045504866282,1.0,0.0,0.0,0.0,0.0,0.0,0.0,1.0,Tokyo
-1.1879598458565523,-0.23565494727813446,1.1618618941600474,-0.5569495295116214,0.0,1.0,0.0,0.0,0.0,0.0,1.0,0.0,Londres
-0.919157201668576,-1.3027095812093865,1.1618618941600474,-0.718616162151076,0.0,0.0,0.0,1.0,0.0,0.0,0.0,1.0,Barcelone
0.08885271403633577,1.1192741382532756,-1.438877827994062,2.198855307978034,0.0,0.0,0.0,0.0,1.0,1.0,0.0,0.0,Rome
-0.17994993015164068,0.12130937270606139,1.2857066428340524,-0.5157366157209093,0.0,1.0,0.0,0.0,0.0,0.0,1.0,0.0,Londres
-1.5911638121385172,-0.9181093138715756,-1.1911883306460516,-0.09941754503944447,0.0,0.0,0.0,0.0,1.0,0.0,1.0,0.0,Londres
-1.1879598458565523,-1.4140210358281142,1.5333961401820628,-0.7464093642014281,0.0,1.0,0.0,0.0,0.0,0.0,1.0,0.0,Londres
-1.0535585237625642,-0.8636050843686123,0.17110390476800566,-0.5648447227124219,0.0,0.0,1.0,0.0,0.0,0.0,1.0,0.0,Bali
1.0968626297412476,0.27100408753814353,-0.9434988332980412,0.2790645881088427,1.0,0.0,0.0,0.0,0.0,0.0,0.0,1.0,Tokyo
1.0296619686942534,1.4754707930332043,0.2949486534420109,-0.08778677021758229,0.0,0.0,0.0,0.0,1.0,0.0,1.0,0.0,Londres
0.49205668031830047,0.1911669062943664,-0.44811983860202037,-0.11831735883301853,0.0,0.0,1.0,0.0,0.0,1.0,0.0,0.0,Sydney
0.29045469717731814,-0.5212264032654912,-0.07658559258000475,-0.4420382932598173,0.0,0.0,1.0,0.0,0.0,0.0,1.0,0.0,Sydney
-1.1879598458565523,0.8244906998147139,0.5426381507900213,-0.2860416184249802,0.0,0.0,0.0,0.0,1.0,0.0,0.0,1.0,Tokyo
-0.31435125224562893,-0.001517059976672667,0.7903276481380317,-0.4783842002847589,0.0,1.0,0.0,0.0,0.0,1.0,0.0,0.0,Rome
-0.38155191329262306,-1.1184699321852856,-0.6958093359500308,-0.4705335025708843,0.0,0.0,1.0,0.0,0.0,0.0,0.0,1.0,Sydney
0.1560533750833299,1.472400132216136,1.5333961401820628,-0.3559503833885479,0.0,1.0,0.0,0.0,0.0,0.0,0.0,1.0,Tokyo
0.29045469717731814,-0.2011100130861155,1.5333961401820628,-0.582333515881122,0.0,0.0,0.0,0.0,1.0,1.0,0.0,0.0,Rome
1.2312639518352357,1.1492130812196921,1.5333961401820628,-0.399669327782756,1.0,0.0,0.0,0.0,0.0,0.0,0.0,1.0,New York
0.29045469717731814,1.515389383655093,-0.44811983860202037,0.2996606525855662,1.0,0.0,0.0,0.0,0.0,1.0,0.0,0.0,Rio de Janeiro
1.7016685791641946,-0.69548640463412,-1.5627225766680672,0.9197215067457258,1.0,0.0,0.0,0.0,0.0,1.0,0.0,0.0,Rio de Janeiro
0.42485601927130634,0.34009395592218145,-1.0673435819720463,0.47595556505942044,0.0,0.0,0.0,1.0,0.0,0.0,0.0,1.0,Sydney
1.3656652739292239,1.6604781072615726,-0.20043034125400994,0.17646532365108578,0.0,0.0,1.0,0.0,0.0,0.0,0.0,1.0,Sydney
0.08885271403633577,1.1000825081465984,-0.819654084624036,0.5039246522088382,0.0,1.0,0.0,0.0,0.0,0.0,0.0,1.0,Tokyo
-0.045548608057652464,1.264362861859755,0.6664828994640265,-0.23296273466072112,0.0,0.0,0.0,0.0,1.0,0.0,1.0,0.0,New York
1.3656652739292239,0.7607744878605456,-1.3150330793200569,1.3200113609265445,1.0,0.0,0.0,0.0,0.0,0.0,0.0,1.0,New York
-0.7847558795745877,0.3301143082667093,-0.07658559258000475,-0.2270643234562988,1.0,0.0,0.0,0.0,0.0,0.0,1.0,0.0,New York
1.29846461288223,-0.170403404915432,-1.5627225766680672,1.5826708130323246,0.0,0.0,1.0,0.0,0.0,0.0,1.0,0.0,Bali
0.5592573413652946,1.5576109698897829,0.2949486534420109,-0.07050226839570324,0.0,1.0,0.0,0.0,0.0,0.0,0.0,1.0,Tokyo
-0.7847558795745877,-1.5291708164681774,0.7903276481380317,-0.7413964609107376,0.0,0.0,1.0,0.0,0.0,0.0,0.0,1.0,Sydney
0.22325403613032402,1.219838280012264,-1.5627225766680672,3.3379357160806147,0.0,0.0,0.0,0.0,1.0,0.0,1.0,0.0,New York
0.6264580024122887,1.6313068294994233,-0.20043034125400994,0.16857306793779808,0.0,1.0,0.0,0.0,0.0,0.0,0.0,1.0,Tokyo
0.5592573413652946,-1.008693807975092,-0.07658559258000475,-0.5651297908479455,0.0,0.0,0.0,0.0,1.0,0.0,0.0,1.0,Rome
-1.4567624900445288,-1.3610521367336852,-1.438877827994062,-0.14981726560865102,0.0,0.0,0.0,0.0,1.0,0.0,1.0,0.0,New York
-1.1207591848095584,-1.6189876453674268,1.038017145486042,-0.7635784829465763,0.0,0.0,0.0,1.0,0.0,0.0,1.0,0.0,Bali
0.5592573413652946,1.1392334335642198,-0.07658559258000475,-0.022751821947815068,0.0,0.0,1.0,0.0,0.0,0.0,1.0,0.0,Sydney
1.1640632907882416,-0.6494264923780948,-1.0673435819720463,-0.059471639560405326,0.0,1.0,0.0,0.0,0.0,0.0,1.0,0.0,Londres
-1.0535585237625642,0.7200882320343899,-0.3242750899280151,-0.019531023131840342,0.0,0.0,0.0,1.0,0.0,0.0,0.0,1.0,Sydney
0.1560533750833299,-1.3403251762184738,-1.6865673253420723,0.5771005403207978,0.0,1.0,0.0,0.0,0.0,0.0,0.0,1.0,Barcelone
0.5592573413652946,-0.6310025274756847,0.6664828994640265,-0.5748220297494788,0.0,0.0,0.0,1.0,0.0,1.0,0.0,0.0,Bali
0.22325403613032402,-1.6189876453674268,-0.819654084624036,-0.6404062272657428,1.0,0.0,0.0,0.0,0.0,0.0,1.0,0.0,New York
-1.523963151091523,-1.6113109933247558,1.4095513915080577,-0.7707130512455838,0.0,0.0,0.0,0.0,1.0,0.0,1.0,0.0,New York
-0.9863578627155701,-1.4777372477822825,-0.07658559258000475,-0.6835690113618769,0.0,0.0,0.0,1.0,0.0,1.0,0.0,0.0,Bali
0.8280599855532711,-1.2205694043528081,0.41879340211601607,-0.6647048415900283,0.0,1.0,0.0,0.0,0.0,1.0,0.0,0.0,Le Caire
-1.0535585237625642,-1.1008136324871425,-1.0673435819720463,-0.30371616734664075,0.0,1.0,0.0,0.0,0.0,1.0,0.0,0.0,Barcelone
-0.2471505911986348,0.641786381199147,0.17110390476800566,-0.2294360677839621,0.0,1.0,0.0,0.0,0.0,0.0,0.0,1.0,Tokyo
-0.9863578627155701,1.4401581936369183,-1.6865673253420723,5.842894371833655,0.0,0.0,1.0,0.0,0.0,1.0,0.0,0.0,Rio de Janeiro
-1.5911638121385172,-1.1960041178162613,-0.5719645872760255,-0.5305901654641597,0.0,0.0,0.0,1.0,0.0,0.0,1.0,0.0,Bali
1.29846461288223,-0.11820217102527002,0.6664828994640265,-0.4823303290126258,0.0,0.0,0.0,0.0,1.0,0.0,0.0,1.0,Rome
1.3656652739292239,-1.4907875562548232,0.9141723968120369,-0.7392530573254474,0.0,0.0,0.0,0.0,1.0,1.0,0.0,0.0,Rome
0.49205668031830047,0.9288931675950378,-0.07658559258000475,-0.0758653185448971,1.0,0.0,0.0,0.0,0.0,1.0,0.0,0.0,New York
-0.2471505911986348,1.5445606614172422,1.038017145486042,-0.2643067563302598,1.0,0.0,0.0,0.0,0.0,1.0,0.0,0.0,Rio de Janeiro
-0.11274926910464658,-0.04834463743696503,1.2857066428340524,-0.5404518383746768,0.0,0.0,1.0,0.0,0.0,1.0,0.0,0.0,Rio de Janeiro
0.021652052989341655,-1.6719565444618558,0.6664828994640265,-0.7625746438200968,0.0,0.0,1.0,0.0,0.0,0.0,1.0,0.0,Bali
1.1640632907882416,-1.4132533706238473,0.2949486534420109,-0.6956520071870292,0.0,0.0,1.0,0.0,0.0,1.0,0.0,0.0,Bali
1.0968626297412476,-0.5442563593935038,0.5426381507900213,-0.5452606859732103,0.0,0.0,0.0,0.0,1.0,0.0,0.0,1.0,Paris
-0.8519565406215819,1.4225018939387752,1.5333961401820628,-0.3627003391738769,0.0,0.0,0.0,0.0,1.0,0.0,1.0,0.0,New York
1.29846461288223,1.665851763691442,0.04725915609400046,0.05099404256311793,0.0,0.0,0.0,0.0,1.0,0.0,0.0,1.0,Tokyo
1.3656652739292239,0.23108549691625496,-0.9434988332980412,0.26016471359741006,0.0,0.0,1.0,0.0,0.0,0.0,0.0,1.0,Sydney
-0.919157201668576,-0.783000237920568,0.17110390476800566,-0.546885564748379,0.0,0.0,0.0,1.0,0.0,1.0,0.0,0.0,Bali
0.1560533750833299,-0.24179626891227116,0.17110390476800566,-0.4263026469898047,0.0,1.0,0.0,0.0,0.0,0.0,1.0,0.0,Londres
1.6344679181172004,-0.301674154845104,-1.6865673253420723,2.544140588370741,0.0,1.0,0.0,0.0,0.0,1.0,0.0,0.0,Le Caire
-1.7255651342325053,-1.39406174051717,0.9141723968120369,-0.7233240647998617,0.0,1.0,0.0,0.0,0.0,1.0,0.0,0.0,Barcelone
-1.7255651342325053,-0.7768589162864314,0.2949486534420109,-0.5617375024175177,0.0,0.0,0.0,1.0,0.0,0.0,1.0,0.0,Bali
1.5672672570702064,0.6225947510924698,0.9141723968120369,-0.39121721269895743,1.0,0.0,0.0,0.0,0.0,1.0,0.0,0.0,Tokyo
-0.4487525743396172,-0.4682575041710621,-0.07658559258000475,-0.428662996671501,0.0,1.0,0.0,0.0,0.0,0.0,1.0,0.0,Londres
-0.045548608057652464,0.8644092904366024,-1.6865673253420723,4.752517405065393,1.0,0.0,0.0,0.0,0.0,1.0,0.0,0.0,Rio de Janeiro
-0.5159532353866113,1.4608851541521297,0.2949486534420109,-0.0908559808214674,0.0,0.0,0.0,1.0,0.0,1.0,0.0,0.0,Sydney
0.5592573413652946,0.38154787695260417,-0.9434988332980412,0.33140270214050216,1.0,0.0,0.0,0.0,0.0,0.0,1.0,0.0,New York
-0.7847558795745877,-0.18729203940930791,-0.20043034125400994,-0.3234467685037428,0.0,0.0,0.0,1.0,0.0,1.0,0.0,0.0,Rio de Janeiro
1.0296619686942534,0.7876427700098937,1.1618618941600474,-0.4019123918796838,0.0,1.0,0.0,0.0,0.0,0.0,1.0,0.0,Londres
1.432865934976218,-1.5107468515657674,-0.20043034125400994,-0.6815059487592163,0.0,0.0,0.0,0.0,1.0,1.0,0.0,0.0,Rome
0.49205668031830047,0.8152787173635088,-1.6865673253420723,4.659471903901168,1.0,0.0,0.0,0.0,0.0,0.0,1.0,0.0,New York
-0.38155191329262306,-0.9265536311185135,0.5426381507900213,-0.617661749147085,0.0,1.0,0.0,0.0,0.0,0.0,0.0,1.0,Londres
-1.4567624900445288,-1.0916016500359373,-0.3242750899280151,-0.5473855319056818,1.0,0.0,0.0,0.0,0.0,0.0,1.0,0.0,New York
0.22325403613032402,0.47059704064758634,1.6572408888560681,-0.5034002128829498,0.0,1.0,0.0,0.0,0.0,0.0,0.0,1.0,Paris
0.1560533750833299,0.8528943123725962,0.04725915609400046,-0.14145757626902133,0.0,1.0,0.0,0.0,0.0,0.0,1.0,0.0,Londres
-1.1207591848095584,-0.9434422656123894,0.7903276481380317,-0.6405530665099227,0.0,0.0,1.0,0.0,0.0,0.0,1.0,0.0,Rio de Janeiro
1.5000665960232122,1.1522837420367604,-0.819654084624036,0.5258937374161423,0.0,0.0,0.0,0.0,1.0,0.0,1.0,0.0,New York
1.0968626297412476,-1.4838785694164194,1.4095513915080577,-0.7528362452919032,0.0,0.0,1.0,0.0,0.0,0.0,0.0,1.0,Sydney
1.7016685791641946,-1.3487694934654118,-1.6865673253420723,0.5611083448081966,1.0,0.0,0.0,0.0,0.0,1.0,0.0,0.0,Rio de Janeiro
-1.3895618289975349,-1.4600809480841397,1.6572408888560681,-0.755565670171149,1.0,0.0,0.0,0.0,0.0,0.0,1.0,0.0,New York
-0.4487525743396172,-1.6005636804650167,-0.44811983860202037,-0.6838597812393817,0.0,1.0,0.0,0.0,0.0,0.0,1.0,0.0,Londres
-0.9863578627155701,0.571928847610842,-1.6865673253420723,4.198605905947116,1.0,0.0,0.0,0.0,0.0,0.0,1.0,0.0,New York
0.6936586634592828,-1.4662222697182763,0.9141723968120369,-0.7352075989062511,0.0,0.0,0.0,1.0,0.0,1.0,0.0,0.0,Bali
-0.8519565406215819,-0.04066798539429415,0.6664828994640265,-0.46834580539822135,0.0,0.0,0.0,1.0,0.0,1.0,0.0,0.0,Sydney
1.0968626297412476,-1.4708282609438788,-0.44811983860202037,-0.6429100514250392,1.0,0.0,0.0,0.0,0.0,0.0,1.0,0.0,New York
-0.6503545574805996,-0.27557353790002304,1.4095513915080577,-0.5833296635383279,1.0,0.0,0.0,0.0,0.0,1.0,0.0,0.0,Rio de Janeiro
-0.9863578627155701,0.5504342218913635,-0.819654084624036,0.27260310796722315,0.0,0.0,0.0,0.0,1.0,0.0,0.0,1.0,New York
-1.3895618289975349,0.6118474382327306,-0.3242750899280151,-0.05106809335943012,0.0,0.0,1.0,0.0,0.0,1.0,0.0,0.0,Sydney
1.432865934976218,0.9995183663876099,-0.3242750899280151,0.06188382483158255,1.0,0.0,0.0,0.0,0.0,0.0,0.0,1.0,Tokyo
1.6344679181172004,-0.545791689802038,0.17110390476800566,-0.4940343284541953,0.0,0.0,0.0,1.0,0.0,0.0,1.0,0.0,Sydney
1.3656652739292239,-0.4168239354851672,-0.6958093359500308,-0.20477218356609223,0.0,0.0,0.0,0.0,1.0,0.0,1.0,0.0,Londres
-0.919157201668576,0.5274042657633509,1.4095513915080577,-0.4706842477097132,0.0,1.0,0.0,0.0,0.0,0.0,0.0,1.0,Londres
1.5000665960232122,1.3219377521797868,0.5426381507900213,-0.1918330061023481,0.0,1.0,0.0,0.0,0.0,1.0,0.0,0.0,Le Caire
-0.6503545574805996,-1.6366439450655699,-0.6958093359500308,-0.6668014350963052,0.0,0.0,0.0,1.0,0.0,1.0,0.0,0.0,Bali
-0.2471505911986348,-0.7668792686309592,0.6664828994640265,-0.599329561232148,0.0,0.0,1.0,0.0,0.0,1.0,0.0,0.0,Bali
-0.6503545574805996,-1.2236400651698764,0.5426381507900213,-0.6739252259508792,0.0,0.0,0.0,1.0,0.0,0.0,0.0,1.0,Barcelone
-1.3895618289975349,0.6080091122113951,1.5333961401820628,-0.4728803866851711,1.0,0.0,0.0,0.0,0.0,1.0,0.0,0.0,Rio de Janeiro
1.3656652739292239,-0.08365723683325106,1.6572408888560681,-0.5757912507207549,1.0,0.0,0.0,0.0,0.0,0.0,0.0,1.0,New York
0.08885271403633577,-1.5560390986175257,0.6664828994640265,-0.7416670887134128,0.0,1.0,0.0,0.0,0.0,0.0,1.0,0.0,Londres
-0.7175552185275936,0.29633703927895744,1.038017145486042,-0.46130161861565916,0.0,0.0,1.0,0.0,0.0,0.0,0.0,1.0,Sydney
1.6344679181172004,-1.4593132828798725,-0.5719645872760255,-0.6212566994280903,0.0,1.0,0.0,0.0,0.0,0.0,1.0,0.0,Le Caire
0.42485601927130634,0.8237230346104468,-0.3242750899280151,0.010664044107341288,0.0,1.0,0.0,0.0,0.0,0.0,0.0,1.0,Paris
0.08885271403633577,0.3669622380715295,1.2857066428340524,-0.4799498679869475,0.0,0.0,1.0,0.0,0.0,1.0,0.0,0.0,Sydney
1.5672672570702064,1.665851763691442,-0.44811983860202037,0.34715264692646036,1.0,0.0,0.0,0.0,0.0,1.0,0.0,0.0,Rio de Janeiro
0.42485601927130634,-0.33775441944565715,1.5333961401820628,-0.6008180101855616,0.0,0.0,0.0,1.0,0.0,0.0,0.0,1.0,Barcelone
1.0968626297412476,0.9511554585187834,-0.819654084624036,0.441248144411529,0.0,0.0,0.0,0.0,1.0,1.0,0.0,0.0,Rome
0.7608593245062769,0.3830832073611383,-1.438877827994062,1.5017407929456505,0.0,0.0,0.0,1.0,0.0,1.0,0.0,0.0,Sydney
0.22325403613032402,-1.1376615622919626,0.9141723968120369,-0.6810995925494993,0.0,1.0,0.0,0.0,0.0,0.0,0.0,1.0,Rome
1.1640632907882416,-1.0831573327889994,-1.1911883306460516,-0.203609156594487,1.0,0.0,0.0,0.0,0.0,0.0,1.0,0.0,Rio de Janeiro
0.08885271403633577,1.1062238297807352,-1.3150330793200569,1.5817019114580535,0.0,0.0,0.0,1.0,0.0,0.0,0.0,1.0,Barcelone
-1.2551605069035465,0.7761277919458873,0.5426381507900213,-0.2952007890674584,0.0,0.0,1.0,0.0,0.0,0.0,1.0,0.0,Sydney
1.432865934976218,-1.280447290285641,0.9141723968120369,-0.7046138196110784,0.0,0.0,1.0,0.0,0.0,1.0,0.0,0.0,Rio de Janeiro
0.021652052989341655,0.5934234733303204,0.6664828994640265,-0.35397732514576535,0.0,0.0,1.0,0.0,0.0,0.0,0.0,1.0,Sydney
-1.5911638121385172,-0.170403404915432,-0.07658559258000475,-0.3534511839719832,0.0,1.0,0.0,0.0,0.0,0.0,0.0,1.0,Barcelone
0.08885271403633577,1.5015714099782853,0.9141723968120369,-0.2464656536370863,0.0,0.0,0.0,1.0,0.0,0.0,0.0,1.0,Sydney
-0.2471505911986348,-1.1338232362706273,-0.6958093359500308,-0.47634884871978567,0.0,0.0,1.0,0.0,0.0,0.0,0.0,1.0,Sydney
0.42485601927130634,1.1177388078447414,0.6664828994640265,-0.25940871496122847,0.0,0.0,1.0,0.0,0.0,1.0,0.0,0.0,Sydney
0.6936586634592828,1.140001098768487,0.6664828994640265,-0.25539335669570634,0.0,1.0,0.0,0.0,0.0,0.0,0.0,1.0,Rome
1.3656652739292239,-0.36385503639073813,-1.438877827994062,0.7944494236792176,0.0,0.0,0.0,0.0,1.0,0.0,1.0,0.0,Londres
-1.1207591848095584,-0.7246576823962694,-0.819654084624036,-0.2640241056994281,0.0,1.0,0.0,0.0,0.0,0.0,0.0,1.0,Barcelone
-0.17994993015164068,1.4946624231398815,0.7903276481380317,-0.2207907852294662,0.0,1.0,0.0,0.0,0.0,1.0,0.0,0.0,Barcelone
0.3576553582243122,0.7876427700098937,-1.6865673253420723,4.6071338094962915,0.0,1.0,0.0,0.0,0.0,0.0,1.0,0.0,Londres
1.3656652739292239,-0.7453846429114808,-0.44811983860202037,-0.4139307929957276,1.0,0.0,0.0,0.0,0.0,0.0,1.0,0.0,Rio de Janeiro
-0.9863578627155701,-0.04757697223269794,1.5333961401820628,-0.5615644211570326,0.0,0.0,0.0,0.0,1.0,1.0,0.0,0.0,Sydney
0.6936586634592828,-1.1207729277980867,1.5333961401820628,-0.7067403932784173,1.0,0.0,0.0,0.0,0.0,1.0,0.0,0.0,Rio de Janeiro
-0.4487525743396172,-1.6888451789557317,-0.44811983860202037,-0.7117249820006206,0.0,0.0,0.0,0.0,1.0,0.0,0.0,1.0,Londres
-1.4567624900445288,0.34009395592218145,-0.6958093359500308,0.08192438157474478,1.0,0.0,0.0,0.0,0.0,1.0,0.0,0.0,Rio de Janeiro
1.432865934976218,0.16353095894075123,0.2949486534420109,-0.36385418716703344,1.0,0.0,0.0,0.0,0.0,0.0,0.0,1.0,New York
0.5592573413652946,-0.6363761839055543,1.1618618941600474,-0.6176617469488842,0.0,0.0,0.0,1.0,0.0,0.0,0.0,1.0,Barcelone
0.8952606466002652,0.7592391574520114,-0.3242750899280151,-0.008123997730371764,0.0,1.0,0.0,0.0,0.0,1.0,0.0,0.0,Rome
-0.6503545574805996,-1.5460594509620533,0.17110390476800566,-0.7168989268079858,0.0,0.0,0.0,0.0,1.0,0.0,1.0,0.0,New York
1.5000665960232122,0.2725394179466777,-1.6865673253420723,3.631609883227621,0.0,1.0,0.0,0.0,0.0,1.0,0.0,0.0,Rome
1.2312639518352357,-1.3288101981544675,-0.44811983860202037,-0.5980834241134809,1.0,0.0,0.0,0.0,0.0,0.0,0.0,1.0,Tokyo
1.7016685791641946,1.0164070008814858,-0.20043034125400994,0.002212625139286351,0.0,0.0,0.0,1.0,0.0,1.0,0.0,0.0,Sydney
-0.919157201668576,0.44910241492810793,-0.9434988332980412,0.3633871051598498,0.0,0.0,0.0,1.0,0.0,1.0,0.0,0.0,Sydney
1.1640632907882416,-1.6067050020991533,0.17110390476800566,-0.7304110551809323,0.0,0.0,1.0,0.0,0.0,1.0,0.0,0.0,Bali
-1.2551605069035465,-0.2586849034061471,-1.438877827994062,0.8940372115409869,0.0,0.0,0.0,1.0,0.0,0.0,0.0,1.0,Barcelone
-0.9863578627155701,-0.36308737118647105,1.4095513915080577,-0.5956065061812171,0.0,0.0,1.0,0.0,0.0,0.0,0.0,1.0,Sydney
-1.1207591848095584,0.6149180990497989,1.6572408888560681,-0.48455046895842435,1.0,0.0,0.0,0.0,0.0,1.0,0.0,0.0,Rio de Janeiro
-0.31435125224562893,-1.6711888792575889,0.9141723968120369,-0.7689618925914211,0.0,1.0,0.0,0.0,0.0,1.0,0.0,0.0,Le Caire
1.29846461288223,-1.2305490520082802,1.1618618941600474,-0.7076833107351704,0.0,0.0,0.0,1.0,0.0,1.0,0.0,0.0,Rio de Janeiro
-0.17994993015164068,0.852126647168329,-1.438877827994062,1.9458877884459491,0.0,0.0,0.0,0.0,1.0,1.0,0.0,0.0,Sydney
-0.17994993015164068,-1.1192375973895525,1.038017145486042,-0.684707846201315,0.0,0.0,1.0,0.0,0.0,1.0,0.0,0.0,Rio de Janeiro
0.9624613076472592,-1.6796331965045268,0.7903276481380317,-0.7673011860779194,1.0,0.0,0.0,0.0,0.0,1.0,0.0,0.0,Rio de Janeiro
-0.5159532353866113,-1.322668876520331,0.6664828994640265,-0.699575057240354,0.0,0.0,0.0,1.0,0.0,0.0,1.0,0.0,Bali
0.42485601927130634,-0.26098789901894837,-0.44811983860202037,-0.26103564794927725,0.0,0.0,0.0,0.0,1.0,1.0,0.0,0.0,Rome
-1.2551605069035465,0.9465494672931808,1.1618618941600474,-0.3778368573787002,1.0,0.0,0.0,0.0,0.0,1.0,0.0,0.0,Rio de Janeiro
1.432865934976218,1.7203559931944055,0.6664828994640265,-0.15071712053244157,0.0,1.0,0.0,0.0,0.0,1.0,0.0,0.0,Le Caire
-0.5831538964336054,1.602903216941541,1.5333961401820628,-0.33829665287307187,0.0,0.0,1.0,0.0,0.0,1.0,0.0,0.0,Sydney
-0.6503545574805996,-1.6573709055807813,1.6572408888560681,-0.7813336711743566,0.0,0.0,0.0,0.0,1.0,0.0,1.0,0.0,Londres
-1.523963151091523,-0.7246576823962694,-0.3242750899280151,-0.4404726271625055,0.0,0.0,0.0,1.0,0.0,0.0,1.0,0.0,Bali
0.42485601927130634,0.3232053214283055,1.6572408888560681,-0.5226510151888482,0.0,0.0,0.0,0.0,1.0,1.0,0.0,0.0,Rome
0.42485601927130634,-1.2666293166088334,1.4095513915080577,-0.7223595218889414,0.0,0.0,1.0,0.0,0.0,0.0,0.0,1.0,Sydney
1.5672672570702064,-0.3707640232291419,1.4095513915080577,-0.5966834222025232,0.0,1.0,0.0,0.0,0.0,0.0,1.0,0.0,Londres
-1.3895618289975349,-0.43294490477477604,1.2857066428340524,-0.5964804652956608,0.0,0.0,0.0,0.0,1.0,0.0,0.0,1.0,Sydney
-0.5159532353866113,0.11900637709326013,-0.44811983860202037,-0.14109413162916165,1.0,0.0,0.0,0.0,0.0,1.0,0.0,0.0,Rio de Janeiro
1.5672672570702064,-0.01456736844921316,-0.819654084624036,0.03482006807640119,0.0,0.0,1.0,0.0,0.0,1.0,0.0,0.0,Rio de Janeiro
0.021652052989341655,-0.3392897498541913,-1.0673435819720463,0.10834262783013744,1.0,0.0,0.0,0.0,0.0,0.0,1.0,0.0,New York
0.1560533750833299,-0.052182963458300466,0.41879340211601607,-0.4317849137509837,0.0,1.0,0.0,0.0,0.0,0.0,1.0,0.0,Londres
-0.38155191329262306,0.4053454982848839,0.41879340211601607,-0.34057579614778355,1.0,0.0,0.0,0.0,0.0,0.0,1.0,0.0,New York
1.3656652739292239,0.6970582759063773,-0.5719645872760255,0.12125727697039601,1.0,0.0,0.0,0.0,0.0,0.0,0.0,1.0,Tokyo
1.0296619686942534,-0.3646227015950052,0.5426381507900213,-0.5112409093011488,0.0,0.0,0.0,0.0,1.0,0.0,1.0,0.0,Londres
0.08885271403633577,-0.8597667583472769,1.1618618941600474,-0.6515070635662088,0.0,0.0,0.0,1.0,0.0,0.0,1.0,0.0,Rio de Janeiro
-0.045548608057652464,-0.06830393274790932,0.2949486534420109,-0.4126384820287855,0.0,1.0,0.0,0.0,0.0,0.0,0.0,1.0,Paris
1.2312639518352357,-0.6970217350426543,-0.5719645872760255,-0.3587731185937375,0.0,0.0,1.0,0.0,0.0,1.0,0.0,0.0,Bali
-1.1879598458565523,0.0007859356361285965,-1.438877827994062,1.1397355494773223,0.0,0.0,0.0,0.0,1.0,0.0,1.0,0.0,New York
0.29045469717731814,-0.35617838434806726,-0.20043034125400994,-0.36913877526488215,0.0,0.0,0.0,0.0,1.0,0.0,0.0,1.0,Paris
-1.4567624900445288,-0.45367186528998743,-0.6958093359500308,-0.2187290143234555,0.0,0.0,0.0,1.0,0.0,0.0,0.0,1.0,Barcelone
1.5672672570702064,-1.2942652639624486,0.2949486534420109,-0.6706137101553352,0.0,0.0,0.0,0.0,1.0,0.0,0.0,1.0,Barcelone
0.8280599855532711,0.12438003352312973,-0.9434988332980412,0.20964389519184998,0.0,0.0,0.0,1.0,0.0,1.0,0.0,0.0,Rio de Janeiro
-0.4487525743396172,-0.5427210289849697,0.17110390476800566,-0.49335017005556514,0.0,0.0,0.0,0.0,1.0,0.0,0.0,1.0,Sydney
-0.8519565406215819,-0.7722529250608289,1.6572408888560681,-0.6657285927436235,0.0,0.0,0.0,1.0,0.0,0.0,1.0,0.0,Rio de Janeiro
-0.5159532353866113,1.5468636570300436,0.04725915609400046,0.0228259585980739,0.0,0.0,1.0,0.0,0.0,1.0,0.0,0.0,Sydney
-0.045548608057652464,-0.020708690083349864,0.6664828994640265,-0.46474582902223605,1.0,0.0,0.0,0.0,0.0,0.0,1.0,0.0,New York
-0.11274926910464658,0.44219342808970413,0.41879340211601607,-0.3332300954012171,0.0,1.0,0.0,0.0,0.0,0.0,0.0,1.0,Tokyo
-0.5831538964336054,1.0064273532260137,1.038017145486042,-0.3492350456673231,0.0,0.0,1.0,0.0,0.0,0.0,1.0,0.0,Sydney
0.29045469717731814,1.2405652405274754,-0.3242750899280151,0.13211531455827172,0.0,1.0,0.0,0.0,0.0,0.0,1.0,0.0,Tokyo
-0.38155191329262306,-1.0655010330908565,0.9141723968120369,-0.6692160584431098,0.0,0.0,0.0,0.0,1.0,1.0,0.0,0.0,Rome
0.08885271403633577,0.3692652336843308,0.41879340211601607,-0.34776846146212986,0.0,0.0,0.0,0.0,1.0,0.0,0.0,1.0,Tokyo
1.5000665960232122,1.1284861207044807,1.038017145486042,-0.329971710425393,0.0,1.0,0.0,0.0,0.0,0.0,1.0,0.0,Londres
0.8952606466002652,1.1346274423386173,0.9141723968120369,-0.3068946887738325,0.0,0.0,1.0,0.0,0.0,0.0,0.0,1.0,Sydney
-0.919157201668576,1.5714289435665902,-1.6865673253420723,6.091500320256819,0.0,0.0,1.0,0.0,0.0,0.0,0.0,1.0,Sydney
-1.3223611679505407,-0.3554107191438002,0.7903276481380317,-0.5393131712136916,0.0,0.0,1.0,0.0,0.0,0.0,0.0,1.0,Sydney
0.3576553582243122,0.14894532005967656,-0.5719645872760255,-0.06747714066880633,0.0,0.0,0.0,0.0,1.0,0.0,0.0,1.0,Londres
1.1640632907882416,1.1461424204026236,-0.20043034125400994,0.03731239396943432,1.0,0.0,0.0,0.0,0.0,0.0,1.0,0.0,New York
-0.5831538964336054,-1.4708282609438788,-1.0673435819720463,-0.5039302190353575,1.0,0.0,0.0,0.0,0.0,0.0,0.0,1.0,Tokyo
-0.7847558795745877,-0.19496869145197882,1.1618618941600474,-0.5507852622239299,0.0,0.0,1.0,0.0,0.0,1.0,0.0,0.0,Sydney
1.432865934976218,-0.738475656073077,0.9141723968120369,-0.6153608932375578,0.0,0.0,0.0,1.0,0.0,1.0,0.0,0.0,Barcelone
0.42485601927130634,-1.115399271368217,-1.438877827994062,0.0827965454553351,1.0,0.0,0.0,0.0,0.0,0.0,0.0,1.0,New York
-1.4567624900445288,0.8137433869549746,0.6664828994640265,-0.31423912438008145,0.0,1.0,0.0,0.0,0.0,0.0,0.0,1.0,Tokyo
-0.5831538964336054,0.9964477055705415,-0.5719645872760255,0.2243475050926493,0.0,1.0,0.0,0.0,0.0,1.0,0.0,0.0,Le Caire
-0.7847558795745877,0.3945981854251447,-1.0673435819720463,0.5054476764077583,0.0,0.0,0.0,0.0,1.0,1.0,0.0,0.0,Rome
0.3576553582243122,1.4831474450758753,1.2857066428340524,-0.3173438329707584,0.0,0.0,1.0,0.0,0.0,0.0,0.0,1.0,Sydney
-0.5159532353866113,-1.0846926631975335,1.4095513915080577,-0.6968366121839875,0.0,0.0,0.0,1.0,0.0,1.0,0.0,0.0,Rio de Janeiro
-0.17994993015164068,-1.4669899349225435,-0.20043034125400994,-0.6696675651892848,0.0,0.0,0.0,0.0,1.0,0.0,0.0,1.0,Barcelone
0.1560533750833299,-0.9442099308166565,-0.20043034125400994,-0.5282300351695762,0.0,0.0,0.0,1.0,0.0,1.0,0.0,0.0,Barcelone
-1.3895618289975349,0.7369768665282659,-1.3150330793200569,1.3019837896677073,0.0,0.0,0.0,1.0,0.0,1.0,0.0,0.0,Sydney
1.1640632907882416,-0.8137068460912517,-1.0673435819720463,-0.14836335545539572,0.0,0.0,1.0,0.0,0.0,0.0,0.0,1.0,Sydney
1.5000665960232122,1.3879569597467563,1.1618618941600474,-0.31096037265374593,0.0,0.0,0.0,0.0,1.0,1.0,0.0,0.0,Sydney
0.3576553582243122,-0.2648262250402838,-0.44811983860202037,-0.26224717841715717,0.0,0.0,0.0,1.0,0.0,0.0,0.0,1.0,Sydney
0.9624613076472592,-0.5488623506191063,-0.44811983860202037,-0.3519004330402739,1.0,0.0,0.0,0.0,0.0,0.0,1.0,0.0,New York
-0.919157201668576,0.1397333376084715,0.2949486534420109,-0.36886184657337223,0.0,0.0,0.0,1.0,0.0,1.0,0.0,0.0,Sydney
-0.9863578627155701,-0.19727168706478007,0.9141723968120369,-0.5262343874396372,0.0,0.0,0.0,1.0,0.0,1.0,0.0,0.0,Sydney
-1.6583644731855112,1.0409722874180327,0.5426381507900213,-0.24504342602531626,0.0,0.0,1.0,0.0,0.0,0.0,1.0,0.0,Sydney
-1.1207591848095584,1.4608851541521297,0.2949486534420109,-0.0908559808214674,1.0,0.0,0.0,0.0,0.0,1.0,0.0,0.0,Rio de Janeiro
-0.4487525743396172,0.19193457149863347,0.2949486534420109,-0.3578773033594678,0.0,0.0,0.0,0.0,1.0,0.0,0.0,1.0,Paris
-0.5159532353866113,-0.045273976619896676,1.2857066428340524,-0.5400045040280022,0.0,0.0,0.0,1.0,0.0,0.0,0.0,1.0,Barcelone
-1.4567624900445288,-0.32623944138165084,0.17110390476800566,-0.44511700295213535,0.0,0.0,1.0,0.0,0.0,0.0,1.0,0.0,Sydney
0.5592573413652946,-1.3050125768221879,1.6572408888560681,-0.7353122219118184,0.0,0.0,0.0,1.0,0.0,1.0,0.0,0.0,Rio de Janeiro
0.8280599855532711,1.5814085912220626,-0.3242750899280151,0.2314235357004689,0.0,0.0,1.0,0.0,0.0,1.0,0.0,0.0,Rio de Janeiro
0.5592573413652946,-0.564215654704448,-0.3242750899280151,-0.3937261897329577,0.0,0.0,1.0,0.0,0.0,1.0,0.0,0.0,Rio de Janeiro
0.49205668031830047,0.44526408890677244,1.2857066428340524,-0.4685428421467472,0.0,0.0,0.0,0.0,1.0,0.0,0.0,1.0,Londres
-1.3895618289975349,-0.32854243699445207,-0.3242750899280151,-0.32506037015941136,0.0,1.0,0.0,0.0,0.0,0.0,1.0,0.0,Londres
-0.9863578627155701,1.1799196893903756,-0.9434988332980412,0.7094001923691544,0.0,0.0,0.0,0.0,1.0,0.0,0.0,1.0,New York
-0.4487525743396172,1.062466913137511,1.6572408888560681,-0.42609620987332686,0.0,0.0,1.0,0.0,0.0,1.0,0.0,0.0,Sydney
-0.11274926910464658,1.0064273532260137,-1.5627225766680672,3.068491407385184,1.0,0.0,0.0,0.0,0.0,0.0,0.0,1.0,Tokyo
0.22325403613032402,0.5665551911809723,-1.5627225766680672,2.513125979750358,0.0,0.0,0.0,0.0,1.0,0.0,0.0,1.0,Paris
0.6264580024122887,0.1504806504682107,0.2949486534420109,-0.36660032297050954,0.0,0.0,0.0,0.0,1.0,0.0,1.0,0.0,New York
-0.17994993015164068,0.6295037379308736,1.5333961401820628,-0.46997271342379854,1.0,0.0,0.0,0.0,0.0,0.0,1.0,0.0,New York
1.2312639518352357,1.2367269145061401,-1.6865673253420723,5.457627843575536,1.0,0.0,0.0,0.0,0.0,1.0,0.0,0.0,Rio de Janeiro
-0.2471505911986348,1.2919988092133703,-0.44811983860202037,0.22914957935495275,1.0,0.0,0.0,0.0,0.0,0.0,0.0,1.0,Tokyo
0.1560533750833299,0.11056205984632216,1.1618618941600474,-0.5044951041012659,0.0,1.0,0.0,0.0,0.0,1.0,0.0,0.0,Barcelone
0.42485601927130634,-0.6993247306554555,-0.819654084624036,-0.2533626378782364,1.0,0.0,0.0,0.0,0.0,1.0,0.0,0.0,Rio de Janeiro
1.7016685791641946,-1.4969288778889598,0.7903276481380317,-0.7358454483749131,0.0,1.0,0.0,0.0,0.0,0.0,1.0,0.0,Le Caire
-0.31435125224562893,0.8774595989091429,0.9141723968120369,-0.34924558159979485,0.0,0.0,1.0,0.0,0.0,1.0,0.0,0.0,Sydney
-0.2471505911986348,-0.16579741368982948,-1.3150330793200569,0.6180991509453648,0.0,0.0,1.0,0.0,0.0,0.0,0.0,1.0,Sydney
-1.1879598458565523,-0.5734276371556531,-1.438877827994062,0.5960007661152545,0.0,0.0,1.0,0.0,0.0,1.0,0.0,0.0,Rio de Janeiro
-0.11274926910464658,0.43451677604703326,1.2857066428340524,-0.47010851236010803,0.0,0.0,1.0,0.0,0.0,1.0,0.0,0.0,Sydney
0.021652052989341655,1.3856539641339551,-1.5627225766680672,3.547288128592172,0.0,0.0,1.0,0.0,0.0,0.0,0.0,1.0,Sydney
0.29045469717731814,-1.1860244701607892,0.2949486534420109,-0.647836936726504,1.0,0.0,0.0,0.0,0.0,0.0,0.0,1.0,Tokyo
-0.9863578627155701,-0.9534219132678616,-0.6958093359500308,-0.40801853147019473,0.0,0.0,0.0,1.0,0.0,0.0,1.0,0.0,Rio de Janeiro
0.021652052989341655,1.6481954639932992,-0.07658559258000475,0.10576733222687641,0.0,1.0,0.0,0.0,0.0,0.0,0.0,1.0,Tokyo
1.432865934976218,1.068608234771648,1.2857066428340524,-0.377733969771819,0.0,0.0,1.0,0.0,0.0,1.0,0.0,0.0,Sydney
0.8280599855532711,-0.06369794152230679,0.5426381507900213,-0.454250514192396,0.0,0.0,0.0,1.0,0.0,1.0,0.0,0.0,Sydney
-0.7847558795745877,0.32474065183683964,1.1618618941600474,-0.4720454706434184,0.0,0.0,0.0,0.0,1.0,1.0,0.0,0.0,Sydney
-0.2471505911986348,-1.6143816541418243,0.41879340211601607,-0.7432120183189572,0.0,0.0,1.0,0.0,0.0,0.0,1.0,0.0,Bali
-0.919157201668576,0.5826761604705812,-1.0673435819720463,0.6072162296520232,0.0,0.0,0.0,1.0,0.0,1.0,0.0,0.0,Sydney
0.7608593245062769,0.7699864703117506,1.1618618941600474,-0.40458745126868195,1.0,0.0,0.0,0.0,0.0,1.0,0.0,0.0,New York
0.1560533750833299,-0.12204049704660545,1.038017145486042,-0.5273300318663005,0.0,0.0,0.0,1.0,0.0,0.0,0.0,1.0,Sydney
-1.2551605069035465,-1.437050991956127,0.04725915609400046,-0.6835568954156421,0.0,1.0,0.0,0.0,0.0,0.0,1.0,0.0,Londres
0.3576553582243122,-1.1913981265906588,-1.6865673253420723,0.8591447157248548,0.0,0.0,0.0,1.0,0.0,1.0,0.0,0.0,Barcelone
0.8952606466002652,0.24260047498026127,-0.20043034125400994,-0.20713984220266093,0.0,0.0,0.0,1.0,0.0,0.0,0.0,1.0,Sydney
1.0296619686942534,-1.6335732842485013,1.6572408888560681,-0.7782254687187168,0.0,0.0,0.0,0.0,1.0,0.0,1.0,0.0,Londres
-0.38155191329262306,-0.9181093138715756,-0.6958093359500308,-0.39464323532772155,0.0,0.0,0.0,1.0,0.0,1.0,0.0,0.0,Barcelone
1.1640632907882416,-1.210589756697336,-1.438877827994062,-0.007341306331959489,1.0,0.0,0.0,0.0,0.0,0.0,0.0,1.0,New York
0.6264580024122887,0.983397397098001,1.2857066428340524,-0.39014749789203707,0.0,0.0,0.0,0.0,1.0,0.0,0.0,1.0,New York
1.1640632907882416,0.948084797701715,0.17110390476800566,-0.1611912675205988,0.0,0.0,0.0,0.0,1.0,0.0,0.0,1.0,Tokyo
-0.5831538964336054,1.2221412756250654,-1.1911883306460516,1.2516811201487357,0.0,0.0,0.0,0.0,1.0,1.0,0.0,0.0,Sydney
-0.38155191329262306,-0.44599521324731656,0.04725915609400046,-0.4489440154229209,0.0,0.0,1.0,0.0,0.0,0.0,1.0,0.0,Bali
-0.2471505911986348,0.8006930784824341,0.9141723968120369,-0.36188763915978356,1.0,0.0,0.0,0.0,0.0,0.0,0.0,1.0,Tokyo
0.08885271403633577,-1.3464664978526106,-0.9434988332980412,-0.4867437887293974,0.0,0.0,1.0,0.0,0.0,0.0,1.0,0.0,Rio de Janeiro
-0.2471505911986348,1.375674316478483,-0.819654084624036,0.6199084991121059,0.0,1.0,0.0,0.0,0.0,0.0,1.0,0.0,Tokyo
-0.11274926910464658,-0.35694604955233433,1.038017145486042,-0.5644028657281283,1.0,0.0,0.0,0.0,0.0,1.0,0.0,0.0,Rio de Janeiro
0.6264580024122887,-0.6716887833018403,-0.44811983860202037,-0.39066940801243244,0.0,0.0,1.0,0.0,0.0,0.0,0.0,1.0,Sydney
0.021652052989341655,0.5204952789249471,-1.438877827994062,1.6318591435095677,1.0,0.0,0.0,0.0,0.0,0.0,0.0,1.0,New York
-0.2471505911986348,-0.5764982979727215,0.17110390476800566,-0.5008759124404973,0.0,0.0,0.0,1.0,0.0,1.0,0.0,0.0,Bali
-0.5159532353866113,1.663548768078641,0.2949486534420109,-0.04821010716748541,1.0,0.0,0.0,0.0,0.0,0.0,1.0,0.0,New York
-0.6503545574805996,-1.4953935474804256,-0.9434988332980412,-0.5572548590220497,0.0,0.0,0.0,0.0,1.0,0.0,0.0,1.0,Rome
-1.1207591848095584,0.30324602611736123,-0.3242750899280151,-0.14098229358277087,0.0,0.0,0.0,1.0,0.0,1.0,0.0,0.0,Sydney
0.5592573413652946,1.4501378412923904,-0.20043034125400994,0.119558006139485,1.0,0.0,0.0,0.0,0.0,0.0,1.0,0.0,New York
-0.6503545574805996,1.663548768078641,1.2857066428340524,-0.29106294010363015,0.0,0.0,0.0,1.0,0.0,1.0,0.0,0.0,Sydney
-0.31435125224562893,1.71651766717307,0.7903276481380317,-0.1825945323043869,1.0,0.0,0.0,0.0,0.0,0.0,0.0,1.0,Tokyo
-0.919157201668576,-1.0225117816518996,-0.3242750899280151,-0.5272554870795608,1.0,0.0,0.0,0.0,0.0,1.0,0.0,0.0,Rio de Janeiro
0.42485601927130634,0.6525336940588862,1.2857066428340524,-0.43834777374621686,1.0,0.0,0.0,0.0,0.0,1.0,0.0,0.0,Tokyo
-1.4567624900445288,1.43708753281985,0.41879340211601607,-0.13489617524392292,1.0,0.0,0.0,0.0,0.0,1.0,0.0,0.0,Rio de Janeiro
-1.3895618289975349,-1.3134568940691258,0.41879340211601607,-0.6832221288886645,0.0,0.0,0.0,0.0,1.0,1.0,0.0,0.0,Barcelone
-1.3895618289975349,-0.2886238463725635,0.17110390476800566,-0.43673606256891534,1.0,0.0,0.0,0.0,0.0,1.0,0.0,0.0,Rio de Janeiro
1.432865934976218,1.3265437434053893,0.17110390476800566,-0.0768687448894257,1.0,0.0,0.0,0.0,0.0,0.0,0.0,1.0,Tokyo
-0.11274926910464658,0.25027712702293214,-1.6865673253420723,3.589448640512581,0.0,0.0,0.0,1.0,0.0,1.0,0.0,0.0,Sydney
0.22325403613032402,0.3792448813398029,-1.1911883306460516,0.7195769829978672,1.0,0.0,0.0,0.0,0.0,0.0,0.0,1.0,New York
-1.5911638121385172,0.8206523737933784,1.038017145486042,-0.3785540842116446,0.0,0.0,0.0,1.0,0.0,0.0,0.0,1.0,Sydney
-0.8519565406215819,0.904327881058491,-1.6865673253420723,4.828116874761326,0.0,0.0,0.0,0.0,1.0,0.0,0.0,1.0,Tokyo
0.8280599855532711,1.6988613674749269,-1.0673435819720463,1.2111814395179863,0.0,0.0,0.0,1.0,0.0,1.0,0.0,0.0,Bali
1.6344679181172004,0.6225947510924698,-0.20043034125400994,-0.10433282699009755,1.0,0.0,0.0,0.0,0.0,0.0,1.0,0.0,New York
1.2312639518352357,0.6479277028332836,0.04725915609400046,-0.18997937251848424,0.0,0.0,1.0,0.0,0.0,0.0,0.0,1.0,Sydney
1.5000665960232122,0.8536619775768632,-1.1911883306460516,1.0190672897002686,0.0,0.0,0.0,0.0,1.0,0.0,1.0,0.0,New York
-0.7847558795745877,1.1092944905978035,1.2857066428340524,-0.3718067896783816,0.0,0.0,0.0,1.0,0.0,0.0,0.0,1.0,Sydney
1.6344679181172004,0.48441501432439393,0.9141723968120369,-0.41397291630693717,0.0,0.0,0.0,1.0,0.0,0.0,0.0,1.0,Sydney
-0.6503545574805996,-0.39763230537849,-1.0673435819720463,0.0767736072319165,1.0,0.0,0.0,0.0,0.0,0.0,0.0,1.0,Tokyo
-0.7847558795745877,-0.2348872820738674,0.2949486534420109,-0.447692097873157,0.0,0.0,0.0,0.0,1.0,1.0,0.0,0.0,Barcelone
0.1560533750833299,-1.6604415663978496,1.5333961401820628,-0.7797437612335916,0.0,0.0,0.0,1.0,0.0,0.0,0.0,1.0,Barcelone
-1.7255651342325053,0.5251012701505496,0.41879340211601607,-0.31670226872144264,0.0,0.0,1.0,0.0,0.0,1.0,0.0,0.0,Bali
0.8952606466002652,0.03072487860254502,-0.3242750899280151,-0.2203841370635818,0.0,0.0,1.0,0.0,0.0,0.0,1.0,0.0,Sydney
-0.5159532353866113,1.0655375739545794,1.4095513915080577,-0.39519243461615783,1.0,0.0,0.0,0.0,0.0,0.0,1.0,0.0,New York
-1.523963151091523,0.4644557190134497,-1.0673435819720463,0.543247424755628,0.0,0.0,1.0,0.0,0.0,0.0,1.0,0.0,Sydney
0.08885271403633577,0.7937840916440303,0.04725915609400046,-0.1554507534645594,0.0,0.0,0.0,0.0,1.0,0.0,1.0,0.0,Londres
-0.6503545574805996,1.2528478837957489,1.4095513915080577,-0.3689156836962898,0.0,1.0,0.0,0.0,0.0,0.0,0.0,1.0,Tokyo
0.9624613076472592,-1.384082092861698,0.2949486534420109,-0.689513585979259,0.0,0.0,0.0,0.0,1.0,0.0,0.0,1.0,Paris
-1.523963151091523,0.36542690766299535,1.2857066428340524,-0.48017353516028477,1.0,0.0,0.0,0.0,0.0,0.0,1.0,0.0,New York
1.29846461288223,0.5872821516961837,0.9141723968120369,-0.3970325591765523,0.0,1.0,0.0,0.0,0.0,0.0,0.0,1.0,Rome
-1.1879598458565523,1.4670264757862663,-0.9434988332980412,0.8453339052013809,0.0,0.0,0.0,1.0,0.0,1.0,0.0,0.0,Barcelone
0.6264580024122887,0.08829976892257661,1.2857066428340524,-0.5205454599476604,0.0,1.0,0.0,0.0,0.0,0.0,1.0,0.0,Londres
-1.523963151091523,0.5066773052481395,0.9141723968120369,-0.41030671961454046,0.0,0.0,1.0,0.0,0.0,0.0,1.0,0.0,Sydney
-1.6583644731855112,0.6763313153911659,-1.3150330793200569,1.2560425596855092,0.0,1.0,0.0,0.0,0.0,1.0,0.0,0.0,Rome
1.1640632907882416,-0.26866455106161924,-1.5627225766680672,1.458610124136587,0.0,0.0,0.0,0.0,1.0,0.0,0.0,1.0,Rome
-0.11274926910464658,1.3111904393200475,-0.819654084624036,0.592770217385436,0.0,0.0,1.0,0.0,0.0,1.0,0.0,0.0,Rio de Janeiro
-1.1207591848095584,1.2428682361402767,0.9141723968120369,-0.28906938761424844,0.0,0.0,0.0,1.0,0.0,1.0,0.0,0.0,Sydney
-0.38155191329262306,-1.1292172450450246,-0.6958093359500308,-0.47460424487511527,0.0,0.0,0.0,1.0,0.0,0.0,0.0,1.0,Barcelone
1.432865934976218,-0.02147635528761695,1.1618618941600474,-0.5244998960537739,0.0,0.0,0.0,0.0,1.0,0.0,0.0,1.0,Sydney
-1.5911638121385172,-1.0977429716700742,0.17110390476800566,-0.6170118006079753,0.0,0.0,1.0,0.0,0.0,1.0,0.0,0.0,Bali
-0.5159532353866113,-0.2725028770829547,0.04725915609400046,-0.40787313170614714,0.0,0.0,1.0,0.0,0.0,0.0,1.0,0.0,Sydney
-1.523963151091523,0.19193457149863347,-1.3150330793200569,0.8890942543846605,1.0,0.0,0.0,0.0,0.0,0.0,0.0,1.0,New York
0.7608593245062769,-0.40070296619555834,0.5426381507900213,-0.5180739413677594,0.0,1.0,0.0,0.0,0.0,0.0,0.0,1.0,Paris
-0.7847558795745877,1.0509519350735048,-1.6865673253420723,5.10579954229831,0.0,0.0,0.0,0.0,1.0,1.0,0.0,0.0,Sydney
-0.31435125224562893,1.3296144042224576,0.2949486534420109,-0.11847887625643294,0.0,0.0,0.0,1.0,0.0,0.0,0.0,1.0,Sydney
1.5000665960232122,0.9887710535278706,0.7903276481380317,-0.30788881525585815,1.0,0.0,0.0,0.0,0.0,0.0,1.0,0.0,New York
0.08885271403633577,0.6625133417143583,0.41879340211601607,-0.2893089263540386,0.0,0.0,1.0,0.0,0.0,0.0,0.0,1.0,Sydney
1.432865934976218,-1.2059837654717336,-1.5627225766680672,0.2751874589670882,0.0,0.0,0.0,0.0,1.0,0.0,1.0,0.0,New York
0.49205668031830047,0.36312391205019406,0.6664828994640265,-0.39551551409944186,0.0,0.0,1.0,0.0,0.0,0.0,1.0,0.0,Sydney
1.0968626297412476,1.4739354626246701,-1.6865673253420723,5.90686315388406,1.0,0.0,0.0,0.0,0.0,0.0,0.0,1.0,New York
1.3656652739292239,1.7418506189138838,0.5426381507900213,-0.11230814353987935,0.0,0.0,1.0,0.0,0.0,0.0,0.0,1.0,Sydney
0.9624613076472592,1.4915917623228132,1.1618618941600474,-0.2952589371096263,1.0,0.0,0.0,0.0,0.0,1.0,0.0,0.0,Rio de Janeiro
0.7608593245062769,1.2060203063354564,1.4095513915080577,-0.3754848714262568,0.0,0.0,1.0,0.0,0.0,1.0,0.0,0.0,Sydney
-1.3895618289975349,0.6118474382327306,-1.1911883306460516,0.866414463468462,0.0,0.0,0.0,1.0,0.0,0.0,1.0,0.0,Sydney
0.8280599855532711,-0.49742878193321144,0.9141723968120369,-0.5756648324991932,0.0,0.0,1.0,0.0,0.0,0.0,1.0,0.0,Sydney
0.49205668031830047,1.4409258588411855,-0.819654084624036,0.6473698556212362,0.0,0.0,0.0,1.0,0.0,0.0,1.0,0.0,New York
-0.5831538964336054,0.7254618884642595,1.038017145486042,-0.3935770626393134,0.0,0.0,0.0,1.0,0.0,0.0,1.0,0.0,Sydney
1.6344679181172004,-0.013032038040678985,-0.44811983860202037,-0.18277077972423217,0.0,0.0,1.0,0.0,0.0,0.0,0.0,1.0,Sydney
-1.0535585237625642,1.7026996934962624,0.6664828994640265,-0.15390171501889008,0.0,0.0,1.0,0.0,0.0,0.0,1.0,0.0,Bali
0.42485601927130634,1.262827531451221,1.038017145486042,-0.3087699263540861,0.0,0.0,0.0,0.0,1.0,0.0,1.0,0.0,New York
1.432865934976218,0.6955229454978431,-0.20043034125400994,-0.08460218770687837,0.0,0.0,0.0,1.0,0.0,0.0,1.0,0.0,Sydney
-0.17994993015164068,1.3265437434053893,-0.44811983860202037,0.24005335356587232,0.0,0.0,0.0,0.0,1.0,1.0,0.0,0.0,Sydney
1.6344679181172004,0.18886391068156513,1.2857066428340524,-0.5058952600940699,0.0,0.0,0.0,1.0,0.0,1.0,0.0,0.0,Rio de Janeiro
-1.5911638121385172,-0.1251111578636738,1.5333961401820628,-0.5720528139926978,0.0,0.0,1.0,0.0,0.0,1.0,0.0,0.0,Sydney
-1.4567624900445288,0.4805766883030585,-0.07658559258000475,-0.18907072735035682,0.0,0.0,0.0,1.0,0.0,0.0,1.0,0.0,Sydney
-0.7847558795745877,-1.3364868501971385,0.7903276481380317,-0.7082225526609283,0.0,0.0,0.0,1.0,0.0,0.0,1.0,0.0,Rio de Janeiro
-0.5159532353866113,-0.0629302763180397,1.2857066428340524,-0.5425766765213808,0.0,0.0,1.0,0.0,0.0,0.0,1.0,0.0,Rio de Janeiro
-1.2551605069035465,-0.5365797073508329,-1.6865673253420723,2.0992667859292906,0.0,0.0,0.0,1.0,0.0,1.0,0.0,0.0,Sydney
-1.1207591848095584,0.3354879646965789,0.7903276481380317,-0.4203629025888772,0.0,0.0,0.0,1.0,0.0,0.0,0.0,1.0,Sydney
-0.38155191329262306,1.5898529084690005,0.2949486534420109,-0.0637176975871152,0.0,0.0,0.0,1.0,0.0,1.0,0.0,0.0,Sydney
1.6344679181172004,-0.6594061400335669,-0.3242750899280151,-0.4214609181600578,0.0,1.0,0.0,0.0,0.0,1.0,0.0,0.0,Le Caire
0.1560533750833299,-0.7246576823962694,0.2949486534420109,-0.5507529592036133,0.0,0.0,1.0,0.0,0.0,0.0,0.0,1.0,Sydney
1.0296619686942534,-1.6090079977119547,-0.5719645872760255,-0.6728018134892169,0.0,0.0,1.0,0.0,0.0,0.0,0.0,1.0,Sydney
0.22325403613032402,0.842914664717124,1.038017145486042,-0.3750406457083994,0.0,0.0,1.0,0.0,0.0,0.0,1.0,0.0,Sydney
-0.919157201668576,-0.4091472834424963,0.17110390476800566,-0.463589279715151,1.0,0.0,0.0,0.0,0.0,0.0,1.0,0.0,New York
1.6344679181172004,0.502071314022537,0.17110390476800566,-0.2605652749216366,0.0,1.0,0.0,0.0,0.0,0.0,1.0,0.0,Londres
-0.045548608057652464,1.2136969583781274,-0.44811983860202037,0.20443435781020156,1.0,0.0,0.0,0.0,0.0,0.0,0.0,1.0,Tokyo
1.29846461288223,1.6458924683804979,0.7903276481380317,-0.19475389309714566,0.0,0.0,0.0,1.0,0.0,1.0,0.0,0.0,Barcelone
-1.7255651342325053,1.7395476233010825,1.5333961401820628,-0.3198121585686324,0.0,0.0,0.0,1.0,0.0,0.0,0.0,1.0,Barcelone
1.29846461288223,-1.664279892419185,1.1618618941600474,-0.7733967261605603,0.0,0.0,1.0,0.0,0.0,0.0,1.0,0.0,Bali
-1.4567624900445288,0.3853862029739396,-1.438877827994062,1.5039215474243754,0.0,1.0,0.0,0.0,0.0,1.0,0.0,0.0,Rome
0.6264580024122887,-1.115399271368217,-1.6865673253420723,1.0030744753382652,1.0,0.0,0.0,0.0,0.0,1.0,0.0,0.0,Rio de Janeiro
1.29846461288223,-0.6148815581860758,-1.0673435819720463,-0.040779456311458705,0.0,1.0,0.0,0.0,0.0,1.0,0.0,0.0,Rome
0.8280599855532711,-1.5115145167700346,-1.0673435819720463,-0.5259454570841169,0.0,1.0,0.0,0.0,0.0,0.0,1.0,0.0,Londres
0.5592573413652946,0.14817765485540946,1.4095513915080577,-0.523883899162233,0.0,1.0,0.0,0.0,0.0,1.0,0.0,0.0,Rome
-0.6503545574805996,-1.4700605957396118,1.5333961401820628,-0.7539900837757207,0.0,0.0,1.0,0.0,0.0,1.0,0.0,0.0,Rio de Janeiro
-1.1207591848095584,-1.2643263209960323,0.7903276481380317,-0.6957988579378921,0.0,0.0,0.0,0.0,1.0,1.0,0.0,0.0,Rome
-0.4487525743396172,1.2919988092133703,0.7903276481380317,-0.2556828640260785,0.0,0.0,0.0,0.0,1.0,0.0,1.0,0.0,New York
0.42485601927130634,-0.7185163607621328,-0.3242750899280151,-0.4386832898446281,1.0,0.0,0.0,0.0,0.0,0.0,0.0,1.0,Tokyo
1.5672672570702064,-0.3093508068877749,-1.6865673253420723,2.529602228813831,0.0,1.0,0.0,0.0,0.0,0.0,1.0,0.0,Londres
-0.9863578627155701,-0.2394932732994699,1.038017145486042,-0.5458664487972144,0.0,1.0,0.0,0.0,0.0,1.0,0.0,0.0,Barcelone
-1.3895618289975349,1.403310263832098,0.7903276481380317,-0.23651865408096945,1.0,0.0,0.0,0.0,0.0,0.0,1.0,0.0,New York
-1.3895618289975349,0.8091373957293722,-0.07658559258000475,-0.10610511952717747,0.0,0.0,1.0,0.0,0.0,0.0,0.0,1.0,Sydney
1.29846461288223,-0.47670182141800005,0.41879340211601607,-0.516413507768718,0.0,1.0,0.0,0.0,0.0,1.0,0.0,0.0,Rome
0.9624613076472592,0.9097015374883606,-0.44811983860202037,0.10848114475410915,0.0,0.0,0.0,1.0,0.0,1.0,0.0,0.0,Sydney
0.9624613076472592,-0.19957468267758133,0.7903276481380317,-0.5124832772905391,0.0,1.0,0.0,0.0,0.0,0.0,0.0,1.0,Paris
0.021652052989341655,1.6696900897127775,-1.438877827994062,2.720055628393278,0.0,1.0,0.0,0.0,0.0,0.0,1.0,0.0,Londres
1.432865934976218,1.0164070008814858,1.5333961401820628,-0.4176345947190933,0.0,1.0,0.0,0.0,0.0,0.0,0.0,1.0,Rome
-0.919157201668576,-0.42833891354917353,1.1618618941600474,-0.5861425689306883,0.0,0.0,1.0,0.0,0.0,0.0,0.0,1.0,Sydney
-0.6503545574805996,0.07524946045003612,0.41879340211601607,-0.4063810320024414,0.0,0.0,1.0,0.0,0.0,0.0,1.0,0.0,Sydney
-0.919157201668576,-1.2098220914930689,-0.9434988332980412,-0.42204806444026266,0.0,0.0,0.0,0.0,1.0,0.0,0.0,1.0,Barcelone
-1.7255651342325053,1.6927200458407903,-0.819654084624036,0.7533383842682329,0.0,0.0,1.0,0.0,0.0,1.0,0.0,0.0,Rio de Janeiro
0.8952606466002652,-0.8904733665179604,-0.819654084624036,-0.33380825871086495,0.0,0.0,1.0,0.0,0.0,0.0,1.0,0.0,Rio de Janeiro
-0.38155191329262306,-0.7346373300517416,-1.0673435819720463,-0.10557902490780685,0.0,0.0,0.0,1.0,0.0,0.0,0.0,1.0,Barcelone
0.021652052989341655,-0.7998888724144441,0.9141723968120369,-0.6254745392855487,0.0,1.0,0.0,0.0,0.0,1.0,0.0,0.0,Rome
-0.11274926910464658,-0.886635040496625,0.9141723968120369,-0.6397600643283361,0.0,0.0,0.0,1.0,0.0,1.0,0.0,0.0,Rio de Janeiro
1.1640632907882416,0.10365307300791837,-0.44811983860202037,-0.14594025350068152,1.0,0.0,0.0,0.0,0.0,1.0,0.0,0.0,Rio de Janeiro
0.3576553582243122,-0.6286995318628834,-0.44811983860202037,-0.37710026677217695,0.0,0.0,0.0,0.0,1.0,0.0,0.0,1.0,Paris
0.1560533750833299,0.38231554215687125,-1.0673435819720463,0.4988015668081329,0.0,0.0,0.0,0.0,1.0,0.0,0.0,1.0,Paris
-1.4567624900445288,1.5092480620209563,1.2857066428340524,-0.31354149102402495,0.0,0.0,1.0,0.0,0.0,0.0,0.0,1.0,Sydney
0.6936586634592828,0.31936699540697006,0.17110390476800566,-0.3012726996401341,0.0,1.0,0.0,0.0,0.0,1.0,0.0,0.0,Rome
1.7016685791641946,-1.1814184789351867,-0.9434988332980412,-0.408600076807128,0.0,1.0,0.0,0.0,0.0,0.0,1.0,0.0,Le Caire
0.9624613076472592,-0.8067978592528479,-0.819654084624036,-0.2985931074226862,0.0,1.0,0.0,0.0,0.0,0.0,0.0,1.0,Rome
-0.919157201668576,0.21189386680957775,-1.6865673253420723,3.5167568427280305,0.0,0.0,0.0,1.0,0.0,1.0,0.0,0.0,Barcelone
0.49205668031830047,1.0831938736527225,-0.819654084624036,0.49681700699471026,0.0,0.0,1.0,0.0,0.0,0.0,1.0,0.0,New York
0.42485601927130634,-1.11463160616395,-0.5719645872760255,-0.5025707701283678,1.0,0.0,0.0,0.0,0.0,1.0,0.0,0.0,Rio de Janeiro
-1.3895618289975349,1.1637987201007667,0.41879340211601607,-0.18937678911429076,0.0,0.0,0.0,0.0,1.0,0.0,1.0,0.0,New York
0.22325403613032402,0.6540690244674203,1.2857066428340524,-0.43812410657287965,1.0,0.0,0.0,0.0,0.0,0.0,1.0,0.0,New York
1.7016685791641946,-1.6519972491509116,-0.5719645872760255,-0.6876045129118994,1.0,0.0,0.0,0.0,0.0,0.0,1.0,0.0,New York
0.9624613076472592,1.5883175780604664,1.1618618941600474,-0.28060426393511456,0.0,0.0,0.0,1.0,0.0,1.0,0.0,0.0,Sydney
1.29846461288223,-0.5788012935855227,-1.0673435819720463,-0.021256509362558868,0.0,0.0,0.0,1.0,0.0,0.0,0.0,1.0,Barcelone
-1.3223611679505407,1.6827403981853182,1.5333961401820628,-0.3274967236165454,0.0,0.0,0.0,0.0,1.0,0.0,1.0,0.0,New York
1.29846461288223,0.9542261193358517,0.04725915609400046,-0.11746927250524195,0.0,0.0,0.0,0.0,1.0,0.0,0.0,1.0,Sydney
1.7016685791641946,1.5668229523409878,-1.438877827994062,2.622648595010234,0.0,0.0,0.0,1.0,0.0,1.0,0.0,0.0,Barcelone
0.8952606466002652,-0.545791689802038,-1.438877827994062,0.6221698198599529,1.0,0.0,0.0,0.0,0.0,0.0,1.0,0.0,New York
-0.919157201668576,-0.3461987366925951,0.6664828994640265,-0.5234531360767656,0.0,0.0,0.0,0.0,1.0,0.0,0.0,1.0,Sydney
1.3656652739292239,1.0425076178265669,0.7903276481380317,-0.29863712769615036,0.0,0.0,0.0,1.0,0.0,0.0,1.0,0.0,Sydney
-0.5831538964336054,1.5138540532465588,1.1618618941600474,-0.2918860361408894,1.0,0.0,0.0,0.0,0.0,1.0,0.0,0.0,Rio de Janeiro
0.1560533750833299,-1.3825467624531638,-1.1911883306460516,-0.3926078938338666,0.0,0.0,0.0,1.0,0.0,0.0,0.0,1.0,Barcelone
0.29045469717731814,-0.04220331580282832,1.2857066428340524,-0.5395571696813277,0.0,0.0,1.0,0.0,0.0,1.0,0.0,0.0,Sydney
-0.5159532353866113,0.8882069117688821,-1.6865673253420723,4.797586319691815,0.0,1.0,0.0,0.0,0.0,0.0,0.0,1.0,Paris
-1.4567624900445288,0.5934234733303204,1.2857066428340524,-0.44695895991970147,0.0,0.0,0.0,1.0,0.0,0.0,0.0,1.0,Sydney
-0.31435125224562893,0.38001254654407,-0.20043034125400994,-0.16996316397427944,0.0,0.0,1.0,0.0,0.0,0.0,0.0,1.0,Sydney
0.9624613076472592,-0.9365332787739856,-1.5627225766680672,0.6153851292983691,0.0,0.0,0.0,1.0,0.0,0.0,0.0,1.0,Barcelone
0.7608593245062769,-1.4539396264500029,1.2857066428340524,-0.7452191355649397,0.0,0.0,1.0,0.0,0.0,1.0,0.0,0.0,Bali
1.6344679181172004,-0.144302787970351,1.4095513915080577,-0.5649143995739941,0.0,0.0,0.0,0.0,1.0,1.0,0.0,0.0,Sydney
-0.7847558795745877,1.3088874437072462,1.6572408888560681,-0.39391127476815313,0.0,0.0,1.0,0.0,0.0,0.0,1.0,0.0,Sydney
-1.5911638121385172,-1.5475947813705877,0.17110390476800566,-0.7172410060073009,0.0,0.0,1.0,0.0,0.0,0.0,0.0,1.0,Sydney
1.6344679181172004,1.7218913236029396,-0.20043034125400994,0.19308059883695472,1.0,0.0,0.0,0.0,0.0,0.0,1.0,0.0,New York
-1.1207591848095584,-1.4362833267518598,-0.6958093359500308,-0.5909111678531425,0.0,1.0,0.0,0.0,0.0,0.0,1.0,0.0,Londres
0.8280599855532711,-1.5806043851540723,-0.9434988332980412,-0.597598821921454,0.0,0.0,0.0,1.0,0.0,0.0,1.0,0.0,Bali
0.8952606466002652,-0.3508047279181976,-0.5719645872760255,-0.23955852145749068,1.0,0.0,0.0,0.0,0.0,0.0,1.0,0.0,New York
-1.5911638121385172,1.2136969583781274,-1.1911883306460516,1.2463503865342915,0.0,1.0,0.0,0.0,0.0,1.0,0.0,0.0,Barcelone
0.5592573413652946,-0.5626803242959139,0.5426381507900213,-0.5487498938370116,0.0,0.0,0.0,0.0,1.0,0.0,0.0,1.0,Rome
-0.045548608057652464,-1.1169346017767514,-0.5719645872760255,-0.5033637718831543,1.0,0.0,0.0,0.0,0.0,0.0,0.0,1.0,Tokyo
1.5672672570702064,0.9703470886254606,0.7903276481380317,-0.3110608224191866,0.0,0.0,0.0,0.0,1.0,0.0,0.0,1.0,Sydney
1.2312639518352357,-1.595957689239414,-1.6865673253420723,0.09297316707568973,0.0,1.0,0.0,0.0,0.0,1.0,0.0,0.0,Le Caire
0.021652052989341655,0.058360825956160184,-1.0673435819720463,0.32351042611801145,0.0,0.0,1.0,0.0,0.0,0.0,0.0,1.0,Sydney
-0.2471505911986348,-1.6888451789557317,-1.6865673253420723,-0.08294098356292308,0.0,0.0,0.0,0.0,1.0,0.0,1.0,0.0,Londres
0.22325403613032402,0.782269113580024,0.5426381507900213,-0.29403771977952464,0.0,0.0,0.0,0.0,1.0,0.0,0.0,1.0,Sydney
0.6264580024122887,-0.921947639892911,-1.0673435819720463,-0.20693219630209506,0.0,0.0,0.0,1.0,0.0,1.0,0.0,0.0,Barcelone
-0.7175552185275936,1.567590617545255,-0.819654084624036,0.700677194727195,0.0,0.0,0.0,1.0,0.0,0.0,0.0,1.0,Barcelone
-0.9863578627155701,1.0547902610948403,0.5426381507900213,-0.24242652012746538,0.0,1.0,0.0,0.0,0.0,0.0,0.0,1.0,Tokyo
1.5672672570702064,0.8306320214488505,0.41879340211601607,-0.2557941666978291,0.0,0.0,1.0,0.0,0.0,0.0,0.0,1.0,Sydney
-0.7847558795745877,-1.6796331965045268,0.9141723968120369,-0.7703525189230197,1.0,0.0,0.0,0.0,0.0,1.0,0.0,0.0,Rio de Janeiro
0.8280599855532711,-0.6417498403354239,-1.0673435819720463,-0.05531782106063945,0.0,0.0,0.0,0.0,1.0,1.0,0.0,0.0,Rome
-1.0535585237625642,-0.0053553859980081065,-0.819654084624036,0.038696965465925486,0.0,0.0,0.0,1.0,0.0,0.0,1.0,0.0,Barcelone
-1.5911638121385172,1.6789020721639827,-1.0673435819720463,1.2003815114185952,0.0,0.0,0.0,1.0,0.0,0.0,1.0,0.0,Bali
1.432865934976218,0.6456247072204824,-1.438877827994062,1.7503468035202858,0.0,1.0,0.0,0.0,0.0,0.0,1.0,0.0,Londres
-1.5911638121385172,1.0141040052686845,-1.1911883306460516,1.1203512283747052,0.0,1.0,0.0,0.0,0.0,0.0,0.0,1.0,Tokyo
-0.9863578627155701,-1.2589526645661626,0.9141723968120369,-0.7010740434942815,0.0,1.0,0.0,0.0,0.0,0.0,1.0,0.0,Barcelone
1.2312639518352357,0.14126866801700566,1.5333961401820628,-0.5360184346464028,0.0,0.0,0.0,0.0,1.0,0.0,0.0,1.0,Rome
-0.8519565406215819,1.1637987201007667,-0.07658559258000475,-0.016548785848885687,0.0,0.0,0.0,0.0,1.0,1.0,0.0,0.0,Sydney
0.49205668031830047,1.2728071791066933,0.17110390476800566,-0.08884151686545434,0.0,0.0,1.0,0.0,0.0,0.0,0.0,1.0,Sydney
-0.8519565406215819,0.13589501158713607,-0.9434988332980412,0.21509578207014785,0.0,0.0,1.0,0.0,0.0,0.0,1.0,0.0,Rio de Janeiro
-0.38155191329262306,-0.8029595332315124,0.5426381507900213,-0.5942549797274187,0.0,0.0,0.0,0.0,1.0,1.0,0.0,0.0,Rome
0.7608593245062769,-0.9403716047953211,-0.9434988332980412,-0.2944739114880927,0.0,0.0,1.0,0.0,0.0,0.0,1.0,0.0,Bali
-0.8519565406215819,0.9979830359790757,-1.6865673253420723,5.00548486135563,0.0,1.0,0.0,0.0,0.0,0.0,0.0,1.0,Tokyo
0.9624613076472592,-1.542988790144985,-1.438877827994062,-0.32209686942791577,0.0,0.0,0.0,0.0,1.0,0.0,0.0,1.0,Londres
-1.523963151091523,1.6796697373682496,-1.6865673253420723,6.296491190009252,0.0,0.0,0.0,1.0,0.0,1.0,0.0,0.0,Bali
-1.0535585237625642,-0.913503322645973,-0.3242750899280151,-0.4954947496872365,1.0,0.0,0.0,0.0,0.0,0.0,1.0,0.0,New York
1.2312639518352357,-1.2343873780296157,-0.07658559258000475,-0.6221201850068585,0.0,1.0,0.0,0.0,0.0,0.0,1.0,0.0,Rome
0.6936586634592828,-1.1061872889170121,0.17110390476800566,-0.6188932362042083,1.0,0.0,0.0,0.0,0.0,1.0,0.0,0.0,Rio de Janeiro
1.5672672570702064,-0.2655938902445509,1.2857066428340524,-0.5721007434018992,0.0,0.0,0.0,1.0,0.0,0.0,0.0,1.0,Sydney
1.0968626297412476,-0.8244541589509908,-1.5627225766680672,0.7568918525700702,1.0,0.0,0.0,0.0,0.0,1.0,0.0,0.0,Rio de Janeiro
-0.38155191329262306,-1.6635122272149179,1.4095513915080577,-0.7780360801904651,1.0,0.0,0.0,0.0,0.0,0.0,1.0,0.0,New York
-1.1879598458565523,1.7364769624840142,-0.819654084624036,0.7717536468684731,0.0,1.0,0.0,0.0,0.0,0.0,1.0,0.0,Londres
0.021652052989341655,0.1205417075017943,0.5426381507900213,-0.419358435554384,0.0,1.0,0.0,0.0,0.0,0.0,0.0,1.0,Rome
1.5000665960232122,0.9542261193358517,-1.5627225766680672,3.0025841664093234,0.0,0.0,1.0,0.0,0.0,0.0,1.0,0.0,Sydney
-0.9863578627155701,1.2528478837957489,-1.3150330793200569,1.6927750117947604,0.0,1.0,0.0,0.0,0.0,0.0,0.0,1.0,Londres
-1.0535585237625642,-1.0394004161457755,-0.3242750899280151,-0.5321761647037238,0.0,0.0,0.0,1.0,0.0,1.0,0.0,0.0,Bali
1.432865934976218,1.3772096468870172,0.2949486534420109,-0.10846355744375537,0.0,1.0,0.0,0.0,0.0,0.0,0.0,1.0,Tokyo
0.3576553582243122,0.3677299032757966,0.17110390476800566,-0.29049720486170827,0.0,0.0,0.0,0.0,1.0,0.0,1.0,0.0,New York
0.021652052989341655,0.10672373382498672,1.6572408888560681,-0.5509256310756362,0.0,1.0,0.0,0.0,0.0,1.0,0.0,0.0,Rome
0.7608593245062769,-1.5583420942303268,-0.3242750899280151,-0.6833751680643665,0.0,0.0,0.0,0.0,1.0,0.0,0.0,1.0,Rome
0.5592573413652946,1.7464566101394863,-0.3242750899280151,0.2795119761184248,0.0,1.0,0.0,0.0,0.0,0.0,1.0,0.0,Londres
1.0296619686942534,-0.9227153050971781,1.6572408888560681,-0.6853804534308947,1.0,0.0,0.0,0.0,0.0,0.0,1.0,0.0,Londres
1.432865934976218,-0.19113036543064338,-0.5719645872760255,-0.18457706645895558,1.0,0.0,0.0,0.0,0.0,0.0,1.0,0.0,Rio de Janeiro
-0.5159532353866113,1.1438394247898225,1.1618618941600474,-0.3479459763798946,1.0,0.0,0.0,0.0,0.0,0.0,1.0,0.0,New York
0.22325403613032402,0.13512734638286897,0.9141723968120369,-0.471494278204886,1.0,0.0,0.0,0.0,0.0,0.0,1.0,0.0,New York
-1.6583644731855112,0.5895851473089849,0.04725915609400046,-0.20379082014005417,1.0,0.0,0.0,0.0,0.0,0.0,0.0,1.0,Tokyo
1.29846461288223,0.8106727261379063,1.1618618941600474,-0.3984231839809905,1.0,0.0,0.0,0.0,0.0,0.0,1.0,0.0,New York
-0.9863578627155701,-1.0378650857372413,0.04725915609400046,-0.5890575169522688,1.0,0.0,0.0,0.0,0.0,0.0,0.0,1.0,New York
0.1560533750833299,-1.37563777561476,-1.438877827994062,-0.16362871064057524,0.0,0.0,0.0,1.0,0.0,0.0,1.0,0.0,Barcelone
-1.0535585237625642,1.2052526411311895,1.5333961401820628,-0.39208860820846336,0.0,1.0,0.0,0.0,0.0,0.0,1.0,0.0,Tokyo
-1.4567624900445288,1.4079162550577007,-1.438877827994062,2.4721765359782175,0.0,0.0,1.0,0.0,0.0,0.0,1.0,0.0,New York
0.08885271403633577,0.9972153707748086,0.6664828994640265,-0.28114703384698586,0.0,1.0,0.0,0.0,0.0,0.0,1.0,0.0,Londres
0.7608593245062769,-0.6417498403354239,-1.1911883306460516,0.07504282779690592,0.0,0.0,0.0,1.0,0.0,0.0,1.0,0.0,Barcelone
0.08885271403633577,-0.4736311606009317,0.5426381507900213,-0.5318853891619725,0.0,0.0,0.0,0.0,1.0,0.0,0.0,1.0,Sydney
-0.6503545574805996,0.8237230346104468,0.04725915609400046,-0.1483633000798064,1.0,0.0,0.0,0.0,0.0,0.0,0.0,1.0,Tokyo
0.9624613076472592,1.1461424204026236,1.6572408888560681,-0.41516736898091583,1.0,0.0,0.0,0.0,0.0,0.0,0.0,1.0,Tokyo
1.432865934976218,0.6932199498850419,0.2949486534420109,-0.2523933810259444,0.0,0.0,0.0,0.0,1.0,0.0,1.0,0.0,Londres
0.42485601927130634,1.121577133866077,1.6572408888560681,-0.4183758360318989,0.0,1.0,0.0,0.0,0.0,0.0,0.0,1.0,Tokyo
-0.11274926910464658,-1.2297813868040133,-1.1911883306460516,-0.2961700766271062,0.0,0.0,1.0,0.0,0.0,1.0,0.0,0.0,Rio de Janeiro
-0.2471505911986348,-0.4782371518265342,1.2857066428340524,-0.6030786469091101,0.0,1.0,0.0,0.0,0.0,1.0,0.0,0.0,Barcelone
-0.6503545574805996,-1.5391504641236495,0.2949486534420109,-0.7221441408205634,0.0,0.0,0.0,1.0,0.0,0.0,1.0,0.0,Bali
-1.7255651342325053,-1.45470729165427,-0.9434988332980412,-0.5379915253853973,0.0,0.0,1.0,0.0,0.0,0.0,1.0,0.0,Bali
0.08885271403633577,0.3999718418550143,-0.5719645872760255,0.0189600506029292,0.0,0.0,0.0,1.0,0.0,0.0,1.0,0.0,Sydney
-1.4567624900445288,0.7116439147874519,1.2857066428340524,-0.42973658757273225,1.0,0.0,0.0,0.0,0.0,0.0,0.0,1.0,Tokyo
0.5592573413652946,-1.2950329291667158,-0.07658559258000475,-0.6374339303760902,0.0,0.0,0.0,0.0,1.0,0.0,1.0,0.0,New York
0.5592573413652946,1.7487596057522876,-0.9434988332980412,0.9787234041570688,0.0,0.0,0.0,0.0,1.0,1.0,0.0,0.0,Rome
-0.9863578627155701,1.1376981031556856,-0.44811983860202037,0.18044605454617846,0.0,0.0,0.0,1.0,0.0,0.0,0.0,1.0,Sydney
0.6936586634592828,-0.045273976619896676,1.5333961401820628,-0.5612528847361713,0.0,0.0,0.0,1.0,0.0,0.0,0.0,1.0,Barcelone
0.42485601927130634,-0.5089437599972177,0.9141723968120369,-0.5775611411331916,1.0,0.0,0.0,0.0,0.0,0.0,1.0,0.0,New York
-0.6503545574805996,-1.6404822710869051,1.4095513915080577,-0.7748053321265469,0.0,0.0,0.0,1.0,0.0,0.0,0.0,1.0,Barcelone
1.29846461288223,-0.589548606445262,-0.3242750899280151,-0.4011072061692021,1.0,0.0,0.0,0.0,0.0,0.0,1.0,0.0,New York
1.432865934976218,0.015371574517203265,0.41879340211601607,-0.4183177957156119,0.0,0.0,1.0,0.0,0.0,1.0,0.0,0.0,Sydney
0.8952606466002652,-0.1826860481837054,-0.44811983860202037,-0.2363204264045262,0.0,0.0,0.0,0.0,1.0,1.0,0.0,0.0,Rome
0.5592573413652946,-0.4774694866222671,-1.6865673253420723,2.211212154517499,1.0,0.0,0.0,0.0,0.0,0.0,1.0,0.0,New York
1.29846461288223,0.8375410082872543,-0.819654084624036,0.3934330766073963,1.0,0.0,0.0,0.0,0.0,0.0,0.0,1.0,Tokyo
-1.0535585237625642,-1.1253789190236894,0.6664828994640265,-0.6639906753700378,0.0,1.0,0.0,0.0,0.0,1.0,0.0,0.0,Rome
1.2312639518352357,0.7868751048056265,0.17110390476800566,-0.19710958344868476,0.0,0.0,0.0,0.0,1.0,1.0,0.0,0.0,Sydney
0.7608593245062769,-0.4298742439577077,1.5333961401820628,-0.6132794670200152,0.0,1.0,0.0,0.0,0.0,0.0,1.0,0.0,Londres
1.5672672570702064,1.341897047490731,0.9141723968120369,-0.2727611333618629,0.0,0.0,0.0,1.0,0.0,0.0,1.0,0.0,Sydney
0.6936586634592828,1.0302249745582934,1.038017145486042,-0.3454793010604059,0.0,0.0,1.0,0.0,0.0,0.0,1.0,0.0,Sydney
0.5592573413652946,1.4501378412923904,-1.5627225766680672,3.62870295568,1.0,0.0,0.0,0.0,0.0,0.0,0.0,1.0,New York
0.22325403613032402,-0.9442099308166565,0.6664828994640265,-0.631313966726479,0.0,1.0,0.0,0.0,0.0,0.0,0.0,1.0,Barcelone
1.3656652739292239,1.43708753281985,-1.5627225766680672,3.6122261454360345,0.0,0.0,0.0,0.0,1.0,0.0,0.0,1.0,New York
1.1640632907882416,-1.5353121381023143,-1.1911883306460516,-0.4890457110406269,1.0,0.0,0.0,0.0,0.0,1.0,0.0,0.0,Rio de Janeiro
0.08885271403633577,-1.2689323122216347,0.6664828994640265,-0.6898828131511628,0.0,0.0,0.0,1.0,0.0,0.0,1.0,0.0,Rio de Janeiro
0.3576553582243122,-0.6571031444207657,0.5426381507900213,-0.5666320841389926,0.0,0.0,0.0,0.0,1.0,0.0,0.0,1.0,Tokyo
-0.045548608057652464,-1.167600505258379,-1.5627225766680672,0.3236486655669857,1.0,0.0,0.0,0.0,0.0,1.0,0.0,0.0,Rio de Janeiro
0.3576553582243122,-0.25024058615920913,-0.6958093359500308,-0.14167567785051255,0.0,0.0,0.0,1.0,0.0,1.0,0.0,0.0,Sydney
-0.17994993015164068,-1.446262974407332,0.17110390476800566,-0.694663778852504,1.0,0.0,0.0,0.0,0.0,0.0,1.0,0.0,New York
1.6344679181172004,1.6267008382738206,-1.5627225766680672,3.851624506039529,0.0,0.0,0.0,1.0,0.0,1.0,0.0,0.0,Barcelone
-1.523963151091523,0.4544760713579775,0.41879340211601607,-0.330781528485695,0.0,1.0,0.0,0.0,0.0,0.0,1.0,0.0,Tokyo
-0.38155191329262306,-1.4140210358281142,-1.5627225766680672,0.012527719195643371,0.0,1.0,0.0,0.0,0.0,0.0,0.0,1.0,Barcelone
-1.2551605069035465,-0.9472805916337249,-1.5627225766680672,0.6018159914503978,0.0,1.0,0.0,0.0,0.0,0.0,1.0,0.0,Barcelone
0.5592573413652946,-0.196504021860513,-1.6865673253420723,2.74331611430041,1.0,0.0,0.0,0.0,0.0,1.0,0.0,0.0,Rio de Janeiro
-1.3223611679505407,1.001053696796144,-0.6958093359500308,0.33227503328494823,0.0,0.0,0.0,0.0,1.0,0.0,1.0,0.0,New York
1.0968626297412476,0.27100408753814353,0.41879340211601607,-0.3673569967863071,1.0,0.0,0.0,0.0,0.0,1.0,0.0,0.0,Rio de Janeiro
1.5000665960232122,-0.08058657601618271,-0.819654084624036,0.007035636784810544,0.0,0.0,0.0,1.0,0.0,1.0,0.0,0.0,Barcelone
1.5672672570702064,1.5023390751825525,0.9141723968120369,-0.24633923306148642,0.0,0.0,1.0,0.0,0.0,0.0,0.0,1.0,Sydney
1.29846461288223,-0.7200516911706669,-0.6958093359500308,-0.3196252700068941,0.0,0.0,0.0,1.0,0.0,1.0,0.0,0.0,Bali
-1.523963151091523,-0.7676469338352263,-1.1911883306460516,-0.004433564272987058,1.0,0.0,0.0,0.0,0.0,0.0,0.0,1.0,New York
0.8280599855532711,0.5573432087297673,0.41879340211601607,-0.31027478056819696,1.0,0.0,0.0,0.0,0.0,0.0,1.0,0.0,New York
1.1640632907882416,-1.027117772877502,0.5426381507900213,-0.6367070087369998,1.0,0.0,0.0,0.0,0.0,1.0,0.0,0.0,Rio de Janeiro
-1.6583644731855112,0.29864003489175867,0.04725915609400046,-0.272666328673936,0.0,0.0,1.0,0.0,0.0,1.0,0.0,0.0,Sydney
0.021652052989341655,-1.3088509028435233,-0.819654084624036,-0.5098840151517591,0.0,1.0,0.0,0.0,0.0,0.0,0.0,1.0,Rome
1.29846461288223,0.46982937544331926,-1.6865673253420723,4.005245723840212,0.0,1.0,0.0,0.0,0.0,1.0,0.0,0.0,Rome
1.6344679181172004,1.5460959918257764,0.9141723968120369,-0.23913326025229287,0.0,0.0,0.0,1.0,0.0,0.0,0.0,1.0,Sydney
0.29045469717731814,-1.3710317843891573,-0.3242750899280151,-0.6288003798691049,1.0,0.0,0.0,0.0,0.0,1.0,0.0,0.0,Rio de Janeiro
1.0968626297412476,0.7791984527629556,1.4095513915080577,-0.43536140221087416,1.0,0.0,0.0,0.0,0.0,0.0,1.0,0.0,New York
0.9624613076472592,0.39536585062941176,1.038017145486042,-0.44567287492881014,0.0,1.0,0.0,0.0,0.0,0.0,0.0,1.0,Rome
0.42485601927130634,-1.139196892700497,-1.5627225766680672,0.3595099584509099,0.0,0.0,0.0,1.0,0.0,0.0,1.0,0.0,Barcelone
0.5592573413652946,0.2164998580351803,-1.6865673253420723,3.5254798584621763,0.0,0.0,0.0,1.0,0.0,0.0,1.0,0.0,Sydney
1.29846461288223,0.04223985666655134,0.9141723968120369,-0.4867911678524724,1.0,0.0,0.0,0.0,0.0,1.0,0.0,0.0,Rio de Janeiro
0.3576553582243122,-1.6757948704831913,-0.07658559258000475,-0.7335809899094943,0.0,1.0,0.0,0.0,0.0,0.0,0.0,1.0,Paris
-1.2551605069035465,1.559146300298317,-0.819654084624036,0.6971233721201309,0.0,0.0,0.0,0.0,1.0,0.0,1.0,0.0,New York
1.5000665960232122,0.8152787173635088,0.6664828994640265,-0.3139622031203903,0.0,0.0,1.0,0.0,0.0,1.0,0.0,0.0,Sydney
1.5000665960232122,-1.5821397155626065,0.6664828994640265,-0.7463747501281629,0.0,0.0,0.0,0.0,1.0,1.0,0.0,0.0,Sydney
-0.7175552185275936,-1.3879204188830334,1.2857066428340524,-0.7356014471114374,0.0,1.0,0.0,0.0,0.0,1.0,0.0,0.0,Barcelone
0.22325403613032402,-0.17193873532396617,-1.438877827994062,0.9761789635729569,0.0,0.0,1.0,0.0,0.0,0.0,0.0,1.0,Sydney
-0.9863578627155701,-0.2640585598360167,-0.5719645872760255,-0.20968878869386345,0.0,0.0,1.0,0.0,0.0,1.0,0.0,0.0,Sydney
-0.17994993015164068,-1.4746665869652142,1.1618618941600474,-0.7446689144613192,0.0,0.0,1.0,0.0,0.0,1.0,0.0,0.0,Rio de Janeiro
-0.31435125224562893,-0.6809007657530454,-0.20043034125400994,-0.45699204281016365,0.0,0.0,1.0,0.0,0.0,1.0,0.0,0.0,Bali
1.5672672570702064,-0.20878666512878638,1.038017145486042,-0.5410203267237728,0.0,0.0,1.0,0.0,0.0,0.0,1.0,0.0,Bali
0.6936586634592828,0.45908206258358003,-1.5627225766680672,2.3774346012706444,0.0,0.0,0.0,1.0,0.0,0.0,0.0,1.0,Sydney
1.432865934976218,-0.2256752996226623,0.17110390476800566,-0.42271081539699606,1.0,0.0,0.0,0.0,0.0,0.0,0.0,1.0,Tokyo
-1.6583644731855112,-1.2812149554899082,0.2949486534420109,-0.6678675743518592,1.0,0.0,0.0,0.0,0.0,0.0,1.0,0.0,New York
0.42485601927130634,-0.29169450718963186,-1.0673435819720463,0.1340963025286861,0.0,1.0,0.0,0.0,0.0,0.0,1.0,0.0,Londres
-1.523963151091523,-0.43217723957050896,-1.438877827994062,0.7297537074770464,0.0,0.0,1.0,0.0,0.0,1.0,0.0,0.0,Bali
-0.31435125224562893,0.6747959849826317,0.17110390476800566,-0.22208136499868739,0.0,0.0,0.0,1.0,0.0,0.0,0.0,1.0,Sydney
0.08885271403633577,0.397668846242213,1.6572408888560681,-0.5129253494405557,0.0,1.0,0.0,0.0,0.0,0.0,0.0,1.0,Paris
-0.31435125224562893,1.516924714063627,-0.5719645872760255,0.4035659016744127,0.0,1.0,0.0,0.0,0.0,0.0,0.0,1.0,Tokyo
0.8952606466002652,-1.3449311674440765,0.6664828994640265,-0.703590415505876,1.0,0.0,0.0,0.0,0.0,0.0,1.0,0.0,New York
0.9624613076472592,0.05682549554762601,1.4095513915080577,-0.5366991998157752,0.0,0.0,1.0,0.0,0.0,0.0,0.0,1.0,Sydney
0.08885271403633577,-0.0007493947724055792,0.04725915609400046,-0.34354086252146604,0.0,0.0,1.0,0.0,0.0,0.0,1.0,0.0,Sydney
0.8280599855532711,-0.7331019996432074,0.41879340211601607,-0.5675273421302429,0.0,1.0,0.0,0.0,0.0,1.0,0.0,0.0,Le Caire
1.0968626297412476,-0.1942010262477117,-1.0673435819720463,0.18684979747571312,0.0,0.0,0.0,0.0,1.0,0.0,0.0,1.0,Paris
1.7016685791641946,-0.3231687805645825,-1.6865673253420723,2.503433181611393,0.0,0.0,1.0,0.0,0.0,1.0,0.0,0.0,Bali
0.8280599855532711,-1.5660187462729978,-0.20043034125400994,-0.6964596964264983,0.0,1.0,0.0,0.0,0.0,0.0,0.0,1.0,Rome
-0.919157201668576,-1.3625874671422193,-1.438877827994062,-0.15127110192780097,1.0,0.0,0.0,0.0,0.0,1.0,0.0,0.0,Rio de Janeiro
0.6936586634592828,-0.2955328332109673,-1.5627225766680672,1.4246872795166585,0.0,0.0,0.0,0.0,1.0,0.0,0.0,1.0,Londres
1.0296619686942534,-0.921947639892911,0.9141723968120369,-0.645575410805931,0.0,0.0,1.0,0.0,0.0,0.0,0.0,1.0,Sydney
-0.9863578627155701,-1.4961612126846928,1.1618618941600474,-0.7479255085000995,0.0,0.0,0.0,0.0,1.0,0.0,1.0,0.0,New York
-1.4567624900445288,-0.9518865828593275,0.2949486534420109,-0.5985680296641386,1.0,0.0,0.0,0.0,0.0,0.0,1.0,0.0,New York
0.22325403613032402,-0.8497871106918048,-0.9434988332980412,-0.2515857347121495,1.0,0.0,0.0,0.0,0.0,0.0,1.0,0.0,New York
-0.11274926910464658,-0.773020590265096,-0.07658559258000475,-0.5056194132738426,0.0,0.0,0.0,0.0,1.0,0.0,0.0,1.0,Paris
-1.5911638121385172,1.174546032960506,1.6572408888560681,-0.41145757895321666,1.0,0.0,0.0,0.0,0.0,0.0,0.0,1.0,Tokyo
-0.4487525743396172,-0.6025989149178025,1.038017145486042,-0.6031718423156607,0.0,0.0,1.0,0.0,0.0,1.0,0.0,0.0,Rio de Janeiro
-0.31435125224562893,0.6502306984460849,1.5333961401820628,-0.46716888563604647,0.0,0.0,1.0,0.0,0.0,1.0,0.0,0.0,Sydney
-0.11274926910464658,-1.3787084364318283,-1.1911883306460516,-0.3901848331000284,0.0,0.0,1.0,0.0,0.0,1.0,0.0,0.0,Rio de Janeiro
1.0296619686942534,0.5934234733303204,1.038017145486042,-0.4144153875551121,1.0,0.0,0.0,0.0,0.0,0.0,1.0,0.0,New York
-1.0535585237625642,-1.665047557623452,-1.438877827994062,-0.43767685680033386,0.0,0.0,1.0,0.0,0.0,1.0,0.0,0.0,Bali
-1.5911638121385172,-0.40684428782969506,0.04725915609400046,-0.43967580715055166,0.0,0.0,0.0,1.0,0.0,1.0,0.0,0.0,Sydney
-0.919157201668576,1.140768763972754,1.5333961401820628,-0.4008116279925809,0.0,1.0,0.0,0.0,0.0,0.0,0.0,1.0,Tokyo
0.3576553582243122,-1.018673455630564,0.04725915609400046,-0.5845142776030682,0.0,0.0,0.0,1.0,0.0,0.0,1.0,0.0,Barcelone
1.1640632907882416,-0.152747105217289,0.41879340211601607,-0.45183255537182127,0.0,0.0,0.0,1.0,0.0,0.0,1.0,0.0,Sydney
1.0296619686942534,1.1622633896922325,1.1618618941600474,-0.34515461006094,0.0,0.0,1.0,0.0,0.0,0.0,1.0,0.0,Sydney
-0.38155191329262306,1.5391870049873726,-0.819654084624036,0.6887234277761619,0.0,0.0,1.0,0.0,0.0,0.0,0.0,1.0,Sydney
1.29846461288223,-0.3131891329091103,-0.44811983860202037,-0.2775124623124447,0.0,0.0,0.0,1.0,0.0,0.0,1.0,0.0,Bali
-1.1207591848095584,-0.059091950296704256,-0.819654084624036,0.016081730693700575,0.0,0.0,0.0,0.0,1.0,1.0,0.0,0.0,Barcelone
-0.045548608057652464,-0.30013882443656986,0.7903276481380317,-0.5297971497237065,0.0,0.0,0.0,0.0,1.0,0.0,0.0,1.0,Rome
-0.4487525743396172,1.5560756394812485,-0.6958093359500308,0.5424997965677323,0.0,0.0,1.0,0.0,0.0,0.0,1.0,0.0,Bali
1.432865934976218,-0.7331019996432074,0.17110390476800566,-0.535767990770638,0.0,0.0,1.0,0.0,0.0,0.0,1.0,0.0,Bali
-1.3895618289975349,0.12591536393166392,-0.20043034125400994,-0.2387088650558118,0.0,0.0,0.0,0.0,1.0,0.0,0.0,1.0,Sydney
0.8952606466002652,-0.8390397978320655,-0.819654084624036,-0.3121622482860211,0.0,0.0,0.0,1.0,0.0,1.0,0.0,0.0,Bali
-0.38155191329262306,-1.008693807975092,0.04725915609400046,-0.5821517931414839,0.0,0.0,1.0,0.0,0.0,0.0,1.0,0.0,Bali
1.3656652739292239,-0.493590455911876,0.5426381507900213,-0.535665364347757,0.0,1.0,0.0,0.0,0.0,0.0,0.0,1.0,Rome
0.5592573413652946,-0.47900481703080133,-0.07658559258000475,-0.4313768249647825,0.0,1.0,0.0,0.0,0.0,0.0,0.0,1.0,Paris
0.6936586634592828,-0.2978358288237686,1.5333961401820628,-0.5954180455572984,0.0,0.0,0.0,0.0,1.0,1.0,0.0,0.0,Rome
1.5000665960232122,-0.012264372836411897,-1.5627225766680672,1.7823309842239028,0.0,0.0,0.0,1.0,0.0,0.0,0.0,1.0,Barcelone
0.3576553582243122,-0.982593191030011,-0.44811983860202037,-0.4888033759107089,1.0,0.0,0.0,0.0,0.0,1.0,0.0,0.0,Rio de Janeiro
-1.1879598458565523,0.9895387187321377,-1.5627225766680672,3.0471684764812292,1.0,0.0,0.0,0.0,0.0,0.0,0.0,1.0,Tokyo
1.5672672570702064,-0.6095079017562063,-0.44811983860202037,-0.3710426144327772,0.0,0.0,0.0,1.0,0.0,0.0,0.0,1.0,Barcelone
-1.5911638121385172,-0.6931834090213188,0.7903276481380317,-0.5974666358747122,0.0,0.0,1.0,0.0,0.0,0.0,0.0,1.0,Sydney
-0.11274926910464658,-1.465454604514009,0.6664828994640265,-0.7253287343916334,1.0,0.0,0.0,0.0,0.0,1.0,0.0,0.0,Rio de Janeiro
-1.523963151091523,-0.81677750690832,-1.1911883306460516,-0.03544874166611594,0.0,0.0,1.0,0.0,0.0,0.0,0.0,1.0,Sydney
-1.3223611679505407,-1.6796331965045268,0.04725915609400046,-0.7409834407895384,1.0,0.0,0.0,0.0,0.0,1.0,0.0,0.0,Rio de Janeiro
-0.6503545574805996,0.9411758108633113,0.41879340211601607,-0.23375706445812972,1.0,0.0,0.0,0.0,0.0,0.0,0.0,1.0,Tokyo
0.8952606466002652,-0.16272675287276112,-0.5719645872760255,-0.17479671148325462,0.0,1.0,0.0,0.0,0.0,0.0,1.0,0.0,Londres
-0.919157201668576,-0.11896983622953711,-1.1911883306460516,0.4050636997456687,0.0,1.0,0.0,0.0,0.0,0.0,1.0,0.0,Londres
-0.31435125224562893,-1.5314738120809788,0.41879340211601607,-0.7266841916391827,0.0,0.0,0.0,0.0,1.0,0.0,0.0,1.0,Tokyo
-1.1879598458565523,1.6267008382738206,0.41879340211601607,-0.09709642348554967,1.0,0.0,0.0,0.0,0.0,0.0,1.0,0.0,New York
-1.5911638121385172,-1.0555213854353842,-0.6958093359500308,-0.44669058336038875,0.0,0.0,0.0,0.0,1.0,0.0,1.0,0.0,New York
-0.17994993015164068,-1.5483624465748547,0.17110390476800566,-0.7174120456069584,0.0,0.0,1.0,0.0,0.0,0.0,0.0,1.0,Sydney
0.42485601927130634,-0.5665186503172494,0.41879340211601607,-0.5343186533384738,0.0,0.0,0.0,0.0,1.0,0.0,1.0,0.0,Londres
-1.0535585237625642,-1.6005636804650167,-1.6865673253420723,0.08425015134154366,1.0,0.0,0.0,0.0,0.0,0.0,1.0,0.0,New York
0.8280599855532711,0.5082126356566736,-0.5719645872760255,0.056231133077897615,0.0,0.0,0.0,0.0,1.0,0.0,1.0,0.0,Londres
-0.6503545574805996,0.5135862920865433,0.5426381507900213,-0.3449220011266253,0.0,0.0,1.0,0.0,0.0,1.0,0.0,0.0,Sydney
0.6264580024122887,1.437855198024117,1.5333961401820628,-0.360623429701468,0.0,1.0,0.0,0.0,0.0,0.0,1.0,0.0,Londres
-0.38155191329262306,-0.5273677248996278,-1.438877827994062,0.639615855689752,0.0,0.0,0.0,1.0,0.0,1.0,0.0,0.0,Barcelone
-0.5159532353866113,0.42069880237022567,0.6664828994640265,-0.3851309668610227,0.0,0.0,0.0,0.0,1.0,0.0,0.0,1.0,Sydney
1.0296619686942534,-1.6020990108735509,0.04725915609400046,-0.7226287538187677,0.0,0.0,0.0,0.0,1.0,0.0,1.0,0.0,Londres
1.2312639518352357,-0.2525435817720104,0.2949486534420109,-0.45140745807786004,0.0,0.0,1.0,0.0,0.0,0.0,0.0,1.0,Sydney
-1.2551605069035465,0.8812979249304783,1.4095513915080577,-0.42103841912750345,0.0,0.0,0.0,0.0,1.0,0.0,1.0,0.0,Londres
-0.7175552185275936,-0.7284960084176049,1.1618618941600474,-0.6316185785436572,0.0,0.0,1.0,0.0,0.0,0.0,0.0,1.0,Sydney
0.29045469717731814,-0.04834463743696503,1.5333961401820628,-0.5616682666306532,0.0,0.0,0.0,0.0,1.0,1.0,0.0,0.0,Barcelone
0.22325403613032402,-1.0808543371761983,-0.9434988332980412,-0.3609869314033266,0.0,0.0,0.0,0.0,1.0,0.0,1.0,0.0,New York
-1.3895618289975349,-1.5898163676052774,-0.20043034125400994,-0.7028981155610224,0.0,0.0,1.0,0.0,0.0,1.0,0.0,0.0,Bali
1.0968626297412476,0.2587214442698701,1.5333961401820628,-0.5201300771824743,0.0,0.0,1.0,0.0,0.0,0.0,1.0,0.0,Sydney
0.6936586634592828,0.30324602611736123,-1.6865673253420723,3.6897633214552616,0.0,1.0,0.0,0.0,0.0,0.0,0.0,1.0,Rome
0.5592573413652946,-0.006890716406542282,0.7903276481380317,-0.4793093690407297,0.0,0.0,0.0,0.0,1.0,0.0,1.0,0.0,Londres
-0.38155191329262306,1.5276720269233663,-1.0673435819720463,1.1185512869732064,1.0,0.0,0.0,0.0,0.0,1.0,0.0,0.0,Rio de Janeiro
0.6936586634592828,-1.5974930196479482,-1.5627225766680672,-0.219116848351867,0.0,0.0,0.0,1.0,0.0,0.0,1.0,0.0,Bali
-1.6583644731855112,0.2349238229375904,1.6572408888560681,-0.5341814436533184,0.0,1.0,0.0,0.0,0.0,1.0,0.0,0.0,Rome
-1.1879598458565523,1.6313068294994233,0.41879340211601607,-0.09617821089222894,0.0,0.0,0.0,0.0,1.0,1.0,0.0,0.0,Sydney
-0.4487525743396172,-0.493590455911876,0.6664828994640265,-0.5500375770071184,1.0,0.0,0.0,0.0,0.0,0.0,0.0,1.0,Tokyo
0.3576553582243122,0.7461888489794709,0.9141723968120369,-0.37086350002737556,0.0,0.0,0.0,0.0,1.0,0.0,1.0,0.0,Londres
1.432865934976218,-1.0401680813500425,-0.819654084624036,-0.3968078412906344,1.0,0.0,0.0,0.0,0.0,0.0,0.0,1.0,New York
-0.38155191329262306,-1.0501477290055146,0.5426381507900213,-0.6410685185667514,0.0,0.0,1.0,0.0,0.0,1.0,0.0,0.0,Bali
1.2312639518352357,-0.5780336283812556,-1.6865673253420723,2.020759644321976,1.0,0.0,0.0,0.0,0.0,1.0,0.0,0.0,Rio de Janeiro
1.6344679181172004,1.0931735213081946,-1.438877827994062,2.1741400905524855,0.0,0.0,1.0,0.0,0.0,1.0,0.0,0.0,Sydney
0.49205668031830047,0.8544296427811303,-1.438877827994062,1.948068542924674,0.0,0.0,1.0,0.0,0.0,0.0,1.0,0.0,New York
0.6264580024122887,1.1369304379514187,-0.9434988332980412,0.6890464813568422,1.0,0.0,0.0,0.0,0.0,1.0,0.0,0.0,New York
-1.0535585237625642,-0.016870364062014424,1.5333961401820628,-0.5574106022122147,0.0,0.0,0.0,1.0,0.0,0.0,1.0,0.0,Rio de Janeiro
-0.919157201668576,0.5327779221932205,1.2857066428340524,-0.45579381326652324,0.0,1.0,0.0,0.0,0.0,1.0,0.0,0.0,Rome
0.3576553582243122,-0.406076622625428,-0.9434988332980412,-0.04150636033507181,0.0,0.0,0.0,0.0,1.0,1.0,0.0,0.0,Barcelone
-1.523963151091523,-0.6785977701402441,1.038017145486042,-0.6151659944474286,0.0,0.0,0.0,0.0,1.0,0.0,1.0,0.0,New York
0.7608593245062769,-1.463919274105475,1.1618618941600474,-0.743040617441929,0.0,1.0,0.0,0.0,0.0,0.0,1.0,0.0,Le Caire
-0.9863578627155701,0.8828332553390126,1.5333961401820628,-0.4357037071290511,0.0,1.0,0.0,0.0,0.0,0.0,1.0,0.0,Londres
0.22325403613032402,0.7446535185709368,-1.5627225766680672,2.737985978373883,0.0,0.0,0.0,0.0,1.0,0.0,0.0,1.0,Paris
0.29045469717731814,1.4148252418961045,-1.3150330793200569,1.815478803266201,0.0,0.0,0.0,1.0,0.0,0.0,0.0,1.0,Barcelone
-0.5831538964336054,-0.38688499251875075,0.41879340211601607,-0.4985083621989623,0.0,0.0,1.0,0.0,0.0,1.0,0.0,0.0,Sydney
-0.4487525743396172,1.5368840093745715,0.7903276481380317,-0.21352160214683868,0.0,1.0,0.0,0.0,0.0,0.0,0.0,1.0,Tokyo
-0.31435125224562893,0.6655840025314267,-0.5719645872760255,0.11041958632164622,0.0,0.0,0.0,0.0,1.0,0.0,0.0,1.0,Londres
1.2312639518352357,0.2740747483552119,1.6572408888560681,-0.5290679492908141,0.0,0.0,0.0,1.0,0.0,0.0,0.0,1.0,Sydney
0.9624613076472592,-0.3231687805645825,1.1618618941600474,-0.5702085195266557,0.0,1.0,0.0,0.0,0.0,1.0,0.0,0.0,Rome
-0.5831538964336054,0.02381589176414123,1.038017145486042,-0.504310952017453,0.0,1.0,0.0,0.0,0.0,1.0,0.0,0.0,Barcelone
-1.1879598458565523,-0.861302088755811,-1.3150330793200569,0.09122884254192727,0.0,1.0,0.0,0.0,0.0,0.0,0.0,1.0,Barcelone
-1.1207591848095584,-0.9150386530545072,0.2949486534420109,-0.5908142344543237,0.0,1.0,0.0,0.0,0.0,1.0,0.0,0.0,Barcelone
0.6264580024122887,-0.42373292232357096,-1.6865673253420723,2.31298067141587,1.0,0.0,0.0,0.0,0.0,0.0,1.0,0.0,New York
1.0968626297412476,-0.7231223519877352,-1.6865673253420723,1.745984648696374,0.0,0.0,0.0,0.0,1.0,1.0,0.0,0.0,Rome
-0.5159532353866113,-1.384082092861698,1.1618618941600474,-0.7309446967264589,0.0,0.0,0.0,1.0,0.0,1.0,0.0,0.0,Barcelone
-0.38155191329262306,1.594458899694603,1.6572408888560681,-0.3566128453004751,0.0,0.0,1.0,0.0,0.0,0.0,1.0,0.0,New York
-0.11274926910464658,-0.37537001445474444,0.04725915609400046,-0.43222489461786257,1.0,0.0,0.0,0.0,0.0,0.0,0.0,1.0,Tokyo
-0.5159532353866113,-1.139964557904764,1.4095513915080577,-0.7045904075373912,0.0,0.0,1.0,0.0,0.0,0.0,0.0,1.0,Sydney
-0.2471505911986348,0.08753210371830952,1.5333961401820628,-0.543287617799834,0.0,0.0,1.0,0.0,0.0,0.0,1.0,0.0,Sydney
-0.2471505911986348,1.1568897332623629,0.04725915609400046,-0.0694926649776832,0.0,0.0,0.0,1.0,0.0,1.0,0.0,0.0,Sydney
1.5000665960232122,1.3672299992315449,-0.07658559258000475,0.03482010684537251,0.0,0.0,1.0,0.0,0.0,0.0,1.0,0.0,Sydney
0.22325403613032402,-0.6870420873871821,-0.07658559258000475,-0.48390878692759004,0.0,1.0,0.0,0.0,0.0,0.0,1.0,0.0,Londres
1.3656652739292239,1.1069914949850022,0.7903276481380317,-0.287535102624501,1.0,0.0,0.0,0.0,0.0,0.0,1.0,0.0,New York
-1.1207591848095584,-1.3172952200904613,-0.9434988332980412,-0.4729323419710428,1.0,0.0,0.0,0.0,0.0,1.0,0.0,0.0,Rio de Janeiro
-1.1207591848095584,1.5560756394812485,0.9141723968120369,-0.23748979276949433,0.0,0.0,0.0,0.0,1.0,0.0,0.0,1.0,New York
0.29045469717731814,1.3902599553595576,1.6572408888560681,-0.3832832276617717,0.0,0.0,0.0,0.0,1.0,1.0,0.0,0.0,New York
-0.38155191329262306,-0.09056622367165486,-1.438877827994062,1.0532322884879022,0.0,0.0,1.0,0.0,0.0,0.0,1.0,0.0,Rio de Janeiro
-0.2471505911986348,-0.0629302763180397,-0.5719645872760255,-0.1404333021091702,0.0,0.0,0.0,0.0,1.0,1.0,0.0,0.0,Rome
-1.0535585237625642,-0.1942010262477117,-1.1911883306460516,0.35757170936244004,1.0,0.0,0.0,0.0,0.0,0.0,1.0,0.0,New York
-0.2471505911986348,-1.595957689239414,0.6664828994640265,-0.7488670414653834,0.0,0.0,1.0,0.0,0.0,1.0,0.0,0.0,Bali
-1.5911638121385172,-1.0685716939079248,-1.0673435819720463,-0.2862701296476239,0.0,1.0,0.0,0.0,0.0,1.0,0.0,0.0,Barcelone
1.7016685791641946,-0.5780336283812556,-0.3242750899280151,-0.3977521986981819,0.0,0.0,0.0,1.0,0.0,0.0,1.0,0.0,Bali
1.5672672570702064,1.6666194288957092,0.7903276481380317,-0.1911853850384013,1.0,0.0,0.0,0.0,0.0,1.0,0.0,0.0,Rio de Janeiro
-1.3895618289975349,1.1376981031556856,-0.20043034125400994,0.03502779363137729,0.0,0.0,1.0,0.0,0.0,1.0,0.0,0.0,Sydney
1.6344679181172004,0.554272547912699,-1.3150330793200569,1.1635785651643762,0.0,0.0,1.0,0.0,0.0,1.0,0.0,0.0,Sydney
1.0296619686942534,1.6412864771548954,1.6572408888560681,-0.35049670498453867,0.0,1.0,0.0,0.0,0.0,1.0,0.0,0.0,Le Caire
1.2312639518352357,-1.6850068529343962,0.5426381507900213,-0.7613008062069007,0.0,0.0,0.0,0.0,1.0,0.0,1.0,0.0,Londres
0.1560533750833299,1.0847292040612566,-1.1911883306460516,1.164935545877328,0.0,0.0,1.0,0.0,0.0,0.0,0.0,1.0,Sydney
0.08885271403633577,0.35160893398618775,-0.44811983860202037,-0.06767538527563638,1.0,0.0,0.0,0.0,0.0,0.0,0.0,1.0,Tokyo
-1.3223611679505407,-0.11666684061673585,0.5426381507900213,-0.46428198680082444,0.0,1.0,0.0,0.0,0.0,0.0,0.0,1.0,Barcelone
1.2312639518352357,-0.7899092247589719,-1.1911883306460516,-0.018487316529248534,0.0,0.0,0.0,1.0,0.0,0.0,1.0,0.0,Barcelone
-1.1879598458565523,0.16736928496208667,0.6664828994640265,-0.43082297471006686,0.0,0.0,0.0,1.0,0.0,0.0,0.0,1.0,Sydney
-0.31435125224562893,-0.6893450829999834,-0.819654084624036,-0.2491626657062517,0.0,0.0,0.0,1.0,0.0,0.0,0.0,1.0,Barcelone
0.8280599855532711,0.9979830359790757,1.1618618941600474,-0.3700442930716186,0.0,0.0,1.0,0.0,0.0,0.0,1.0,0.0,Sydney
1.2312639518352357,-1.6097756629162217,1.5333961401820628,-0.7728899599746422,0.0,0.0,1.0,0.0,0.0,0.0,0.0,1.0,Sydney
0.6936586634592828,-1.0486123985969804,-0.44811983860202037,-0.509641699958244,0.0,0.0,0.0,0.0,1.0,1.0,0.0,0.0,Rome
0.42485601927130634,-1.595957689239414,-1.0673435819720463,-0.5716374605815419,0.0,0.0,0.0,0.0,1.0,0.0,1.0,0.0,New York
-0.31435125224562893,0.34469994714778396,-0.44811983860202037,-0.06985614011782022,1.0,0.0,0.0,0.0,0.0,0.0,0.0,1.0,Tokyo
-0.7175552185275936,-1.3004065855965854,-1.3150330793200569,-0.24140892391145696,0.0,0.0,1.0,0.0,0.0,0.0,0.0,1.0,Rio de Janeiro
0.5592573413652946,0.6586750156930229,0.7903276481380317,-0.36472061026549174,0.0,1.0,0.0,0.0,0.0,1.0,0.0,0.0,Le Caire
1.7016685791641946,-1.5928870284223458,0.2949486534420109,-0.7334517588348768,0.0,1.0,0.0,0.0,0.0,0.0,1.0,0.0,Londres
-0.31435125224562893,-1.3280425329502006,-0.07658559258000475,-0.6457692601340265,0.0,1.0,0.0,0.0,0.0,0.0,1.0,0.0,Londres
-1.1207591848095584,1.0816585432441883,0.7903276481380317,-0.29189661247407755,0.0,0.0,0.0,1.0,0.0,0.0,0.0,1.0,Sydney
-1.0535585237625642,1.0071950184302807,-0.5719645872760255,0.22804817994831994,1.0,0.0,0.0,0.0,0.0,0.0,0.0,1.0,Tokyo
1.3656652739292239,-1.4969288778889598,-0.6958093359500308,-0.6138817851413029,0.0,1.0,0.0,0.0,0.0,0.0,0.0,1.0,Rome
-0.8519565406215819,-1.5237971600383078,1.038017145486042,-0.7485555045189074,0.0,0.0,1.0,0.0,0.0,0.0,0.0,1.0,Sydney
0.021652052989341655,-0.5711246415428518,-0.5719645872760255,-0.3154223559987387,0.0,0.0,1.0,0.0,0.0,1.0,0.0,0.0,Rio de Janeiro
0.8952606466002652,-1.324204206928865,0.5426381507900213,-0.6929704855407941,0.0,0.0,1.0,0.0,0.0,1.0,0.0,0.0,Bali
1.7016685791641946,-0.23719027768666864,0.7903276481380317,-0.5189594585823346,0.0,0.0,0.0,1.0,0.0,0.0,0.0,1.0,Sydney
-0.9863578627155701,0.40918382430621936,0.2949486534420109,-0.3121622191016008,1.0,0.0,0.0,0.0,0.0,0.0,0.0,1.0,Tokyo
-1.523963151091523,0.2510447922271992,0.7903276481380317,-0.4349012687541323,0.0,0.0,0.0,0.0,1.0,0.0,1.0,0.0,New York
0.1560533750833299,0.49055633595853065,-0.9434988332980412,0.38301389792172214,0.0,1.0,0.0,0.0,0.0,0.0,0.0,1.0,Paris
-0.6503545574805996,1.060931582728977,-1.1911883306460516,1.1499125693275312,0.0,0.0,1.0,0.0,0.0,1.0,0.0,0.0,Sydney
1.29846461288223,0.1343596811786019,-1.1911883306460516,0.56498570817899,0.0,0.0,0.0,1.0,0.0,1.0,0.0,0.0,Rio de Janeiro
1.1640632907882416,-0.7676469338352263,-1.0673435819720463,-0.12344044445680027,1.0,0.0,0.0,0.0,0.0,0.0,1.0,0.0,New York
1.7016685791641946,-0.9511189176550603,-0.3242750899280151,-0.5064544407592357,0.0,0.0,0.0,0.0,1.0,1.0,0.0,0.0,Rome
0.22325403613032402,-0.06523327193084096,0.6664828994640265,-0.47277654555328025,0.0,0.0,1.0,0.0,0.0,0.0,0.0,1.0,Sydney
1.5000665960232122,-0.7046983870853252,1.038017145486042,-0.619285198209854,0.0,0.0,0.0,1.0,0.0,0.0,1.0,0.0,Bali
-1.7255651342325053,-0.5949222628751316,-0.6958093359500308,-0.27223019889334804,0.0,0.0,0.0,0.0,1.0,0.0,1.0,0.0,Londres
-0.919157201668576,-1.1292172450450246,-0.5719645872760255,-0.5075931145753493,1.0,0.0,0.0,0.0,0.0,1.0,0.0,0.0,Rio de Janeiro
0.1560533750833299,1.3572503515760728,-1.5627225766680672,3.511426835708248,0.0,1.0,0.0,0.0,0.0,0.0,1.0,0.0,Tokyo
-1.5911638121385172,-1.6773302008917255,-0.3242750899280151,-0.7180435785982416,0.0,0.0,0.0,1.0,0.0,0.0,0.0,1.0,Sydney
0.22325403613032402,1.4056132594448993,-0.5719645872760255,0.36523748352639557,0.0,1.0,0.0,0.0,0.0,0.0,1.0,0.0,Londres
1.5000665960232122,1.0217806573113555,0.17110390476800566,-0.14477146595347382,0.0,1.0,0.0,0.0,0.0,0.0,0.0,1.0,Tokyo
-1.1207591848095584,1.0463459438479024,0.04725915609400046,-0.0956617236290789,1.0,0.0,0.0,0.0,0.0,0.0,0.0,1.0,Tokyo
-0.31435125224562893,0.24567113579732963,1.5333961401820628,-0.521895450234022,0.0,0.0,0.0,0.0,1.0,1.0,0.0,0.0,Sydney
1.0296619686942534,-0.8436457890576681,1.2857066428340524,-0.6563114341633782,0.0,0.0,0.0,1.0,0.0,0.0,1.0,0.0,Bali
-0.2471505911986348,-0.10208120173566118,-1.0673435819720463,0.23669561947290402,0.0,0.0,1.0,0.0,0.0,0.0,0.0,1.0,Sydney
-0.919157201668576,-1.6404822710869051,1.5333961401820628,-0.77704377891946,1.0,0.0,0.0,0.0,0.0,0.0,0.0,1.0,Tokyo
1.5000665960232122,0.20421721476690688,1.6572408888560681,-0.5381920274670472,0.0,0.0,0.0,0.0,1.0,1.0,0.0,0.0,Barcelone
1.0296619686942534,0.2280148360991866,0.41879340211601607,-0.37592698099063465,0.0,1.0,0.0,0.0,0.0,0.0,0.0,1.0,Londres
1.6344679181172004,-0.336219089037123,0.9141723968120369,-0.5491165116232168,0.0,0.0,1.0,0.0,0.0,0.0,1.0,0.0,Sydney
0.9624613076472592,-0.9557249088806629,-0.3242750899280151,-0.5077964437476438,0.0,0.0,1.0,0.0,0.0,0.0,1.0,0.0,Bali
0.5592573413652946,-0.8444134542619351,-0.44811983860202037,-0.44518827906703046,0.0,0.0,0.0,1.0,0.0,1.0,0.0,0.0,Barcelone
-0.045548608057652464,-0.1512117748087548,-1.6865673253420723,2.8290924356861806,0.0,1.0,0.0,0.0,0.0,1.0,0.0,0.0,Barcelone
-0.4487525743396172,-1.4040413881726421,1.4095513915080577,-0.74163631867032,0.0,0.0,0.0,0.0,1.0,1.0,0.0,0.0,Barcelone
-0.5831538964336054,1.4731677974204032,0.17110390476800566,-0.044200181354833196,0.0,0.0,0.0,0.0,1.0,1.0,0.0,0.0,Sydney
0.49205668031830047,1.0739818912015173,0.6664828994640265,-0.267300970862427,0.0,0.0,1.0,0.0,0.0,0.0,0.0,1.0,Sydney
1.0968626297412476,0.4997683184097357,0.5426381507900213,-0.3475389070244762,0.0,0.0,0.0,0.0,1.0,1.0,0.0,0.0,Sydney
0.6264580024122887,0.8452176603299252,-0.3242750899280151,0.01692672471991214,0.0,0.0,0.0,0.0,1.0,0.0,0.0,1.0,Paris
0.29045469717731814,0.799925413278167,0.9141723968120369,-0.3620140597353835,0.0,0.0,0.0,0.0,1.0,0.0,0.0,1.0,Sydney
-0.7847558795745877,0.01844223533427162,1.4095513915080577,-0.5420837799223055,1.0,0.0,0.0,0.0,0.0,0.0,1.0,0.0,New York
1.3656652739292239,-1.2489730169106905,-0.9434988332980412,-0.4405844798264754,0.0,0.0,1.0,0.0,0.0,1.0,0.0,0.0,Rio de Janeiro
-0.8519565406215819,-0.8728170668198174,0.17110390476800566,-0.5668971979083125,0.0,1.0,0.0,0.0,0.0,1.0,0.0,0.0,Le Caire
-0.6503545574805996,0.22878250130345368,0.04725915609400046,-0.2892037199050263,0.0,0.0,1.0,0.0,0.0,0.0,0.0,1.0,Sydney
-0.919157201668576,-0.738475656073077,-0.44811983860202037,-0.41175003815354366,1.0,0.0,0.0,0.0,0.0,0.0,0.0,1.0,Tokyo
-0.919157201668576,-0.32854243699445207,0.17110390476800566,-0.44563012175110805,0.0,1.0,0.0,0.0,0.0,0.0,1.0,0.0,Londres
-0.8519565406215819,1.01794233129002,-1.438877827994062,2.1029021109141395,0.0,0.0,1.0,0.0,0.0,0.0,1.0,0.0,Sydney
0.5592573413652946,0.17197527618768918,1.4095513915080577,-0.5205454594961841,0.0,0.0,0.0,1.0,0.0,0.0,1.0,0.0,Sydney
-1.7255651342325053,-0.42142992671076973,-1.6865673253420723,2.3173421792829427,0.0,0.0,1.0,0.0,0.0,0.0,1.0,0.0,Rio de Janeiro
1.0296619686942534,-1.6543002447637127,-1.1911883306460516,-0.5641605937896111,0.0,1.0,0.0,0.0,0.0,0.0,1.0,0.0,Londres
-0.5159532353866113,1.3910276205638248,-0.6958093359500308,0.47998482546704263,0.0,0.0,1.0,0.0,0.0,1.0,0.0,0.0,Sydney
-0.4487525743396172,-0.152747105217289,1.2857066428340524,-0.5556612061616105,0.0,0.0,0.0,0.0,1.0,0.0,0.0,1.0,Sydney
-1.3223611679505407,-0.5772659631769885,0.7903276481380317,-0.577509424138771,0.0,1.0,0.0,0.0,0.0,1.0,0.0,0.0,Barcelone
0.08885271403633577,0.3255083170411068,-1.1911883306460516,0.6856541327241323,0.0,1.0,0.0,0.0,0.0,0.0,0.0,1.0,Londres
0.42485601927130634,-1.5560390986175257,0.04725915609400046,-0.7117249793806862,0.0,0.0,0.0,0.0,1.0,0.0,0.0,1.0,Sydney
-1.7255651342325053,-0.214160321558656,-1.438877827994062,0.9361984647963342,0.0,0.0,1.0,0.0,0.0,1.0,0.0,0.0,Rio de Janeiro
-0.045548608057652464,1.2298179276677363,0.2949486534420109,-0.13947873828301494,0.0,0.0,0.0,1.0,0.0,0.0,0.0,1.0,Sydney
1.1640632907882416,0.5488988914828293,0.41879340211601607,-0.31195817032261847,1.0,0.0,0.0,0.0,0.0,0.0,0.0,1.0,Tokyo
-0.5831538964336054,0.22494417528211824,-0.9434988332980412,0.2572570405956512,1.0,0.0,0.0,0.0,0.0,0.0,0.0,1.0,Tokyo
-0.8519565406215819,-1.1000459672828753,-1.3150330793200569,-0.08962840460318194,0.0,0.0,0.0,1.0,0.0,0.0,0.0,1.0,Barcelone
1.6344679181172004,1.5929235692860688,0.7903276481380317,-0.2038734136917148,1.0,0.0,0.0,0.0,0.0,0.0,0.0,1.0,New York
1.2312639518352357,1.184525680615978,-0.9434988332980412,0.7115809471204734,0.0,0.0,1.0,0.0,0.0,0.0,1.0,0.0,Sydney
0.8280599855532711,1.3902599553595576,-0.819654084624036,0.6260469199788528,1.0,0.0,0.0,0.0,0.0,0.0,1.0,0.0,New York
0.49205668031830047,0.6640486721228925,-1.0673435819720463,0.6512467057495418,0.0,0.0,0.0,0.0,1.0,1.0,0.0,0.0,Rome
1.0968626297412476,-1.420930022666518,1.1618618941600474,-0.7365274293643681,0.0,0.0,0.0,1.0,0.0,0.0,1.0,0.0,Bali
0.49205668031830047,-0.144302787970351,-0.9434988332980412,0.08243320136489973,0.0,0.0,1.0,0.0,0.0,0.0,1.0,0.0,Londres
0.8280599855532711,1.131556781521549,1.5333961401820628,-0.4020577736760263,1.0,0.0,0.0,0.0,0.0,0.0,0.0,1.0,New York
-0.17994993015164068,-1.6335732842485013,1.038017145486042,-0.765880390931461,0.0,1.0,0.0,0.0,0.0,0.0,0.0,1.0,Paris
-0.17994993015164068,1.3257760782011223,-0.6958093359500308,0.45526960433421193,0.0,1.0,0.0,0.0,0.0,0.0,0.0,1.0,Tokyo
0.5592573413652946,-0.016102698857747337,-0.5719645872760255,-0.12430893309517674,0.0,0.0,0.0,0.0,1.0,0.0,0.0,1.0,Rome
1.432865934976218,-1.2766089642643055,-0.20043034125400994,-0.6181602121130914,0.0,1.0,0.0,0.0,0.0,0.0,1.0,0.0,Rome
1.5000665960232122,-0.9465129264294578,1.5333961401820628,-0.6831674707665759,0.0,0.0,1.0,0.0,0.0,0.0,0.0,1.0,Sydney
0.8952606466002652,-1.3119215636605916,0.7903276481380317,-0.7039932097764904,0.0,0.0,0.0,0.0,1.0,0.0,1.0,0.0,Londres
-0.2471505911986348,1.5560756394812485,0.5426381507900213,-0.1474909894998747,0.0,0.0,0.0,1.0,0.0,0.0,0.0,1.0,Sydney
1.5672672570702064,0.9603674409699884,-1.3150330793200569,1.471210345678083,0.0,1.0,0.0,0.0,0.0,0.0,1.0,0.0,Londres
1.0296619686942534,0.8659446208451366,-1.1911883306460516,1.0268210840485508,0.0,1.0,0.0,0.0,0.0,0.0,0.0,1.0,Londres
0.5592573413652946,-0.5166204120398886,1.4095513915080577,-0.6171448266073384,0.0,0.0,1.0,0.0,0.0,0.0,0.0,1.0,Sydney
0.1560533750833299,-1.2343873780296157,-1.1911883306460516,-0.29907774950771204,0.0,1.0,0.0,0.0,0.0,1.0,0.0,0.0,Barcelone
0.1560533750833299,-0.8236864937467238,1.2857066428340524,-0.6534037609099937,0.0,0.0,0.0,1.0,0.0,0.0,0.0,1.0,Barcelone
-0.8519565406215819,1.6681547593042434,-0.6958093359500308,0.5849518234547123,0.0,0.0,0.0,1.0,0.0,0.0,0.0,1.0,Sydney
-0.4487525743396172,0.685543297842371,0.41879340211601607,-0.2847178633874345,0.0,0.0,0.0,1.0,0.0,0.0,0.0,1.0,Sydney
-1.7255651342325053,-0.0007493947724055792,0.2949486534420109,-0.3984231908107915,0.0,1.0,0.0,0.0,0.0,1.0,0.0,0.0,Rome
0.8952606466002652,0.6817049718210355,-1.0673435819720463,0.6608004882990033,0.0,0.0,0.0,0.0,1.0,0.0,1.0,0.0,Londres
0.49205668031830047,-0.8643727495728795,-1.5627225766680672,0.7064921977061767,0.0,1.0,0.0,0.0,0.0,0.0,1.0,0.0,Londres
1.29846461288223,1.0417399526222997,1.4095513915080577,-0.3985308742822067,0.0,1.0,0.0,0.0,0.0,1.0,0.0,0.0,Le Caire
-1.3895618289975349,-0.7000923958597226,0.9141723968120369,-0.6090398644575634,0.0,0.0,1.0,0.0,0.0,0.0,0.0,1.0,Sydney
0.08885271403633577,1.4731677974204032,1.1618618941600474,-0.2980503034285809,0.0,0.0,0.0,0.0,1.0,0.0,0.0,1.0,New York
-1.523963151091523,-0.4037736270126267,-0.5719645872760255,-0.25779756181758173,1.0,0.0,0.0,0.0,0.0,0.0,1.0,0.0,New York
1.5000665960232122,0.49592999238840024,-1.1911883306460516,0.7932380293065483,0.0,1.0,0.0,0.0,0.0,0.0,0.0,1.0,Londres
1.5000665960232122,0.5650198607724382,1.2857066428340524,-0.45109680262644075,0.0,0.0,1.0,0.0,0.0,0.0,1.0,0.0,Sydney
-0.6503545574805996,-0.019941024879082777,1.5333961401820628,-0.5578259841066966,0.0,0.0,1.0,0.0,0.0,0.0,0.0,1.0,Sydney
1.6344679181172004,1.1430717595855553,1.4095513915080577,-0.3843155828009665,0.0,0.0,0.0,0.0,1.0,0.0,0.0,1.0,New York
1.6344679181172004,-1.7026631526325393,-0.819654084624036,-0.6756213785539217,0.0,0.0,0.0,1.0,0.0,1.0,0.0,0.0,Bali
-1.523963151091523,-0.449833539268652,0.5426381507900213,-0.5273784956712292,0.0,0.0,0.0,1.0,0.0,1.0,0.0,0.0,Bali
-0.2471505911986348,0.3969011810379459,-0.07658559258000475,-0.21019981906233481,1.0,0.0,0.0,0.0,0.0,0.0,0.0,1.0,Tokyo
-1.7255651342325053,-1.593654693626613,-0.07658559258000475,-0.7128395879536994,0.0,0.0,1.0,0.0,0.0,0.0,1.0,0.0,Bali
-0.2471505911986348,1.5637522915239195,1.4095513915080577,-0.32530058483339397,0.0,1.0,0.0,0.0,0.0,0.0,1.0,0.0,Londres
0.08885271403633577,-1.6397146058826382,1.2857066428340524,-0.7722828635387482,0.0,1.0,0.0,0.0,0.0,1.0,0.0,0.0,Barcelone
1.2312639518352357,-0.8037271984357794,0.9141723968120369,-0.6261066421635483,0.0,0.0,1.0,0.0,0.0,0.0,1.0,0.0,Rio de Janeiro
1.5000665960232122,-0.642517505539691,1.5333961401820628,-0.642044663212879,0.0,0.0,0.0,0.0,1.0,0.0,1.0,0.0,Londres
-1.0535585237625642,-1.5468271161663205,1.1618618941600474,-0.7556017658772247,0.0,0.0,0.0,1.0,0.0,0.0,0.0,1.0,Sydney
-0.8519565406215819,1.6412864771548954,0.7903276481380317,-0.19554689488797777,0.0,0.0,0.0,1.0,0.0,0.0,0.0,1.0,Sydney
-0.31435125224562893,1.1737783677562388,-0.44811983860202037,0.19183444094425,0.0,0.0,1.0,0.0,0.0,0.0,1.0,0.0,Sydney
-1.3895618289975349,-1.5905840328095444,-0.07658559258000475,-0.7120642084413333,0.0,1.0,0.0,0.0,0.0,0.0,1.0,0.0,Tokyo
0.42485601927130634,1.2674335226768236,0.2949486534420109,-0.13156340567299554,0.0,1.0,0.0,0.0,0.0,1.0,0.0,0.0,Le Caire
-0.5831538964336054,-1.6773302008917255,0.6664828994640265,-0.7635438682290158,0.0,1.0,0.0,0.0,0.0,0.0,0.0,1.0,Rome
-1.5911638121385172,0.6026354557815254,-1.0673435819720463,0.6180161577514146,0.0,0.0,0.0,1.0,0.0,1.0,0.0,0.0,Sydney
0.49205668031830047,-0.9587955696977312,-1.3150330793200569,0.017373953836368194,0.0,0.0,0.0,0.0,1.0,0.0,1.0,0.0,New York
0.22325403613032402,1.7157500019688028,-1.6865673253420723,6.364821479926729,0.0,1.0,0.0,0.0,0.0,1.0,0.0,0.0,Barcelone
1.6344679181172004,-0.38381433170168244,-0.9434988332980412,-0.030966045703695884,0.0,0.0,0.0,0.0,1.0,1.0,0.0,0.0,Barcelone
-0.5831538964336054,-0.4782371518265342,1.2857066428340524,-0.6030786469091101,0.0,1.0,0.0,0.0,0.0,0.0,0.0,1.0,Paris
-0.045548608057652464,-0.7899092247589719,-0.3242750899280151,-0.4594843361649532,0.0,1.0,0.0,0.0,0.0,1.0,0.0,0.0,Barcelone
-1.3223611679505407,-0.6118108973690075,-0.819654084624036,-0.21653211267775577,0.0,0.0,0.0,1.0,0.0,1.0,0.0,0.0,Barcelone
-1.1879598458565523,0.6233624162967368,-0.3242750899280151,-0.047713085888409924,0.0,0.0,1.0,0.0,0.0,1.0,0.0,0.0,Sydney
-0.4487525743396172,-1.4247683486878535,0.41879340211601607,-0.7054122665605841,0.0,0.0,1.0,0.0,0.0,1.0,0.0,0.0,Bali
-0.7175552185275936,1.3894922901552904,0.7903276481380317,-0.23889765945346578,0.0,1.0,0.0,0.0,0.0,1.0,0.0,0.0,Barcelone
0.021652052989341655,-1.0493800638012476,-0.20043034125400994,-0.5566836939253766,1.0,0.0,0.0,0.0,0.0,1.0,0.0,0.0,Rio de Janeiro
0.49205668031830047,0.3339526342880447,0.6664828994640265,-0.40077701803357424,0.0,1.0,0.0,0.0,0.0,0.0,0.0,1.0,Paris
-0.5159532353866113,-1.3480018282611448,1.6572408888560681,-0.7409270392510388,0.0,0.0,1.0,0.0,0.0,0.0,0.0,1.0,Sydney
0.5592573413652946,-0.6801331005487783,-0.9434988332980412,-0.1712612680385609,0.0,1.0,0.0,0.0,0.0,0.0,0.0,1.0,Londres
1.6344679181172004,1.1937376630671832,-1.438877827994062,2.2693663694568045,0.0,0.0,1.0,0.0,0.0,1.0,0.0,0.0,Sydney
1.2312639518352357,0.5066773052481395,-0.44811983860202037,-0.018729554373286144,0.0,1.0,0.0,0.0,0.0,0.0,1.0,0.0,Londres
-0.6503545574805996,-1.6013313456692837,-0.20043034125400994,-0.7060134796583728,0.0,0.0,1.0,0.0,0.0,0.0,1.0,0.0,Bali
-1.5911638121385172,-0.7039307218810581,-1.5627225766680672,0.9090600412937483,1.0,0.0,0.0,0.0,0.0,0.0,0.0,1.0,Tokyo
0.42485601927130634,-1.149944205560236,0.7903276481380317,-0.6761059801322283,0.0,0.0,1.0,0.0,0.0,0.0,0.0,1.0,Sydney
0.3576553582243122,-0.24026093850373698,1.038017145486042,-0.5459876018490504,1.0,0.0,0.0,0.0,0.0,0.0,0.0,1.0,Tokyo
-1.3223611679505407,-0.8313631457893946,1.4095513915080577,-0.6612983834808873,1.0,0.0,0.0,0.0,0.0,0.0,0.0,1.0,New York
-1.6583644731855112,0.8682476164579379,1.5333961401820628,-0.4376767711278396,0.0,1.0,0.0,0.0,0.0,0.0,1.0,0.0,Londres
-1.1879598458565523,0.16813695016635374,-0.819654084624036,0.11171186630196595,0.0,0.0,0.0,1.0,0.0,0.0,1.0,0.0,Rio de Janeiro
0.08885271403633577,0.008462587678799476,0.04725915609400046,-0.3413601076338497,0.0,0.0,1.0,0.0,0.0,0.0,0.0,1.0,Sydney
-1.3223611679505407,-1.0470770681884463,-0.6958093359500308,-0.44349214297849304,0.0,0.0,1.0,0.0,0.0,0.0,1.0,0.0,Bali
1.7016685791641946,-0.5335090465337645,0.6664828994640265,-0.557237529759089,0.0,1.0,0.0,0.0,0.0,0.0,0.0,1.0,Paris
-1.4567624900445288,1.262059866246954,-1.3150330793200569,1.6997534264756005,0.0,0.0,0.0,1.0,0.0,1.0,0.0,0.0,Rio de Janeiro
-0.4487525743396172,-1.3955970709257042,-0.07658559258000475,-0.662827609406082,0.0,0.0,1.0,0.0,0.0,0.0,1.0,0.0,Rio de Janeiro
0.49205668031830047,-0.720819356374934,-1.1911883306460516,0.025127776679839023,0.0,0.0,0.0,0.0,1.0,0.0,0.0,1.0,Londres
1.432865934976218,1.0947088517167287,1.038017145486042,-0.33530244470617865,0.0,0.0,0.0,1.0,0.0,1.0,0.0,0.0,Sydney
0.08885271403633577,-1.3733347800019586,1.4095513915080577,-0.7373286545850957,1.0,0.0,0.0,0.0,0.0,0.0,0.0,1.0,Tokyo
-1.3223611679505407,1.0309926397625604,-1.0673435819720463,0.8497992300383521,1.0,0.0,0.0,0.0,0.0,0.0,0.0,1.0,New York
-1.0535585237625642,-0.6256288710458151,-0.3242750899280151,-0.411619562911732,0.0,1.0,0.0,0.0,0.0,0.0,1.0,0.0,Londres
1.432865934976218,-0.13816146633621432,-0.819654084624036,-0.017194971899716156,0.0,0.0,0.0,0.0,1.0,0.0,1.0,0.0,Londres
0.8952606466002652,-1.3134568940691258,1.038017145486042,-0.7153595683158328,0.0,0.0,1.0,0.0,0.0,1.0,0.0,0.0,Rio de Janeiro
0.49205668031830047,0.9757207450553301,0.9141723968120369,-0.3330637479230092,0.0,0.0,0.0,1.0,0.0,1.0,0.0,0.0,Sydney
0.3576553582243122,1.4731677974204032,0.2949486534420109,-0.08827138241819571,0.0,1.0,0.0,0.0,0.0,1.0,0.0,0.0,Le Caire
-0.7175552185275936,1.5345810137617701,1.1618618941600474,-0.2887457490320655,0.0,0.0,0.0,0.0,1.0,0.0,0.0,1.0,New York
-0.7175552185275936,-1.0017848211366882,0.9141723968120369,-0.6587231506683192,1.0,0.0,0.0,0.0,0.0,1.0,0.0,0.0,Rio de Janeiro
-0.31435125224562893,-1.3794761016360955,-0.20043034125400994,-0.6459907980494217,0.0,0.0,1.0,0.0,0.0,0.0,0.0,1.0,Rio de Janeiro
0.49205668031830047,-1.0117644687921603,-1.6865673253420723,1.1993423293565524,1.0,0.0,0.0,0.0,0.0,1.0,0.0,0.0,Rio de Janeiro
-0.5159532353866113,0.8575003035981986,1.2857066428340524,-0.4084882061056925,1.0,0.0,0.0,0.0,0.0,1.0,0.0,0.0,New York
0.7608593245062769,0.4813443535073256,0.04725915609400046,-0.22941469006954582,0.0,0.0,0.0,0.0,1.0,0.0,0.0,1.0,New York
-0.045548608057652464,-0.21185732594585474,0.7903276481380317,-0.514597948732758,0.0,0.0,0.0,0.0,1.0,0.0,1.0,0.0,Londres
0.1560533750833299,0.022280561355607055,-0.07658559258000475,-0.30479611957100655,0.0,0.0,0.0,1.0,0.0,0.0,0.0,1.0,Sydney
-1.4567624900445288,1.3810479729083525,-1.6865673253420723,5.730949003245446,0.0,1.0,0.0,0.0,0.0,0.0,0.0,1.0,Tokyo
1.432865934976218,-0.11129318418686623,-0.9434988332980412,0.09806194374935354,1.0,0.0,0.0,0.0,0.0,0.0,0.0,1.0,New York
-0.6503545574805996,0.9373374848419758,1.6572408888560681,-0.4424393389142718,0.0,0.0,0.0,1.0,0.0,1.0,0.0,0.0,Sydney
1.5672672570702064,-0.16502974848556237,-1.6865673253420723,2.802923388483742,0.0,0.0,0.0,0.0,1.0,0.0,1.0,0.0,Londres
0.6264580024122887,-1.2412963648680195,-0.3242750899280151,-0.5910006290289442,0.0,0.0,0.0,1.0,0.0,0.0,0.0,1.0,Barcelone
0.49205668031830047,1.235959249301873,-0.07658559258000475,0.0016726326917190625,0.0,0.0,1.0,0.0,0.0,0.0,0.0,1.0,Sydney
-1.523963151091523,-1.465454604514009,0.41879340211601607,-0.713523144468251,0.0,1.0,0.0,0.0,0.0,1.0,0.0,0.0,Barcelone
0.5592573413652946,1.1000825081465984,0.6664828994640265,-0.262593309447677,0.0,0.0,0.0,1.0,0.0,0.0,0.0,1.0,Sydney
-0.8519565406215819,0.8106727261379063,0.9141723968120369,-0.360244171676985,0.0,0.0,1.0,0.0,0.0,1.0,0.0,0.0,Sydney
-0.4487525743396172,1.1100621558020705,-0.819654084624036,0.5081246243808228,0.0,0.0,0.0,0.0,1.0,0.0,0.0,1.0,Tokyo
-0.6503545574805996,-0.3577137147566014,0.04725915609400046,-0.428045114416598,0.0,1.0,0.0,0.0,0.0,0.0,1.0,0.0,Londres
1.2312639518352357,-0.4198945963022355,-1.3150330793200569,0.4256112126655217,0.0,1.0,0.0,0.0,0.0,0.0,0.0,1.0,Rome
-1.4567624900445288,-1.0931369804444715,-1.5627225766680672,0.417663406370787,1.0,0.0,0.0,0.0,0.0,1.0,0.0,0.0,Rio de Janeiro
-0.8519565406215819,-1.533009142489513,0.17110390476800566,-0.7139912536138074,0.0,0.0,1.0,0.0,0.0,1.0,0.0,0.0,Bali
1.29846461288223,1.7034673587005293,1.038017145486042,-0.23922807460019982,0.0,1.0,0.0,0.0,0.0,1.0,0.0,0.0,Rome
1.5000665960232122,-0.18115071777517122,0.17110390476800566,-0.41279051861685806,0.0,0.0,0.0,1.0,0.0,0.0,0.0,1.0,Sydney
0.6264580024122887,1.7142146715602686,-1.3150330793200569,2.0422772803935088,0.0,0.0,0.0,1.0,0.0,0.0,1.0,0.0,New York
-0.5831538964336054,-0.6809007657530454,0.7903276481380317,-0.5953519644324933,1.0,0.0,0.0,0.0,0.0,0.0,1.0,0.0,New York
-0.6503545574805996,1.0770525520185859,-1.0673435819720463,0.8747221410369477,0.0,0.0,1.0,0.0,0.0,0.0,1.0,0.0,Bali
1.432865934976218,1.384118633725421,-0.9434988332980412,0.8060803196776365,0.0,0.0,1.0,0.0,0.0,1.0,0.0,0.0,Rio de Janeiro
-1.4567624900445288,-0.23411961686960028,-1.1911883306460516,0.3323718777305227,0.0,0.0,1.0,0.0,0.0,1.0,0.0,0.0,Rio de Janeiro
1.1640632907882416,-1.620522975775961,1.5333961401820628,-0.7743437966053283,0.0,0.0,1.0,0.0,0.0,0.0,1.0,0.0,Bali
-1.4567624900445288,1.386421629338222,-1.5627225766680672,3.5482573527241703,1.0,0.0,0.0,0.0,0.0,1.0,0.0,0.0,Rio de Janeiro
1.7016685791641946,-1.4600809480841397,0.7903276481380317,-0.7295014340482562,0.0,0.0,0.0,0.0,1.0,0.0,1.0,0.0,Londres
-0.8519565406215819,0.016139239721470352,1.1618618941600474,-0.5188008564859082,1.0,0.0,0.0,0.0,0.0,0.0,0.0,1.0,New York
-0.5831538964336054,-1.166832840054112,1.6572408888560681,-0.7172645947500388,0.0,0.0,1.0,0.0,0.0,0.0,1.0,0.0,Rio de Janeiro
1.5672672570702064,-0.9772195346001413,-0.5719645872760255,-0.4552549987594361,0.0,0.0,0.0,1.0,0.0,0.0,1.0,0.0,Bali
-1.1879598458565523,-0.4291065787534406,1.1618618941600474,-0.5862588758606447,1.0,0.0,0.0,0.0,0.0,0.0,1.0,0.0,Rio de Janeiro
1.2312639518352357,-1.1791154833223854,-0.5719645872760255,-0.5247748192623917,1.0,0.0,0.0,0.0,0.0,0.0,1.0,0.0,Rio de Janeiro
1.29846461288223,0.5619491999553698,-0.07658559258000475,-0.16852317027265357,1.0,0.0,0.0,0.0,0.0,0.0,0.0,1.0,Tokyo
1.2312639518352357,-1.533009142489513,-1.3150330793200569,-0.4176138946026728,0.0,0.0,0.0,1.0,0.0,0.0,0.0,1.0,Barcelone
-0.5159532353866113,0.24336814018452835,-1.0673435819720463,0.42361745196236994,1.0,0.0,0.0,0.0,0.0,1.0,0.0,0.0,Rio de Janeiro
0.49205668031830047,-1.229013721599746,0.2949486534420109,-0.6568830311379548,0.0,0.0,0.0,0.0,1.0,0.0,1.0,0.0,New York
-0.9863578627155701,1.0555579262991073,0.7903276481380317,-0.29639028928879274,0.0,0.0,1.0,0.0,0.0,0.0,0.0,1.0,Sydney
-0.5159532353866113,-1.4431923135902636,-0.6958093359500308,-0.5935280736201481,0.0,1.0,0.0,0.0,0.0,0.0,0.0,1.0,Barcelone
-0.5159532353866113,-0.738475656073077,1.1618618941600474,-0.633130568633091,0.0,0.0,0.0,1.0,0.0,0.0,1.0,0.0,Rio de Janeiro
-0.8519565406215819,-0.12434349265940672,1.5333961401820628,-0.5719489685190774,0.0,0.0,1.0,0.0,0.0,1.0,0.0,0.0,Sydney
1.3656652739292239,0.284054396010684,1.6572408888560681,-0.5277645095513523,0.0,1.0,0.0,0.0,0.0,1.0,0.0,0.0,Rome
1.2312639518352357,-1.3971324013342383,1.1618618941600474,-0.7329219145357184,0.0,0.0,0.0,1.0,0.0,0.0,1.0,0.0,Barcelone
-1.5911638121385172,-1.314224559273393,-0.5719645872760255,-0.5712975888765367,0.0,0.0,0.0,0.0,1.0,0.0,0.0,1.0,Barcelone
-0.7847558795745877,-0.03375899855589036,0.17110390476800566,-0.37995091548260806,0.0,0.0,0.0,1.0,0.0,0.0,1.0,0.0,Barcelone
-1.3223611679505407,-1.5214941644255067,0.5426381507900213,-0.7303340864156651,0.0,1.0,0.0,0.0,0.0,0.0,0.0,1.0,Barcelone
-0.8519565406215819,-1.088530989218869,1.6572408888560681,-0.7070376060250303,0.0,1.0,0.0,0.0,0.0,0.0,1.0,0.0,Londres
1.432865934976218,0.5773025040407116,-0.5719645872760255,0.08002118572149453,0.0,1.0,0.0,0.0,0.0,0.0,0.0,1.0,Rome
1.2312639518352357,0.6893816238637064,-0.44811983860202037,0.03893929589779963,1.0,0.0,0.0,0.0,0.0,1.0,0.0,0.0,Rio de Janeiro
-1.5911638121385172,1.4393905284326511,0.41879340211601607,-0.1344370689472625,0.0,1.0,0.0,0.0,0.0,0.0,1.0,0.0,Tokyo
0.021652052989341655,-1.6750272052789241,-0.5719645872760255,-0.695534530459765,0.0,0.0,1.0,0.0,0.0,1.0,0.0,0.0,Rio de Janeiro
1.6344679181172004,-1.210589756697336,-0.3242750899280151,-0.5820539424395571,0.0,0.0,0.0,1.0,0.0,1.0,0.0,0.0,Bali
-1.3895618289975349,0.45908206258358003,0.6664828994640265,-0.37820793536874336,0.0,0.0,0.0,1.0,0.0,1.0,0.0,0.0,Sydney
1.432865934976218,0.5389192438273572,0.5426381507900213,-0.3401243403138987,1.0,0.0,0.0,0.0,0.0,1.0,0.0,0.0,Rio de Janeiro
1.2312639518352357,-0.18805970461357502,0.7903276481380317,-0.5105007728134588,0.0,1.0,0.0,0.0,0.0,0.0,0.0,1.0,Rome
0.5592573413652946,0.2218735144650499,0.17110390476800566,-0.32299472879664315,0.0,0.0,0.0,0.0,1.0,0.0,0.0,1.0,Paris
-0.2471505911986348,0.10902672943778799,1.4095513915080577,-0.5293761708708938,0.0,0.0,1.0,0.0,0.0,1.0,0.0,0.0,Sydney
1.7016685791641946,0.26409510069973974,-0.9434988332980412,0.27579345598186406,0.0,0.0,0.0,0.0,1.0,1.0,0.0,0.0,Rome
1.2312639518352357,-0.35387538873526597,1.6572408888560681,-0.6110843882815684,1.0,0.0,0.0,0.0,0.0,1.0,0.0,0.0,Rio de Janeiro
1.5672672570702064,-0.43217723957050896,-0.3242750899280151,-0.35525543739859294,0.0,0.0,0.0,0.0,1.0,0.0,0.0,1.0,Sydney
-1.6583644731855112,1.45551149772226,-1.0673435819720463,1.079505393075407,1.0,0.0,0.0,0.0,0.0,0.0,1.0,0.0,New York
-0.8519565406215819,-0.5150850816313545,-0.9434988332980412,-0.0931175561162915,1.0,0.0,0.0,0.0,0.0,1.0,0.0,0.0,Rio de Janeiro
1.2312639518352357,-1.6988248266112038,-0.07658559258000475,-0.7393963362522405,0.0,0.0,0.0,0.0,1.0,0.0,1.0,0.0,Londres
0.6936586634592828,-1.1345909014748943,-1.5627225766680672,0.36532530324289764,1.0,0.0,0.0,0.0,0.0,1.0,0.0,0.0,Rio de Janeiro
-0.045548608057652464,-0.48284314305213677,0.6664828994640265,-0.5480991281892803,0.0,0.0,0.0,1.0,0.0,0.0,0.0,1.0,Sydney
-1.2551605069035465,0.7784307875586886,-1.3150330793200569,1.3333866557314884,0.0,0.0,0.0,0.0,1.0,0.0,0.0,1.0,Londres
0.6936586634592828,0.9734177494425289,0.17110390476800566,-0.15554696073189966,1.0,0.0,0.0,0.0,0.0,1.0,0.0,0.0,New York
-0.17994993015164068,0.8283290258360493,0.17110390476800566,-0.187873445067177,1.0,0.0,0.0,0.0,0.0,0.0,0.0,1.0,Tokyo
0.5592573413652946,-1.3364868501971385,1.1618618941600474,-0.7237336670691595,0.0,0.0,0.0,1.0,0.0,0.0,1.0,0.0,Bali
-1.4567624900445288,-0.9365332787739856,1.6572408888560681,-0.6871852161470726,0.0,0.0,0.0,0.0,1.0,1.0,0.0,0.0,Barcelone
0.5592573413652946,0.016906904925737442,0.2949486534420109,-0.3947078306060886,1.0,0.0,0.0,0.0,0.0,0.0,1.0,0.0,New York
0.42485601927130634,-0.7016277262682568,-0.07658559258000475,-0.48759183961132935,0.0,0.0,1.0,0.0,0.0,0.0,1.0,0.0,Bali
-0.919157201668576,1.5276720269233663,-0.3242750899280151,0.21576683416904152,0.0,0.0,1.0,0.0,0.0,0.0,0.0,1.0,Sydney
0.8280599855532711,-0.4981964471374785,0.04725915609400046,-0.4613016264527467,0.0,0.0,1.0,0.0,0.0,0.0,1.0,0.0,Sydney
0.1560533750833299,-1.009461473179359,0.2949486534420109,-0.6106833346794743,0.0,0.0,0.0,1.0,0.0,0.0,0.0,1.0,Barcelone
-0.5831538964336054,1.3733713208656817,1.1618618941600474,-0.31317020432291837,0.0,0.0,1.0,0.0,0.0,0.0,0.0,1.0,Sydney
-1.1207591848095584,0.7891781004184278,-0.5719645872760255,0.15297734716185857,0.0,0.0,1.0,0.0,0.0,1.0,0.0,0.0,Sydney
-0.4487525743396172,0.34009395592218145,-0.3242750899280151,-0.13024626967550626,0.0,0.0,0.0,1.0,0.0,1.0,0.0,0.0,Sydney
-1.3895618289975349,-0.9012206793776997,0.6664828994640265,-0.6235601714551259,0.0,0.0,0.0,1.0,0.0,0.0,0.0,1.0,Barcelone
-1.2551605069035465,-1.647391257925309,0.7903276481380317,-0.7617501735420947,1.0,0.0,0.0,0.0,0.0,1.0,0.0,0.0,Rio de Janeiro
-1.3223611679505407,-1.2198017391485412,1.1618618941600474,-0.7060550137157803,0.0,0.0,0.0,1.0,0.0,0.0,1.0,0.0,Barcelone
1.432865934976218,-0.020708690083349864,1.1618618941600474,-0.5243835891238176,0.0,0.0,0.0,0.0,1.0,0.0,0.0,1.0,Rome
0.7608593245062769,-0.9380686091825199,0.9141723968120369,-0.6482302428935286,0.0,0.0,0.0,0.0,1.0,0.0,1.0,0.0,New York
0.29045469717731814,0.9373374848419758,0.7903276481380317,-0.3167440019201499,0.0,1.0,0.0,0.0,0.0,0.0,1.0,0.0,Londres
-0.2471505911986348,-0.00765838161080937,-0.20043034125400994,-0.27484708858507656,0.0,0.0,0.0,1.0,0.0,0.0,0.0,1.0,Sydney
-0.6503545574805996,-0.6379115143140885,0.41879340211601607,-0.5485509485349462,0.0,0.0,0.0,1.0,0.0,0.0,1.0,0.0,Bali
-1.1207591848095584,1.2336562536890716,-1.1911883306460516,1.2589503023502502,0.0,1.0,0.0,0.0,0.0,1.0,0.0,0.0,Barcelone
0.29045469717731814,1.2229089408293325,-1.438877827994062,2.296989259520653,1.0,0.0,0.0,0.0,0.0,1.0,0.0,0.0,New York
1.29846461288223,-0.2701998814701534,1.5333961401820628,-0.5916796085069622,0.0,1.0,0.0,0.0,0.0,0.0,0.0,1.0,Rome
1.0296619686942534,-1.587513371992476,1.5333961401820628,-0.7698784412396491,0.0,1.0,0.0,0.0,0.0,0.0,0.0,1.0,Rome
0.021652052989341655,1.428643215572912,0.6664828994640265,-0.20333215987376518,0.0,0.0,0.0,0.0,1.0,1.0,0.0,0.0,Rome
-1.6583644731855112,-0.869746406002749,1.4095513915080577,-0.6666829635874176,0.0,0.0,0.0,0.0,1.0,0.0,1.0,0.0,Londres
-0.4487525743396172,1.428643215572912,-1.438877827994062,2.4918033262867416,1.0,0.0,0.0,0.0,0.0,0.0,0.0,1.0,New York
-0.5831538964336054,-0.6939510742255859,-0.9434988332980412,-0.17780353229251838,1.0,0.0,0.0,0.0,0.0,1.0,0.0,0.0,Rio de Janeiro
0.3576553582243122,-0.3554107191438002,-1.1911883306460516,0.25580315854123564,0.0,1.0,0.0,0.0,0.0,1.0,0.0,0.0,Rome
1.1640632907882416,-1.5790690547455382,-0.819654084624036,-0.6236063385778043,0.0,1.0,0.0,0.0,0.0,1.0,0.0,0.0,Rome
-1.523963151091523,-1.4700605957396118,1.4095513915080577,-0.7508977964535521,0.0,0.0,0.0,0.0,1.0,0.0,1.0,0.0,New York
-1.4567624900445288,1.0901028604911263,0.7903276481380317,-0.29044277585755207,0.0,0.0,0.0,1.0,0.0,0.0,1.0,0.0,Sydney
-0.5831538964336054,-1.5368474685108484,-1.6865673253420723,0.20491853566389792,0.0,0.0,1.0,0.0,0.0,1.0,0.0,0.0,Bali
1.7016685791641946,-0.9956434995025515,0.5426381507900213,-0.6307462786363396,0.0,1.0,0.0,0.0,0.0,0.0,1.0,0.0,Rome
-1.2551605069035465,1.1975759890885185,0.17110390476800566,-0.10560339763189443,0.0,1.0,0.0,0.0,0.0,1.0,0.0,0.0,Barcelone
-0.31435125224562893,0.7699864703117506,-0.07658559258000475,-0.11599120830984604,1.0,0.0,0.0,0.0,0.0,0.0,1.0,0.0,New York
-0.7847558795745877,-1.5522007725961902,-0.6958093359500308,-0.6348170312773477,0.0,0.0,0.0,0.0,1.0,0.0,0.0,1.0,Londres
0.3576553582243122,1.2582215402256185,-1.5627225766680672,3.386396922680512,0.0,0.0,1.0,0.0,0.0,0.0,1.0,0.0,Sydney
1.5672672570702064,-0.6970217350426543,-0.44811983860202037,-0.39866550910044024,1.0,0.0,0.0,0.0,0.0,0.0,0.0,1.0,Tokyo
-0.5159532353866113,-1.272002973038703,-1.6865673253420723,0.7064919403772981,0.0,1.0,0.0,0.0,0.0,0.0,0.0,1.0,Rome
-1.7255651342325053,0.441425762885437,-1.5627225766680672,2.3551424462346917,0.0,0.0,0.0,1.0,0.0,1.0,0.0,0.0,Sydney
1.0296619686942534,1.724961984420008,-1.1911883306460516,1.5691020762815397,1.0,0.0,0.0,0.0,0.0,0.0,1.0,0.0,New York
-0.5831538964336054,0.17197527618768918,-1.1911883306460516,0.5887317033706042,1.0,0.0,0.0,0.0,0.0,0.0,0.0,1.0,New York
0.3576553582243122,0.8544296427811303,-0.44811983860202037,0.09103510601663775,1.0,0.0,0.0,0.0,0.0,0.0,0.0,1.0,Tokyo
1.0968626297412476,-0.3208657849517812,-1.6865673253420723,2.507794689478466,0.0,0.0,0.0,1.0,0.0,0.0,1.0,0.0,Rio de Janeiro
-0.38155191329262306,1.4731677974204032,-0.819654084624036,0.6609389964845711,0.0,0.0,1.0,0.0,0.0,0.0,0.0,1.0,Sydney
-1.4567624900445288,1.1077591601892693,0.2949486534420109,-0.16516318491552678,1.0,0.0,0.0,0.0,0.0,0.0,1.0,0.0,New York
-1.5911638121385172,0.3992041766507472,-0.5719645872760255,0.01869571668466693,0.0,0.0,0.0,0.0,1.0,0.0,0.0,1.0,Sydney
-0.6503545574805996,-1.4316773355262573,-0.6958093359500308,-0.589166564008472,1.0,0.0,0.0,0.0,0.0,0.0,0.0,1.0,Tokyo
-1.6583644731855112,1.2129292931738602,-0.5719645872760255,0.2988896700425863,0.0,1.0,0.0,0.0,0.0,0.0,0.0,1.0,Tokyo
-1.4567624900445288,1.3257760782011223,0.2949486534420109,-0.11928656325745528,0.0,0.0,0.0,1.0,0.0,0.0,0.0,1.0,Sydney
-0.31435125224562893,-1.593654693626613,1.2857066428340524,-0.7655728483386304,0.0,1.0,0.0,0.0,0.0,0.0,1.0,0.0,Londres
-0.7175552185275936,-1.410950375011046,-0.20043034125400994,-0.6545061265821795,0.0,0.0,0.0,1.0,0.0,1.0,0.0,0.0,Bali
1.3656652739292239,-0.33314842822005464,-0.44811983860202037,-0.28381242074542046,0.0,1.0,0.0,0.0,0.0,0.0,1.0,0.0,Londres
0.8952606466002652,0.46292038860491547,1.2857066428340524,-0.46597066965336864,0.0,1.0,0.0,0.0,0.0,0.0,1.0,0.0,Londres
1.0968626297412476,-0.8682110755942148,-1.1911883306460516,-0.06791775549954777,1.0,0.0,0.0,0.0,0.0,0.0,0.0,1.0,Tokyo
-1.1207591848095584,0.7093409191746507,0.6664828994640265,-0.33306977003908145,0.0,1.0,0.0,0.0,0.0,0.0,1.0,0.0,Londres
1.1640632907882416,0.6701899937570293,1.038017145486042,-0.40230008237150816,0.0,1.0,0.0,0.0,0.0,0.0,1.0,0.0,Londres
1.7016685791641946,-1.4431923135902636,-0.20043034125400994,-0.6632291460547606,0.0,0.0,0.0,0.0,1.0,0.0,1.0,0.0,New York
-0.5831538964336054,-0.15888842685142568,-0.9434988332980412,0.07552747798572251,1.0,0.0,0.0,0.0,0.0,1.0,0.0,0.0,Rio de Janeiro
1.0968626297412476,0.4659910494219838,-0.9434988332980412,0.3713832059146865,1.0,0.0,0.0,0.0,0.0,0.0,1.0,0.0,New York
0.9624613076472592,1.200646649905587,-0.5719645872760255,0.29466032735039127,0.0,0.0,0.0,1.0,0.0,0.0,0.0,1.0,Sydney
-1.0535585237625642,0.9626704365827897,1.4095513915080577,-0.4096231093016591,0.0,0.0,0.0,0.0,1.0,1.0,0.0,0.0,Sydney
0.6264580024122887,-0.886635040496625,-0.20043034125400994,-0.5126532146828242,1.0,0.0,0.0,0.0,0.0,1.0,0.0,0.0,Rio de Janeiro
1.29846461288223,0.4114868199190206,0.41879340211601607,-0.3393515126900225,0.0,0.0,0.0,1.0,0.0,1.0,0.0,0.0,Sydney
1.7016685791641946,0.6794019762082343,-1.3150330793200569,1.258368697912456,0.0,0.0,0.0,0.0,1.0,1.0,0.0,0.0,Sydney
-0.9863578627155701,-0.26098789901894837,0.2949486534420109,-0.4531843694801092,1.0,0.0,0.0,0.0,0.0,1.0,0.0,0.0,Rio de Janeiro
0.3576553582243122,-0.3592490451651356,-0.5719645872760255,-0.24246619455837476,1.0,0.0,0.0,0.0,0.0,1.0,0.0,0.0,Rio de Janeiro
1.7016685791641946,0.9411758108633113,1.4095513915080577,-0.4126384741613161,0.0,0.0,0.0,1.0,0.0,0.0,1.0,0.0,Sydney
1.432865934976218,-1.5552714334132585,0.5426381507900213,-0.7367309674993007,0.0,0.0,0.0,0.0,1.0,1.0,0.0,0.0,Rome
0.9624613076472592,-1.6136139889375571,0.7903276481380317,-0.7559348270759928,0.0,0.0,1.0,0.0,0.0,0.0,1.0,0.0,Bali
-0.4487525743396172,-1.1906304613863918,1.5333961401820628,-0.716190331377878,0.0,0.0,0.0,0.0,1.0,1.0,0.0,0.0,Rome
-1.0535585237625642,1.3534120255547375,0.7903276481380317,-0.24510950681498384,1.0,0.0,0.0,0.0,0.0,1.0,0.0,0.0,Rio de Janeiro
1.2312639518352357,-1.1138639409596829,1.038017145486042,-0.6838597748384627,0.0,0.0,1.0,0.0,0.0,0.0,1.0,0.0,Bali
0.021652052989341655,-1.2182664087400068,-1.438877827994062,-0.014610487927709144,0.0,0.0,0.0,0.0,1.0,1.0,0.0,0.0,Barcelone
-0.4487525743396172,-0.711607373923729,-0.44811983860202037,-0.403269324878384,1.0,0.0,0.0,0.0,0.0,1.0,0.0,0.0,Rio de Janeiro
1.0296619686942534,0.2832867308064169,0.04725915609400046,-0.27630092015329644,0.0,0.0,0.0,0.0,1.0,1.0,0.0,0.0,Rome
-0.5159532353866113,-0.5979929236921999,-1.1911883306460516,0.10266572016266139,0.0,0.0,0.0,1.0,0.0,0.0,1.0,0.0,Rio de Janeiro
-0.4487525743396172,0.5742318432236432,0.9141723968120369,-0.39918170896175037,1.0,0.0,0.0,0.0,0.0,0.0,0.0,1.0,Tokyo
0.3576553582243122,-0.22874596043973067,1.1618618941600474,-0.5559027671420134,1.0,0.0,0.0,0.0,0.0,1.0,0.0,0.0,Rio de Janeiro
1.6344679181172004,1.1269507902959466,-1.6865673253420723,5.249729301911721,1.0,0.0,0.0,0.0,0.0,1.0,0.0,0.0,Rio de Janeiro
-0.11274926910464658,1.0233159877198896,1.1618618941600474,-0.36620616438305603,0.0,1.0,0.0,0.0,0.0,0.0,1.0,0.0,Londres
0.3576553582243122,-0.6363761839055543,1.038017145486042,-0.6085025765964465,0.0,1.0,0.0,0.0,0.0,0.0,1.0,0.0,Londres
-1.6583644731855112,0.21035853640104357,-0.20043034125400994,-0.21586286167524216,0.0,0.0,0.0,1.0,0.0,0.0,1.0,0.0,Rio de Janeiro
-1.2551605069035465,-0.7684145990394934,-1.6865673253420723,1.660208327310604,1.0,0.0,0.0,0.0,0.0,0.0,1.0,0.0,New York
0.22325403613032402,0.6463923724247495,0.7903276481380317,-0.3668352817077107,0.0,1.0,0.0,0.0,0.0,0.0,1.0,0.0,Londres
0.1560533750833299,1.5898529084690005,-0.5719645872760255,0.4286776239093207,1.0,0.0,0.0,0.0,0.0,1.0,0.0,0.0,Tokyo
0.8952606466002652,0.33855862551364724,1.1618618941600474,-0.46995194590420253,0.0,0.0,1.0,0.0,0.0,0.0,0.0,1.0,Sydney
-1.2551605069035465,1.0647699087503124,-0.44811983860202037,0.15742697565645938,0.0,1.0,0.0,0.0,0.0,1.0,0.0,0.0,Rome
-1.5911638121385172,0.660210346101557,-1.1911883306460516,0.8969450287148233,0.0,0.0,0.0,1.0,0.0,1.0,0.0,0.0,Sydney
-0.2471505911986348,-0.34389574107979387,-0.6958093359500308,-0.17714928935881077,0.0,1.0,0.0,0.0,0.0,0.0,0.0,1.0,Barcelone
0.6936586634592828,0.30708435213869667,-1.438877827994062,1.4297758951477297,0.0,0.0,1.0,0.0,0.0,0.0,1.0,0.0,New York
-0.17994993015164068,-1.1438028839260994,-0.44811983860202037,-0.539687655561667,0.0,0.0,0.0,1.0,0.0,0.0,0.0,1.0,Barcelone
-0.38155191329262306,1.2758778399237616,-1.0673435819720463,0.9823060401808847,0.0,0.0,1.0,0.0,0.0,0.0,0.0,1.0,Sydney
0.42485601927130634,-1.2174987435357398,-0.5719645872760255,-0.537991515175501,0.0,0.0,0.0,1.0,0.0,0.0,1.0,0.0,Bali
0.6936586634592828,-0.48898446468627343,-0.20043034125400994,-0.40506930785432355,0.0,0.0,0.0,1.0,0.0,1.0,0.0,0.0,Sydney
0.1560533750833299,0.37770955093126873,-0.5719645872760255,0.011294366973325665,0.0,0.0,1.0,0.0,0.0,0.0,0.0,1.0,Sydney
0.5592573413652946,-1.3748701104104928,1.038017145486042,-0.7250518124627159,1.0,0.0,0.0,0.0,0.0,1.0,0.0,0.0,Rio de Janeiro
-0.11274926910464658,0.7047349279490481,0.6664828994640265,-0.33390053381815504,0.0,0.0,0.0,1.0,0.0,0.0,0.0,1.0,Sydney
-1.3223611679505407,1.2129292931738602,-0.3242750899280151,0.12406329662782317,0.0,0.0,1.0,0.0,0.0,1.0,0.0,0.0,Sydney
0.8280599855532711,-0.9088973314203705,-0.07658559258000475,-0.5399299566960453,0.0,0.0,1.0,0.0,0.0,0.0,1.0,0.0,Bali
-0.5831538964336054,0.06987580402016651,0.04725915609400046,-0.32682174171640765,0.0,0.0,1.0,0.0,0.0,1.0,0.0,0.0,Sydney
0.8280599855532711,-0.7162133651493314,-0.44811983860202037,-0.40472316143984,0.0,1.0,0.0,0.0,0.0,1.0,0.0,0.0,Rome
-1.3223611679505407,-1.2474376865021561,-0.6958093359500308,-0.5193824102216558,0.0,0.0,1.0,0.0,0.0,1.0,0.0,0.0,Bali
-0.4487525743396172,-1.6942188353856014,0.41879340211601607,-0.7591277032698512,0.0,0.0,1.0,0.0,0.0,1.0,0.0,0.0,Bali
0.49205668031830047,0.9987507011833427,1.6572408888560681,-0.43441817128681415,0.0,1.0,0.0,0.0,0.0,0.0,0.0,1.0,Londres
0.8952606466002652,1.5361163441703043,1.5333961401820628,-0.34733120907805076,1.0,0.0,0.0,0.0,0.0,0.0,0.0,1.0,New York
-0.5831538964336054,1.3488060343291348,-0.07658559258000475,0.03016782977117552,0.0,0.0,0.0,1.0,0.0,0.0,1.0,0.0,Sydney
0.08885271403633577,-0.7760912510821643,1.6572408888560681,-0.6662299157203396,0.0,0.0,0.0,1.0,0.0,0.0,0.0,1.0,Barcelone
0.8952606466002652,-0.47056049978386333,-0.20043034125400994,-0.40008472529856287,0.0,1.0,0.0,0.0,0.0,0.0,0.0,1.0,Paris
0.9624613076472592,1.6082768733714106,1.2857066428340524,-0.29911495834377155,0.0,0.0,1.0,0.0,0.0,1.0,0.0,0.0,Sydney
0.6264580024122887,1.3718359904571475,-0.5719645872760255,0.3536067911228593,0.0,1.0,0.0,0.0,0.0,0.0,1.0,0.0,Londres
-0.38155191329262306,-0.40530895742116085,0.2949486534420109,-0.48355340071855096,0.0,0.0,0.0,0.0,1.0,0.0,1.0,0.0,Londres
-0.7175552185275936,0.07832012126710447,-1.438877827994062,1.213154283594393,0.0,0.0,0.0,1.0,0.0,1.0,0.0,0.0,Barcelone
1.7016685791641946,-1.4247683486878535,-1.0673435819720463,-0.47900730803676206,0.0,0.0,0.0,0.0,1.0,1.0,0.0,0.0,Barcelone
1.0296619686942534,0.09213809494391205,0.7903276481380317,-0.46225983053783964,0.0,0.0,0.0,0.0,1.0,0.0,0.0,1.0,Paris
-0.17994993015164068,-0.33314842822005464,-1.1911883306460516,0.26985691079749713,0.0,0.0,0.0,1.0,0.0,0.0,1.0,0.0,Barcelone
-0.5831538964336054,0.37540655531846745,-0.44811983860202037,-0.060163896374780645,0.0,0.0,0.0,1.0,0.0,0.0,1.0,0.0,Sydney
0.3576553582243122,0.24567113579732963,-1.0673435819720463,0.4248635975122997,0.0,1.0,0.0,0.0,0.0,0.0,1.0,0.0,Londres
0.22325403613032402,1.551469648255646,-1.5627225766680672,3.75664054110373,0.0,0.0,0.0,1.0,0.0,0.0,1.0,0.0,Sydney
1.432865934976218,-0.06753626754364223,0.04725915609400046,-0.35935133545668424,0.0,0.0,0.0,1.0,0.0,0.0,1.0,0.0,Sydney
-1.6583644731855112,-1.4524042960414687,-0.20043034125400994,-0.665721437332641,0.0,0.0,1.0,0.0,0.0,0.0,0.0,1.0,Rio de Janeiro
0.49205668031830047,0.7891781004184278,-0.6958093359500308,0.25202325643010953,0.0,0.0,0.0,1.0,0.0,1.0,0.0,0.0,Sydney
-0.11274926910464658,0.31706399979416877,1.2857066428340524,-0.48721905112040853,0.0,0.0,1.0,0.0,0.0,0.0,0.0,1.0,Sydney
1.2312639518352357,-0.5972252584879328,-0.6958093359500308,-0.2731025008156832,0.0,0.0,0.0,0.0,1.0,1.0,0.0,0.0,Rome
-1.4567624900445288,0.126683029135931,0.17110390476800566,-0.3442036391541796,0.0,0.0,1.0,0.0,0.0,1.0,0.0,0.0,Sydney
-1.5911638121385172,-0.3369867542413901,0.5426381507900213,-0.5060070975054469,0.0,0.0,1.0,0.0,0.0,0.0,1.0,0.0,Sydney
-0.7175552185275936,0.8459853255341924,-0.819654084624036,0.39698689921446023,0.0,0.0,0.0,1.0,0.0,1.0,0.0,0.0,Bali
1.29846461288223,-1.6773302008917255,1.5333961401820628,-0.7820283616532414,0.0,1.0,0.0,0.0,0.0,0.0,0.0,1.0,Rome
-0.31435125224562893,0.4230017979830269,-1.0673435819720463,0.5208168048568922,0.0,0.0,1.0,0.0,0.0,0.0,1.0,0.0,Sydney
-1.5911638121385172,1.0348309657838959,1.6572408888560681,-0.42970573530568273,1.0,0.0,0.0,0.0,0.0,1.0,0.0,0.0,New York
-1.3223611679505407,-0.991805173481216,-0.20043034125400994,-0.5411068734386246,1.0,0.0,0.0,0.0,0.0,0.0,0.0,1.0,Tokyo
1.1640632907882416,-0.6325378578842189,-0.07658559258000475,-0.4701458005830907,0.0,0.0,0.0,0.0,1.0,0.0,1.0,0.0,Londres
-1.1879598458565523,0.059128491160427274,-0.9434988332980412,0.17874986954816205,0.0,0.0,0.0,0.0,1.0,0.0,0.0,1.0,Paris
-0.8519565406215819,-0.4667221737625279,-0.5719645872760255,-0.27947294311508114,0.0,0.0,0.0,0.0,1.0,1.0,0.0,0.0,Rome
-0.4487525743396172,-1.5299384816724446,-0.20043034125400994,-0.6866982222548003,0.0,0.0,0.0,0.0,1.0,0.0,0.0,1.0,Tokyo
1.6344679181172004,-1.078551341563397,-1.6865673253420723,1.072858601211434,0.0,0.0,0.0,0.0,1.0,0.0,1.0,0.0,New York
-1.4567624900445288,0.6663516677356938,-0.9434988332980412,0.46624603759706945,0.0,0.0,0.0,0.0,1.0,0.0,0.0,1.0,New York
-0.7175552185275936,-0.46441917814972666,-1.6865673253420723,2.235927365764246,1.0,0.0,0.0,0.0,0.0,0.0,1.0,0.0,New York
-1.7255651342325053,-0.38227900129314824,0.41879340211601607,-0.49759014960564146,0.0,0.0,0.0,1.0,0.0,0.0,0.0,1.0,Sydney
1.5672672570702064,1.33959405187793,0.9141723968120369,-0.27314039508866256,0.0,0.0,1.0,0.0,0.0,1.0,0.0,0.0,Sydney
-1.1879598458565523,-0.6095079017562063,-1.3150330793200569,0.28197217715156025,0.0,0.0,0.0,0.0,1.0,1.0,0.0,0.0,Barcelone
-0.5159532353866113,0.974185414646796,1.5333961401820628,-0.4233460957682179,1.0,0.0,0.0,0.0,0.0,0.0,1.0,0.0,New York
0.1560533750833299,1.6443571379719637,0.2949486534420109,-0.052248542172597355,0.0,0.0,1.0,0.0,0.0,1.0,0.0,0.0,Sydney
0.6936586634592828,-0.9081296662161035,-1.438877827994062,0.27906444854057344,0.0,1.0,0.0,0.0,0.0,0.0,1.0,0.0,Londres
0.08885271403633577,-0.7215870215792011,-0.6958093359500308,-0.32020680462178425,0.0,1.0,0.0,0.0,0.0,0.0,1.0,0.0,Londres
1.2312639518352357,-1.1276819146364905,-0.44811983860202037,-0.5345992275965712,1.0,0.0,0.0,0.0,0.0,1.0,0.0,0.0,Rio de Janeiro
1.2312639518352357,0.9549937845401189,0.5426381507900213,-0.2613263960563885,0.0,0.0,1.0,0.0,0.0,0.0,0.0,1.0,Sydney
-1.6583644731855112,-0.4360155655918444,0.9141723968120369,-0.5655511864512022,0.0,0.0,1.0,0.0,0.0,1.0,0.0,0.0,Bali
-1.1879598458565523,1.0578609219119086,1.5333961401820628,-0.4120269391435892,0.0,0.0,0.0,1.0,0.0,0.0,0.0,1.0,Sydney
-0.9863578627155701,1.5691259479537891,-1.5627225766680672,3.7789326961396825,1.0,0.0,0.0,0.0,0.0,1.0,0.0,0.0,Tokyo
-1.3895618289975349,0.5389192438273572,-1.6865673253420723,4.136090959852403,0.0,0.0,0.0,1.0,0.0,0.0,0.0,1.0,Sydney
1.5672672570702064,-0.8067978592528479,-0.44811983860202037,-0.43331528048180695,1.0,0.0,0.0,0.0,0.0,1.0,0.0,0.0,Rio de Janeiro
-1.6583644731855112,-0.21799864757999143,1.5333961401820628,-0.5846181163007719,1.0,0.0,0.0,0.0,0.0,1.0,0.0,0.0,Rio de Janeiro
0.8952606466002652,-1.700360157019738,0.17110390476800566,-0.7512778863391537,0.0,1.0,0.0,0.0,0.0,0.0,1.0,0.0,Londres
-0.045548608057652464,1.0655375739545794,0.41879340211601607,-0.208965324438468,0.0,0.0,1.0,0.0,0.0,1.0,0.0,0.0,Sydney
-0.919157201668576,-0.9764518693958743,0.17110390476800566,-0.5899875438620821,0.0,1.0,0.0,0.0,0.0,1.0,0.0,0.0,Barcelone
-0.919157201668576,1.4240372243473094,0.9141723968120369,-0.25923413177267496,1.0,0.0,0.0,0.0,0.0,1.0,0.0,0.0,Rio de Janeiro
-0.31435125224562893,-0.8206158329296555,-1.3150330793200569,0.12205017404897169,0.0,0.0,0.0,1.0,0.0,0.0,0.0,1.0,Barcelone
0.22325403613032402,0.3784772161355358,-1.1911883306460516,0.7190923708510993,0.0,0.0,0.0,0.0,1.0,1.0,0.0,0.0,Rome
1.0296619686942534,-1.5537361030047243,0.5426381507900213,-0.7364402001773173,0.0,0.0,0.0,1.0,0.0,0.0,0.0,1.0,Barcelone
1.3656652739292239,-0.34389574107979387,-0.819654084624036,-0.10377901359909149,0.0,0.0,1.0,0.0,0.0,0.0,1.0,0.0,Bali
-1.1879598458565523,-0.5004994427502798,-0.20043034125400994,-0.4081846719516739,0.0,0.0,1.0,0.0,0.0,0.0,0.0,1.0,Sydney
0.6264580024122887,-0.7960505463931086,-0.20043034125400994,-0.48814568378366774,0.0,0.0,0.0,1.0,0.0,1.0,0.0,0.0,Rio de Janeiro
1.0968626297412476,-0.3154921285219116,-1.438877827994062,0.8402452677324401,0.0,0.0,1.0,0.0,0.0,0.0,0.0,1.0,Sydney
-0.38155191329262306,-1.420930022666518,-1.6865673253420723,0.42444776497324127,1.0,0.0,0.0,0.0,0.0,0.0,1.0,0.0,New York
-1.3223611679505407,-0.6041342453263366,0.2949486534420109,-0.5253915873715105,0.0,1.0,0.0,0.0,0.0,1.0,0.0,0.0,Barcelone
-1.7255651342325053,1.4977330839569498,1.5333961401820628,-0.3525234827590731,0.0,0.0,0.0,0.0,1.0,0.0,0.0,1.0,New York
-1.4567624900445288,0.7231588928514583,1.6572408888560681,-0.4704131610150303,0.0,0.0,1.0,0.0,0.0,1.0,0.0,0.0,Sydney
-0.5831538964336054,-0.8321308109936617,-0.20043034125400994,-0.49790715795536566,0.0,0.0,0.0,0.0,1.0,1.0,0.0,0.0,Rome
0.29045469717731814,1.245171231753078,1.2857066428340524,-0.35201224483803395,0.0,0.0,0.0,0.0,1.0,0.0,1.0,0.0,New York
-0.7847558795745877,-0.23872560809520282,-1.438877827994062,0.9129370836899356,0.0,1.0,0.0,0.0,0.0,0.0,0.0,1.0,Londres
0.8280599855532711,0.10595606862071963,1.6572408888560681,-0.5510258956709794,0.0,1.0,0.0,0.0,0.0,0.0,1.0,0.0,Londres
1.0296619686942534,-1.6857745181386634,-1.438877827994062,-0.4573036471088577,0.0,0.0,0.0,0.0,1.0,0.0,0.0,1.0,Londres
-0.2471505911986348,1.7149823367645358,-1.6865673253420723,6.3633676439710385,0.0,0.0,0.0,0.0,1.0,1.0,0.0,0.0,Rome
0.021652052989341655,-0.3385220846499242,-0.44811983860202037,-0.28550856340045233,0.0,1.0,0.0,0.0,0.0,0.0,0.0,1.0,Paris
-0.8519565406215819,0.7699864703117506,-1.0673435819720463,0.7085694010463112,1.0,0.0,0.0,0.0,0.0,1.0,0.0,0.0,Rio de Janeiro
0.8952606466002652,0.32397298663257257,-0.5719645872760255,-0.007209007305027489,0.0,0.0,0.0,0.0,1.0,0.0,0.0,1.0,Paris
0.49205668031830047,-0.5711246415428518,-0.20043034125400994,-0.4272922384154231,0.0,0.0,0.0,0.0,1.0,0.0,0.0,1.0,Paris
-1.2551605069035465,0.7308355448941292,0.17110390476800566,-0.20959547422368607,0.0,1.0,0.0,0.0,0.0,1.0,0.0,0.0,Rome
-0.9863578627155701,-1.585978041583942,-1.5627225766680672,-0.20457848637189777,0.0,0.0,0.0,0.0,1.0,0.0,0.0,1.0,Sydney
-0.7847558795745877,-0.8735847320240845,0.6664828994640265,-0.6185755887806847,0.0,0.0,1.0,0.0,0.0,0.0,1.0,0.0,Bali
-0.11274926910464658,1.0655375739545794,-0.3242750899280151,0.08111920099876499,1.0,0.0,0.0,0.0,0.0,0.0,1.0,0.0,New York
1.3656652739292239,-1.6980571614069369,-1.0673435819720463,-0.6268832466284284,0.0,0.0,0.0,0.0,1.0,0.0,0.0,1.0,Rome
0.49205668031830047,0.9066308766712923,1.038017145486042,-0.3649849424060082,0.0,0.0,0.0,1.0,0.0,0.0,1.0,0.0,Sydney
-0.17994993015164068,-0.45751019131132287,0.5426381507900213,-0.5288323322811465,0.0,0.0,0.0,0.0,1.0,0.0,0.0,1.0,Sydney
0.9624613076472592,0.12514769872739684,-0.6958093359500308,0.0005095354901256085,0.0,0.0,0.0,1.0,0.0,0.0,0.0,1.0,Sydney
0.8952606466002652,-0.10975785377833205,0.6664828994640265,-0.4808072620843243,0.0,0.0,0.0,0.0,1.0,0.0,0.0,1.0,Londres
1.432865934976218,0.6448570420162153,-1.438877827994062,1.7496198853607106,0.0,1.0,0.0,0.0,0.0,1.0,0.0,0.0,Rome
-0.919157201668576,-0.01763802926628151,0.6664828994640265,-0.4641919865028537,0.0,0.0,1.0,0.0,0.0,0.0,1.0,0.0,Sydney
-1.7255651342325053,0.23799448375465873,0.6664828994640265,-0.41808459676427273,1.0,0.0,0.0,0.0,0.0,1.0,0.0,0.0,Rio de Janeiro
-1.2551605069035465,-0.991805173481216,-1.1911883306460516,-0.14594031112913788,0.0,0.0,0.0,1.0,0.0,1.0,0.0,0.0,Rio de Janeiro
0.8952606466002652,-1.6612092316021165,1.038017145486042,-0.7702419007975585,0.0,0.0,0.0,1.0,0.0,0.0,1.0,0.0,Bali
-0.8519565406215819,-0.2717352118786876,-1.5627225766680672,1.454733227608595,1.0,0.0,0.0,0.0,0.0,0.0,0.0,1.0,Tokyo
0.6936586634592828,0.3485382731691194,0.41879340211601607,-0.35190041813207357,0.0,0.0,0.0,0.0,1.0,0.0,1.0,0.0,Londres
-1.4567624900445288,0.2901957176448207,-1.0673435819720463,0.4489557448109421,0.0,1.0,0.0,0.0,0.0,0.0,0.0,1.0,Tokyo
0.5592573413652946,-1.03556209012444,-1.0673435819720463,-0.26840871009863054,0.0,0.0,1.0,0.0,0.0,0.0,0.0,1.0,Bali
-0.4487525743396172,0.7884104352141608,1.1618618941600474,-0.4017960849497273,0.0,0.0,1.0,0.0,0.0,0.0,0.0,1.0,Sydney
1.5000665960232122,1.0747495564057845,-0.3242750899280151,0.08380320697558111,0.0,0.0,0.0,0.0,1.0,0.0,1.0,0.0,New York
-0.7847558795745877,-0.6348408534970201,-0.07658559258000475,-0.4707273352173654,0.0,1.0,0.0,0.0,0.0,1.0,0.0,0.0,Barcelone
-0.2471505911986348,-0.07981891081191562,-1.6865673253420723,2.964299179565445,0.0,1.0,0.0,0.0,0.0,1.0,0.0,0.0,Barcelone
-1.1879598458565523,-0.016102698857747337,-0.07658559258000475,-0.3144883634755836,0.0,0.0,0.0,0.0,1.0,0.0,1.0,0.0,Londres
0.9624613076472592,-0.4229652571193039,-1.5627225766680672,1.2637960736049987,0.0,1.0,0.0,0.0,0.0,0.0,0.0,1.0,Londres
1.0296619686942534,-1.4861815650292205,-1.3150330793200569,-0.38214028664173494,1.0,0.0,0.0,0.0,0.0,1.0,0.0,0.0,Rio de Janeiro
1.432865934976218,-1.5015348691145622,1.5333961401820628,-0.7582477481941591,0.0,0.0,0.0,0.0,1.0,0.0,1.0,0.0,Londres
-1.523963151091523,0.38692153338247376,-1.3150330793200569,1.0368040317957787,0.0,0.0,0.0,1.0,0.0,1.0,0.0,0.0,Sydney
-0.8519565406215819,0.9711147538297277,-0.9434988332980412,0.6105393103093528,0.0,0.0,1.0,0.0,0.0,1.0,0.0,0.0,Sydney
-0.38155191329262306,0.502071314022537,0.9141723968120369,-0.4110652430681398,0.0,0.0,0.0,1.0,0.0,0.0,0.0,1.0,Sydney
-1.2551605069035465,-0.6310025274756847,0.7903276481380317,-0.5867611116984788,0.0,1.0,0.0,0.0,0.0,0.0,0.0,1.0,Paris
0.6264580024122887,1.1983436542927857,-1.0673435819720463,0.9403524733332491,1.0,0.0,0.0,0.0,0.0,0.0,0.0,1.0,New York
0.22325403613032402,-1.053218389822583,-1.3150330793200569,-0.05415479664224408,1.0,0.0,0.0,0.0,0.0,0.0,1.0,0.0,New York
-1.7255651342325053,0.2594891094741372,0.5426381507900213,-0.3930439929148834,1.0,0.0,0.0,0.0,0.0,0.0,1.0,0.0,New York
1.0296619686942534,1.5023390751825525,-1.438877827994062,2.561587469605937,0.0,0.0,1.0,0.0,0.0,1.0,0.0,0.0,Rio de Janeiro
0.49205668031830047,0.09060276453537787,-0.819654084624036,0.07908131327346993,0.0,1.0,0.0,0.0,0.0,1.0,0.0,0.0,Rome
0.22325403613032402,1.45551149772226,-0.07658559258000475,0.05711226782589959,0.0,0.0,1.0,0.0,0.0,0.0,0.0,1.0,Sydney
0.8952606466002652,-0.38688499251875075,-0.3242750899280151,-0.3420590746792469,0.0,0.0,0.0,0.0,1.0,0.0,1.0,0.0,Londres
1.3656652739292239,0.49055633595853065,1.6572408888560681,-0.500793333404026,0.0,0.0,1.0,0.0,0.0,0.0,0.0,1.0,Sydney
-0.38155191329262306,-0.9879668474598805,1.6572408888560681,-0.6939029440350685,0.0,1.0,0.0,0.0,0.0,0.0,0.0,1.0,Barcelone
-0.31435125224562893,1.3180994261584513,1.1618618941600474,-0.32154430327978223,0.0,1.0,0.0,0.0,0.0,0.0,1.0,0.0,Londres
0.29045469717731814,-1.1614591836242425,-1.1911883306460516,-0.25303959556478633,0.0,0.0,0.0,0.0,1.0,0.0,0.0,1.0,Rome
-0.17994993015164068,1.3173317609541844,0.6664828994640265,-0.2234089512013755,0.0,1.0,0.0,0.0,0.0,0.0,1.0,0.0,Londres
0.42485601927130634,-1.4946258822761584,0.6664828994640265,-0.7305902383257658,0.0,0.0,0.0,0.0,1.0,1.0,0.0,0.0,Sydney
-0.045548608057652464,1.2935341396219044,1.6572408888560681,-0.39591656667501746,0.0,0.0,0.0,1.0,0.0,0.0,0.0,1.0,Sydney
-0.6503545574805996,1.2206059452165312,0.9141723968120369,-0.2927355843066452,0.0,1.0,0.0,0.0,0.0,1.0,0.0,0.0,Barcelone
0.08885271403633577,1.0102656792473492,0.17110390476800566,-0.14733705994833712,0.0,1.0,0.0,0.0,0.0,0.0,1.0,0.0,Tokyo
-1.3223611679505407,0.8697829468664721,-1.1911883306460516,1.0292441447823888,0.0,1.0,0.0,0.0,0.0,1.0,0.0,0.0,Barcelone
1.3656652739292239,1.5384193397831056,0.2949486534420109,-0.07454070340081519,0.0,1.0,0.0,0.0,0.0,0.0,0.0,1.0,Tokyo
-0.5159532353866113,-1.2528113429320258,-0.44811983860202037,-0.5740951208494577,0.0,1.0,0.0,0.0,0.0,1.0,0.0,0.0,Rome
1.2312639518352357,1.3088874437072462,0.5426381507900213,-0.1943045283392073,0.0,0.0,0.0,0.0,1.0,0.0,0.0,1.0,Sydney
0.021652052989341655,-1.1530148663773045,-1.5627225766680672,0.3420639240749469,0.0,0.0,0.0,1.0,0.0,1.0,0.0,0.0,Rio de Janeiro
0.9624613076472592,0.8375410082872543,0.9141723968120369,-0.35581945153098893,0.0,1.0,0.0,0.0,0.0,0.0,1.0,0.0,Londres
-0.38155191329262306,-0.9488159220422591,0.9141723968120369,-0.6500001309519269,0.0,1.0,0.0,0.0,0.0,0.0,1.0,0.0,Londres
-0.2471505911986348,1.2513125533872147,0.41879340211601607,-0.17193074984119544,0.0,0.0,1.0,0.0,0.0,1.0,0.0,0.0,Sydney
-1.1879598458565523,-1.3549108150995486,-1.6865673253420723,0.5494776571626685,0.0,0.0,1.0,0.0,0.0,0.0,0.0,1.0,Sydney
-0.5831538964336054,-0.9472805916337249,0.41879340211601607,-0.6102242277196605,0.0,1.0,0.0,0.0,0.0,0.0,1.0,0.0,Londres
0.8280599855532711,-1.149176540355969,0.6664828994640265,-0.668282954895251,0.0,0.0,0.0,1.0,0.0,0.0,1.0,0.0,Bali
0.29045469717731814,-1.39406174051717,0.41879340211601607,-0.6992908492717786,0.0,0.0,0.0,1.0,0.0,0.0,1.0,0.0,Sydney
0.42485601927130634,0.1397333376084715,-1.6865673253420723,3.380096262893075,0.0,0.0,1.0,0.0,0.0,0.0,1.0,0.0,Sydney
0.42485601927130634,-0.5542360070489759,0.41879340211601607,-0.5318700864229515,0.0,0.0,1.0,0.0,0.0,0.0,1.0,0.0,Bali
-1.0535585237625642,0.7669158094946823,-1.5627225766680672,2.7660934782018236,0.0,0.0,1.0,0.0,0.0,0.0,0.0,1.0,Sydney
1.5000665960232122,1.7034673587005293,1.2857066428340524,-0.28524759359686136,0.0,1.0,0.0,0.0,0.0,0.0,1.0,0.0,Londres
1.7016685791641946,-1.4055767185811763,0.2949486534420109,-0.6940366331849844,0.0,1.0,0.0,0.0,0.0,0.0,0.0,1.0,Barcelone
0.8952606466002652,-1.1253789190236894,0.9141723968120369,-0.679076863339901,1.0,0.0,0.0,0.0,0.0,0.0,1.0,0.0,New York
-0.919157201668576,-0.38611732731448367,-0.3242750899280151,-0.3418354075145122,0.0,0.0,0.0,0.0,1.0,0.0,0.0,1.0,Paris
0.5592573413652946,1.5990648909202054,1.6572408888560681,-0.3560112577284158,0.0,1.0,0.0,0.0,0.0,1.0,0.0,0.0,Rome
0.49205668031830047,1.350341364737669,1.4095513915080577,-0.35523885022570273,0.0,0.0,1.0,0.0,0.0,0.0,0.0,1.0,Sydney
0.7608593245062769,1.1169711426404743,-0.819654084624036,0.5110322974229661,0.0,1.0,0.0,0.0,0.0,1.0,0.0,0.0,Le Caire
-0.31435125224562893,1.7380122928925483,0.17110390476800566,0.014808480527022395,0.0,0.0,0.0,0.0,1.0,0.0,1.0,0.0,New York
0.6264580024122887,-1.6159169845503585,-0.07658559258000475,-0.7184610894183542,1.0,0.0,0.0,0.0,0.0,0.0,0.0,1.0,New York
-0.38155191329262306,0.6463923724247495,0.41879340211601607,-0.2925226704306613,0.0,0.0,0.0,1.0,0.0,0.0,1.0,0.0,Sydney
0.22325403613032402,0.6095444426199292,-0.20043034125400994,-0.10786357296709467,1.0,0.0,0.0,0.0,0.0,1.0,0.0,0.0,New York
1.5000665960232122,1.6052062125543423,-1.3150330793200569,1.9596993733368993,0.0,0.0,1.0,0.0,0.0,0.0,0.0,1.0,Sydney
-1.4567624900445288,1.0962441821252629,-0.44811983860202037,0.1673615254930749,0.0,0.0,1.0,0.0,0.0,0.0,1.0,0.0,Sydney
1.5672672570702064,-1.5038378647273636,-0.5719645872760255,-0.6365880666872972,0.0,1.0,0.0,0.0,0.0,0.0,0.0,1.0,Londres
0.49205668031830047,1.4547438325179929,1.1618618941600474,-0.30084166974753546,1.0,0.0,0.0,0.0,0.0,1.0,0.0,0.0,New York
-1.2551605069035465,0.19730822792850308,0.6664828994640265,-0.4254230101460889,0.0,0.0,0.0,0.0,1.0,0.0,1.0,0.0,New York
-1.523963151091523,-1.149944205560236,-1.438877827994062,0.05008522827446207,0.0,1.0,0.0,0.0,0.0,0.0,1.0,0.0,Barcelone
-0.6503545574805996,-1.6343409494527685,-0.44811983860202037,-0.6945212493567253,0.0,0.0,1.0,0.0,0.0,0.0,0.0,1.0,Sydney
-0.8519565406215819,0.4245371283915611,1.2857066428340524,-0.4715623489868002,1.0,0.0,0.0,0.0,0.0,0.0,0.0,1.0,Tokyo
-0.38155191329262306,-1.6351086146570357,1.5333961401820628,-0.7763168606041169,0.0,0.0,0.0,0.0,1.0,0.0,1.0,0.0,New York
-0.7175552185275936,0.044542852279352604,1.038017145486042,-0.5010398196178799,0.0,0.0,0.0,0.0,1.0,1.0,0.0,0.0,Rome
0.8280599855532711,0.3408616211264485,-0.9434988332980412,0.3121393685038498,0.0,1.0,0.0,0.0,0.0,0.0,1.0,0.0,Londres
0.49205668031830047,-1.1107932801426146,-0.6958093359500308,-0.46762582949643366,0.0,1.0,0.0,0.0,0.0,1.0,0.0,0.0,Rome
-1.3223611679505407,-0.8106361852741832,0.6664828994640265,-0.6072218171333466,0.0,0.0,1.0,0.0,0.0,0.0,0.0,1.0,Bali
-1.523963151091523,1.6090445385756778,0.04725915609400046,0.037546054089484034,0.0,0.0,0.0,0.0,1.0,0.0,0.0,1.0,Tokyo
-1.3223611679505407,-0.6018312497135354,1.4095513915080577,-0.6290985944438358,1.0,0.0,0.0,0.0,0.0,1.0,0.0,0.0,Rio de Janeiro
-1.3223611679505407,0.37540655531846745,0.5426381507900213,-0.3710910601051343,0.0,1.0,0.0,0.0,0.0,0.0,1.0,0.0,Londres
1.5000665960232122,-0.012264372836411897,1.6572408888560681,-0.5664666433538353,1.0,0.0,0.0,0.0,0.0,0.0,0.0,1.0,New York
0.8280599855532711,-0.008426046815076457,-1.0673435819720463,0.28737220517004813,0.0,0.0,0.0,0.0,1.0,0.0,1.0,0.0,Londres
1.6344679181172004,1.3204024217712527,0.17110390476800566,-0.07823706168668601,1.0,0.0,0.0,0.0,0.0,1.0,0.0,0.0,Tokyo
1.2312639518352357,1.7142146715602686,1.4095513915080577,-0.3041930308157951,0.0,0.0,1.0,0.0,0.0,1.0,0.0,0.0,Sydney
1.0296619686942534,-1.1084902845298132,-1.1911883306460516,-0.21960135743781917,0.0,0.0,1.0,0.0,0.0,0.0,1.0,0.0,Rio de Janeiro
-0.31435125224562893,-1.2996389203923182,1.5333961401820628,-0.7309363886319815,0.0,0.0,1.0,0.0,0.0,0.0,1.0,0.0,Bali
0.22325403613032402,-0.8559284323259414,0.9141723968120369,-0.6347032413043406,0.0,0.0,1.0,0.0,0.0,1.0,0.0,0.0,Sydney
-0.7847558795745877,-1.314224559273393,1.6572408888560681,-0.7365153970559372,0.0,1.0,0.0,0.0,0.0,1.0,0.0,0.0,Barcelone
-1.4567624900445288,0.29480170887042323,-1.0673435819720463,0.4514480359108015,0.0,0.0,0.0,1.0,0.0,0.0,1.0,0.0,Sydney
1.29846461288223,0.011533248495867827,-0.5719645872760255,-0.11479291203773798,0.0,1.0,0.0,0.0,0.0,1.0,0.0,0.0,Rome
-0.9863578627155701,0.03993686105375008,-1.6865673253420723,3.1910975886532427,0.0,0.0,0.0,0.0,1.0,0.0,0.0,1.0,Londres
1.5000665960232122,-0.051415298254033376,1.2857066428340524,-0.5408991727213512,0.0,0.0,0.0,0.0,1.0,0.0,1.0,0.0,New York
0.1560533750833299,-0.6985570654511885,0.41879340211601607,-0.5606407476803369,0.0,1.0,0.0,0.0,0.0,0.0,0.0,1.0,Rome
-0.11274926910464658,1.4938947579356145,0.17110390476800566,-0.03958211216407927,0.0,0.0,0.0,0.0,1.0,1.0,0.0,0.0,Rome
-0.045548608057652464,-0.07137459356497766,1.2857066428340524,-0.5438068459747357,0.0,0.0,0.0,0.0,1.0,0.0,0.0,1.0,Londres
0.021652052989341655,-0.5995282541007341,-0.6958093359500308,-0.27397480273801844,0.0,0.0,0.0,1.0,0.0,0.0,0.0,1.0,Barcelone
0.8952606466002652,1.5107833924294904,-0.6958093359500308,0.5253445254284732,1.0,0.0,0.0,0.0,0.0,0.0,1.0,0.0,New York
-0.17994993015164068,0.5926558081260533,-0.07658559258000475,-0.16076937514899198,0.0,0.0,1.0,0.0,0.0,0.0,0.0,1.0,Sydney
0.9624613076472592,0.362356246845927,0.17110390476800566,-0.29169448205931114,0.0,0.0,0.0,0.0,1.0,0.0,0.0,1.0,Londres
-1.1879598458565523,-0.015335033653480249,-1.5627225766680672,1.7784540876959107,1.0,0.0,0.0,0.0,0.0,0.0,1.0,0.0,New York
1.0968626297412476,-1.6343409494527685,-0.3242750899280151,-0.7055182173730996,0.0,0.0,0.0,0.0,1.0,1.0,0.0,0.0,Rome
-1.3223611679505407,-0.9971788299110856,-1.438877827994062,0.1947419420298785,0.0,0.0,0.0,1.0,0.0,0.0,1.0,0.0,Barcelone
-0.6503545574805996,-1.410950375011046,-1.3150330793200569,-0.3251499000815397,0.0,0.0,0.0,0.0,1.0,0.0,0.0,1.0,Barcelone
0.08885271403633577,0.38385087256540545,-0.9434988332980412,0.33249307951616186,1.0,0.0,0.0,0.0,0.0,1.0,0.0,0.0,Rio de Janeiro
1.0968626297412476,0.9004895550371556,1.2857066428340524,-0.40222552525224914,0.0,1.0,0.0,0.0,0.0,0.0,1.0,0.0,Londres
0.22325403613032402,1.1430717595855553,-0.5719645872760255,0.2748352834807271,0.0,1.0,0.0,0.0,0.0,0.0,1.0,0.0,Londres
-1.523963151091523,1.3894922901552904,-1.438877827994062,2.454730500148419,0.0,0.0,1.0,0.0,0.0,1.0,0.0,0.0,Rio de Janeiro
-0.045548608057652464,-0.9065943358075692,-1.438877827994062,0.2805182848597233,0.0,0.0,0.0,0.0,1.0,0.0,0.0,1.0,Londres
0.5592573413652946,1.0993148429423314,0.6664828994640265,-0.26273177007752263,0.0,0.0,0.0,0.0,1.0,0.0,0.0,1.0,New York
0.29045469717731814,-0.06600093713510805,-0.6958093359500308,-0.07189152406369621,0.0,0.0,1.0,0.0,0.0,0.0,1.0,0.0,Sydney
-1.4567624900445288,-1.1637621792370436,0.41879340211601607,-0.6533802196057383,0.0,0.0,1.0,0.0,0.0,1.0,0.0,0.0,Bali
-1.7255651342325053,0.9787914058723985,-0.819654084624036,0.4528788365801019,1.0,0.0,0.0,0.0,0.0,0.0,1.0,0.0,New York
0.1560533750833299,-0.8390397978320655,1.038017145486042,-0.6404869822811607,0.0,0.0,0.0,1.0,0.0,1.0,0.0,0.0,Barcelone
-0.17994993015164068,0.6985936063149114,1.5333961401820628,-0.46062662079795824,0.0,0.0,1.0,0.0,0.0,0.0,0.0,1.0,Sydney
0.42485601927130634,-1.4861815650292205,-0.44811983860202037,-0.647756173296559,1.0,0.0,0.0,0.0,0.0,0.0,1.0,0.0,New York
-1.1879598458565523,0.6556043548759546,0.7903276481380317,-0.36524927812604646,0.0,1.0,0.0,0.0,0.0,0.0,0.0,1.0,Londres
1.0296619686942534,1.0248513181284238,-1.3150330793200569,1.5200592484439646,0.0,0.0,0.0,1.0,0.0,1.0,0.0,0.0,Sydney
0.42485601927130634,0.17581360220902462,-1.1911883306460516,0.5911547641044425,1.0,0.0,0.0,0.0,0.0,0.0,1.0,0.0,New York
-0.9863578627155701,-0.5242970640825595,0.5426381507900213,-0.5414807107874258,1.0,0.0,0.0,0.0,0.0,0.0,0.0,1.0,Tokyo
-0.11274926910464658,-0.045273976619896676,0.7903276481380317,-0.48591771729766386,0.0,1.0,0.0,0.0,0.0,0.0,0.0,1.0,Barcelone
-0.4487525743396172,-0.6716887833018403,-1.3150330793200569,0.23486787805588885,0.0,0.0,1.0,0.0,0.0,1.0,0.0,0.0,Bali
0.22325403613032402,-0.14276745756181683,-0.20043034125400994,-0.3114006939939879,0.0,1.0,0.0,0.0,0.0,0.0,1.0,0.0,Londres
-0.9863578627155701,-0.6325378578842189,1.038017145486042,-0.6078968113372663,0.0,0.0,0.0,1.0,0.0,1.0,0.0,0.0,Rio de Janeiro
0.6936586634592828,1.1883640066373136,-1.5627225766680672,3.2981975266686985,0.0,0.0,0.0,0.0,1.0,1.0,0.0,0.0,Sydney
-0.11274926910464658,0.9972153707748086,1.4095513915080577,-0.4047769872057818,1.0,0.0,0.0,0.0,0.0,1.0,0.0,0.0,Rio de Janeiro
-0.8519565406215819,0.9818620666894669,-0.20043034125400994,-0.007133467152764896,0.0,0.0,1.0,0.0,0.0,0.0,0.0,1.0,Sydney
-0.4487525743396172,0.08599677330977534,-1.6865673253420723,3.2783277459947042,0.0,0.0,0.0,1.0,0.0,0.0,0.0,1.0,Barcelone
1.432865934976218,1.6719930853255789,-1.1911883306460516,1.5356638381545729,0.0,1.0,0.0,0.0,0.0,1.0,0.0,0.0,Le Caire
-0.17994993015164068,-0.08442490203751815,0.41879340211601607,-0.43821240190422933,0.0,0.0,0.0,0.0,1.0,0.0,1.0,0.0,New York
-1.3223611679505407,0.3830832073611383,-1.6865673253420723,3.8409622608471268,0.0,1.0,0.0,0.0,0.0,0.0,1.0,0.0,Londres
1.6344679181172004,1.6497307944018333,-0.20043034125400994,0.17355765049355878,0.0,0.0,1.0,0.0,0.0,1.0,0.0,0.0,Sydney
1.5672672570702064,-1.6090079977119547,0.17110390476800566,-0.730924173979905,1.0,0.0,0.0,0.0,0.0,1.0,0.0,0.0,Rio de Janeiro
1.2312639518352357,-1.0340267597159059,-0.819654084624036,-0.3942232430309515,0.0,0.0,0.0,1.0,0.0,0.0,1.0,0.0,Rio de Janeiro
-0.4487525743396172,0.2656304311082739,-0.819654084624036,0.15274236367443111,0.0,0.0,0.0,1.0,0.0,1.0,0.0,0.0,Sydney
0.08885271403633577,-0.34926939750966346,-1.1911883306460516,0.2596800557153767,0.0,1.0,0.0,0.0,0.0,1.0,0.0,0.0,Rome
0.6936586634592828,0.3723358945013991,-0.44811983860202037,-0.06113312074908468,0.0,1.0,0.0,0.0,0.0,0.0,0.0,1.0,Londres
0.3576553582243122,-1.0678040287036576,-0.819654084624036,-0.4084385334592072,0.0,1.0,0.0,0.0,0.0,0.0,0.0,1.0,Barcelone
-0.8519565406215819,0.7945517568482975,-0.5719645872760255,0.1548276845896938,1.0,0.0,0.0,0.0,0.0,0.0,0.0,1.0,Tokyo
1.5672672570702064,0.050684173913489304,-0.07658559258000475,-0.29762385908161954,1.0,0.0,0.0,0.0,0.0,0.0,0.0,1.0,New York
-1.2551605069035465,-0.459045521719857,0.04725915609400046,-0.45203341818037734,0.0,0.0,0.0,1.0,0.0,0.0,1.0,0.0,Sydney
0.6936586634592828,-0.7162133651493314,-1.5627225766680672,0.8935524551817811,0.0,0.0,0.0,0.0,1.0,0.0,1.0,0.0,Londres
-0.4487525743396172,-0.6578708096250327,-0.5719645872760255,-0.34529208876236595,0.0,1.0,0.0,0.0,0.0,0.0,1.0,0.0,Londres
-1.7255651342325053,0.2088232059925094,1.5333961401820628,-0.5268800329678035,1.0,0.0,0.0,0.0,0.0,0.0,0.0,1.0,Rio de Janeiro
1.432865934976218,-1.1338232362706273,1.038017145486042,-0.6870097541861997,0.0,0.0,0.0,0.0,1.0,0.0,1.0,0.0,Rome
-0.38155191329262306,-0.4298742439577077,0.04725915609400046,-0.4451276943695924,0.0,0.0,0.0,0.0,1.0,1.0,0.0,0.0,Sydney
-1.4567624900445288,0.9549937845401189,0.6664828994640265,-0.2887623684884932,0.0,0.0,0.0,0.0,1.0,0.0,1.0,0.0,New York
0.29045469717731814,-0.8659080799814136,-1.6865673253420723,1.475571160937845,0.0,1.0,0.0,0.0,0.0,1.0,0.0,0.0,Rome
1.5000665960232122,-0.4920551255033418,0.7903276481380317,-0.5628388910083773,0.0,0.0,0.0,1.0,0.0,0.0,0.0,1.0,Sydney
1.5000665960232122,1.0501842698692376,-0.6958093359500308,0.3508841409614325,0.0,0.0,0.0,0.0,1.0,0.0,1.0,0.0,New York
-1.1879598458565523,-1.1100256149383476,-0.9434988332980412,-0.3747983781616812,0.0,0.0,0.0,0.0,1.0,1.0,0.0,0.0,Barcelone
1.6344679181172004,-0.825989489359525,-0.5719645872760255,-0.4031812168617851,0.0,0.0,0.0,0.0,1.0,1.0,0.0,0.0,Barcelone
-1.523963151091523,-0.11589917541246876,-1.1911883306460516,0.4070021483327393,0.0,0.0,0.0,1.0,0.0,1.0,0.0,0.0,Barcelone
-0.38155191329262306,-1.2919622683496474,-0.44811983860202037,-0.5864527316218332,0.0,0.0,1.0,0.0,0.0,0.0,1.0,0.0,Bali
-0.7175552185275936,1.262827531451221,1.4095513915080577,-0.36751569286859187,1.0,0.0,0.0,0.0,0.0,0.0,0.0,1.0,Tokyo
-1.523963151091523,0.9358021544334416,0.04725915609400046,-0.12183078228047463,0.0,1.0,0.0,0.0,0.0,0.0,0.0,1.0,Tokyo
-1.5911638121385172,-1.2758412990600385,-0.3242750899280151,-0.6010656514420047,0.0,1.0,0.0,0.0,0.0,0.0,1.0,0.0,Barcelone
0.22325403613032402,-0.30013882443656986,-0.6958093359500308,-0.16057555283444191,0.0,1.0,0.0,0.0,0.0,1.0,0.0,0.0,Barcelone
-0.2471505911986348,-1.5291708164681774,0.6664828994640265,-0.7368209666688172,0.0,0.0,0.0,1.0,0.0,0.0,1.0,0.0,Bali
-0.5831538964336054,-1.009461473179359,-1.1911883306460516,-0.1570863905047936,0.0,0.0,0.0,0.0,1.0,0.0,0.0,1.0,Rome
-0.2471505911986348,-0.6379115143140885,1.2857066428340524,-0.6263400329361851,0.0,0.0,0.0,0.0,1.0,0.0,1.0,0.0,Londres
-0.11274926910464658,0.4506377453366421,-1.5627225766680672,2.366773135818667,0.0,0.0,0.0,0.0,1.0,1.0,0.0,0.0,Sydney
-0.7175552185275936,-0.47900481703080133,-1.438877827994062,0.6854116997429743,0.0,0.0,0.0,1.0,0.0,0.0,1.0,0.0,Barcelone
-0.4487525743396172,-1.3848497580659649,1.4095513915080577,-0.7389440286170548,0.0,0.0,1.0,0.0,0.0,0.0,0.0,1.0,Sydney
-0.11274926910464658,-0.09670754530579156,0.7903276481380317,-0.49477290396195556,0.0,0.0,1.0,0.0,0.0,1.0,0.0,0.0,Sydney
-0.9863578627155701,0.2464388010015967,-0.44811983860202037,-0.10087132009554711,0.0,0.0,1.0,0.0,0.0,0.0,0.0,1.0,Sydney
-1.1879598458565523,1.708073349926132,-0.20043034125400994,0.18934216192013412,0.0,0.0,0.0,0.0,1.0,0.0,0.0,1.0,Tokyo
-0.2471505911986348,-0.2786441987170914,1.4095513915080577,-0.5837604299468504,0.0,0.0,0.0,0.0,1.0,0.0,1.0,0.0,Londres
-0.045548608057652464,0.9465494672931808,1.5333961401820628,-0.42708453281855396,0.0,0.0,0.0,1.0,0.0,0.0,1.0,0.0,Sydney
-0.4487525743396172,-0.9895021778684148,0.17110390476800566,-0.5928952170562605,0.0,0.0,1.0,0.0,0.0,0.0,0.0,1.0,Sydney
-1.6583644731855112,-1.3810114320446296,0.7903276481380317,-0.7158882366389719,0.0,0.0,0.0,1.0,0.0,1.0,0.0,0.0,Rio de Janeiro
-1.5911638121385172,-0.2279782952354636,0.04725915609400046,-0.39733281641600166,0.0,0.0,1.0,0.0,0.0,0.0,1.0,0.0,Bali
1.29846461288223,0.8851362509518138,-0.3242750899280151,0.028557417286115577,0.0,0.0,0.0,1.0,0.0,0.0,1.0,0.0,Sydney
1.1640632907882416,0.2909633828490878,0.5426381507900213,-0.38708326281422306,0.0,0.0,1.0,0.0,0.0,1.0,0.0,0.0,Sydney
-0.6503545574805996,0.8820655901347455,1.1618618941600474,-0.38760663949504137,0.0,0.0,0.0,1.0,0.0,0.0,1.0,0.0,Sydney
0.29045469717731814,1.1346274423386173,-0.819654084624036,0.5184630174195541,0.0,0.0,0.0,1.0,0.0,0.0,0.0,1.0,Sydney
1.6344679181172004,-1.2919622683496474,1.038017145486042,-0.7119672828644237,0.0,0.0,0.0,1.0,0.0,0.0,0.0,1.0,Barcelone
-1.3895618289975349,-1.5844427111754078,1.5333961401820628,-0.7694630593451672,0.0,1.0,0.0,0.0,0.0,1.0,0.0,0.0,Barcelone
-1.523963151091523,0.9887710535278706,1.038017145486042,-0.3520215658595521,0.0,1.0,0.0,0.0,0.0,1.0,0.0,0.0,Barcelone
-1.0535585237625642,1.6267008382738206,-0.44811983860202037,0.33479503615408474,1.0,0.0,0.0,0.0,0.0,1.0,0.0,0.0,Rio de Janeiro
0.5592573413652946,0.8099050609336392,0.17110390476800566,-0.19197839545895826,0.0,0.0,0.0,1.0,0.0,0.0,1.0,0.0,Sydney
0.08885271403633577,0.25641844865706886,0.5426381507900213,-0.3936255275588503,0.0,0.0,0.0,0.0,1.0,0.0,0.0,1.0,Sydney
0.22325403613032402,0.5327779221932205,-1.5627225766680672,2.470480117942448,0.0,1.0,0.0,0.0,0.0,1.0,0.0,0.0,Rome
-0.4487525743396172,-0.4037736270126267,-1.0673435819720463,0.07345055243210381,0.0,0.0,0.0,0.0,1.0,1.0,0.0,0.0,Rome
1.0296619686942534,-0.144302787970351,0.17110390476800566,-0.4045806178332956,0.0,0.0,0.0,0.0,1.0,0.0,1.0,0.0,Londres
1.6344679181172004,0.3162963345899017,-0.44811983860202037,-0.07882146558013202,0.0,1.0,0.0,0.0,0.0,0.0,0.0,1.0,Paris
-1.523963151091523,1.3027461220731096,-1.1911883306460516,1.302565395559338,0.0,1.0,0.0,0.0,0.0,0.0,0.0,1.0,Tokyo
-0.6503545574805996,0.4230017979830269,1.5333961401820628,-0.4979071458276987,0.0,1.0,0.0,0.0,0.0,0.0,1.0,0.0,Londres
1.3656652739292239,-0.5104790904057519,-1.0673435819720463,0.015712475285357692,0.0,0.0,0.0,0.0,1.0,1.0,0.0,0.0,Rome
-0.5831538964336054,-0.8858673752923578,-0.819654084624036,-0.3318698100161029,0.0,0.0,1.0,0.0,0.0,1.0,0.0,0.0,Bali
1.7016685791641946,0.7600068226562785,0.41879340211601607,-0.26987342646208146,0.0,0.0,0.0,1.0,0.0,0.0,1.0,0.0,Sydney
1.6344679181172004,1.062466913137511,1.1618618941600474,-0.36027451095527746,0.0,0.0,0.0,1.0,0.0,0.0,0.0,1.0,Sydney
-0.8519565406215819,-0.6709211180975733,-1.5627225766680672,0.9507366789696602,0.0,0.0,0.0,1.0,0.0,0.0,1.0,0.0,Rio de Janeiro
-1.523963151091523,0.14280399842553984,-0.6958093359500308,0.007197183561362267,0.0,0.0,0.0,1.0,0.0,0.0,0.0,1.0,Barcelone
0.49205668031830047,-0.2778765335128243,-0.20043034125400994,-0.34795429940289935,0.0,0.0,1.0,0.0,0.0,1.0,0.0,0.0,Rio de Janeiro
-0.5831538964336054,0.14357166362980694,1.1618618941600474,-0.4994939061131388,0.0,1.0,0.0,0.0,0.0,0.0,1.0,0.0,Londres
0.29045469717731814,-0.3592490451651356,0.9141723968120369,-0.5529091288912135,0.0,0.0,0.0,0.0,1.0,1.0,0.0,0.0,Sydney
0.8952606466002652,-0.6878097525914492,1.038017145486042,-0.616619831069461,0.0,0.0,0.0,1.0,0.0,0.0,1.0,0.0,Londres
0.22325403613032402,-1.1614591836242425,0.9141723968120369,-0.6850186303930959,0.0,0.0,1.0,0.0,0.0,1.0,0.0,0.0,Sydney
1.5672672570702064,0.4682940450347851,0.17110390476800566,-0.2680910173065689,0.0,0.0,0.0,0.0,1.0,1.0,0.0,0.0,Sydney
-1.1207591848095584,-0.6985570654511885,-0.20043034125400994,-0.4617689344261009,0.0,0.0,1.0,0.0,0.0,0.0,1.0,0.0,Bali
0.08885271403633577,-0.9518865828593275,-0.07658559258000475,-0.5507852698691715,0.0,1.0,0.0,0.0,0.0,1.0,0.0,0.0,Rome
-0.4487525743396172,1.1814550197989098,0.7903276481380317,-0.2747149070060488,0.0,1.0,0.0,0.0,0.0,1.0,0.0,0.0,Rome
-0.045548608057652464,-0.03375899855589036,-0.819654084624036,0.02674319851489223,0.0,0.0,1.0,0.0,0.0,0.0,0.0,1.0,Sydney
0.7608593245062769,-1.4040413881726421,1.6572408888560681,-0.7482463547110939,1.0,0.0,0.0,0.0,0.0,0.0,1.0,0.0,New York
1.6344679181172004,-0.08442490203751815,1.2857066428340524,-0.5457080169481023,0.0,1.0,0.0,0.0,0.0,1.0,0.0,0.0,Rome
-1.3895618289975349,-0.09056622367165486,-1.6865673253420723,2.9439454761857706,0.0,0.0,0.0,1.0,0.0,0.0,1.0,0.0,Barcelone
-0.38155191329262306,0.3024783609130941,-0.44811983860202037,-0.08318297526449987,1.0,0.0,0.0,0.0,0.0,0.0,0.0,1.0,Tokyo
1.432865934976218,-1.0048554819537565,0.41879340211601607,-0.6217018851361705,0.0,1.0,0.0,0.0,0.0,0.0,1.0,0.0,Rome
0.7608593245062769,-0.6440528359482252,1.4095513915080577,-0.6350216325610192,0.0,0.0,0.0,0.0,1.0,0.0,0.0,1.0,Paris
1.2312639518352357,-1.2136604175144043,-1.438877827994062,-0.010248978970259384,1.0,0.0,0.0,0.0,0.0,1.0,0.0,0.0,Rio de Janeiro
-0.11274926910464658,0.7239265580557254,1.1618618941600474,-0.41156586706606857,0.0,0.0,0.0,0.0,1.0,0.0,1.0,0.0,Londres
0.7608593245062769,-0.5480946854148392,1.038017145486042,-0.5945699756353019,0.0,0.0,1.0,0.0,0.0,0.0,1.0,0.0,Bali
1.5672672570702064,-1.3380221806056727,-0.20043034125400994,-0.6347754872989603,0.0,0.0,1.0,0.0,0.0,0.0,1.0,0.0,Rio de Janeiro
-0.7847558795745877,-1.2244077303741436,1.038017145486042,-0.7013058143028522,1.0,0.0,0.0,0.0,0.0,1.0,0.0,0.0,Rio de Janeiro
-1.3223611679505407,-0.5764982979727215,1.1618618941600474,-0.6085898064122818,0.0,0.0,0.0,1.0,0.0,0.0,1.0,0.0,Bali
-0.38155191329262306,1.0463459438479024,1.2857066428340524,-0.3809771437852093,1.0,0.0,0.0,0.0,0.0,0.0,1.0,0.0,New York
-0.9863578627155701,1.331917399835259,0.7903276481380317,-0.24881018183886694,0.0,1.0,0.0,0.0,0.0,1.0,0.0,0.0,Rome
-0.6503545574805996,1.602135551737274,0.5426381507900213,-0.13876796984037165,1.0,0.0,0.0,0.0,0.0,0.0,1.0,0.0,New York
-0.4487525743396172,0.5673228563852394,1.038017145486042,-0.4185345913175374,1.0,0.0,0.0,0.0,0.0,0.0,1.0,0.0,New York
0.6936586634592828,1.1922023326586488,0.04725915609400046,-0.06113310457515405,0.0,0.0,0.0,0.0,1.0,1.0,0.0,0.0,Sydney
0.29045469717731814,-0.043738646211362496,-1.438877827994062,1.0975742962219746,0.0,1.0,0.0,0.0,0.0,0.0,1.0,0.0,Londres
-1.6583644731855112,1.6842757285938523,-0.5719645872760255,0.4611906958555697,0.0,0.0,0.0,1.0,0.0,0.0,0.0,1.0,Sydney
1.7016685791641946,-1.4170916966451828,0.2949486534420109,-0.6964596941880516,0.0,0.0,0.0,1.0,0.0,0.0,1.0,0.0,Bali
-0.9863578627155701,0.8022284088909684,-1.0673435819720463,0.726015438745328,0.0,0.0,0.0,0.0,1.0,1.0,0.0,0.0,Sydney
-0.6503545574805996,0.904327881058491,1.6572408888560681,-0.44675071651403025,0.0,0.0,0.0,0.0,1.0,0.0,1.0,0.0,New York
0.021652052989341655,-0.6594061400335669,-0.07658559258000475,-0.47693037131629457,0.0,0.0,0.0,0.0,1.0,1.0,0.0,0.0,Rome
1.7016685791641946,-1.5153528427913698,-0.6958093359500308,-0.6208602005199845,0.0,0.0,0.0,0.0,1.0,1.0,0.0,0.0,Barcelone
-0.2471505911986348,0.16046029812368287,0.41879340211601607,-0.3893940990260064,1.0,0.0,0.0,0.0,0.0,0.0,1.0,0.0,New York
-1.6583644731855112,-0.930391957139849,-1.3150330793200569,0.03889073243562569,0.0,1.0,0.0,0.0,0.0,1.0,0.0,0.0,Barcelone
-1.5911638121385172,0.38922452899527504,0.7903276481380317,-0.41111121502916936,1.0,0.0,0.0,0.0,0.0,0.0,0.0,1.0,New York
0.6264580024122887,0.7400475273453342,-1.3150330793200569,1.3043099278946542,0.0,0.0,0.0,1.0,0.0,0.0,1.0,0.0,New York
0.6264580024122887,0.712411579991719,-0.5719645872760255,0.12654395533563978,0.0,0.0,0.0,1.0,0.0,1.0,0.0,0.0,Sydney
-0.5159532353866113,1.2835544919664323,1.5333961401820628,-0.3814963698991778,0.0,0.0,0.0,1.0,0.0,1.0,0.0,0.0,Sydney
-1.5911638121385172,1.245171231753078,-1.438877827994062,2.3180698861483267,0.0,1.0,0.0,0.0,0.0,0.0,1.0,0.0,Londres
1.432865934976218,-0.7453846429114808,-1.0673435819720463,-0.11139437080747916,0.0,0.0,0.0,1.0,0.0,1.0,0.0,0.0,Barcelone
0.3576553582243122,-1.2842856163069765,-0.07658559258000475,-0.6347201020828086,0.0,0.0,1.0,0.0,0.0,1.0,0.0,0.0,Sydney
-0.4487525743396172,-1.6865421833429306,-1.3150330793200569,-0.53392080595001,0.0,0.0,0.0,1.0,0.0,0.0,0.0,1.0,Barcelone
-1.2551605069035465,-1.4078797141939776,-1.438877827994062,-0.1941592733427234,0.0,0.0,0.0,1.0,0.0,0.0,0.0,1.0,Barcelone
0.29045469717731814,1.0125686748601503,0.41879340211601607,-0.21952476926165726,1.0,0.0,0.0,0.0,0.0,1.0,0.0,0.0,Tokyo
-0.7175552185275936,-0.6970217350426543,-0.20043034125400994,-0.46135355254645416,0.0,1.0,0.0,0.0,0.0,0.0,0.0,1.0,Paris
0.6264580024122887,-1.0378650857372413,0.9141723968120369,-0.6646649177215139,1.0,0.0,0.0,0.0,0.0,0.0,1.0,0.0,New York
0.5592573413652946,0.1842579194559626,0.2949486534420109,-0.3594926773615126,0.0,1.0,0.0,0.0,0.0,1.0,0.0,0.0,Rome
-0.17994993015164068,0.36312391205019406,1.038017145486042,-0.45076130310592377,1.0,0.0,0.0,0.0,0.0,1.0,0.0,0.0,Rio de Janeiro
-1.2551605069035465,0.8759242685006088,-1.3150330793200569,1.4072415444370476,0.0,1.0,0.0,0.0,0.0,1.0,0.0,0.0,Rome
-0.38155191329262306,-1.3848497580659649,-1.6865673253420723,0.4927780548907189,1.0,0.0,0.0,0.0,0.0,0.0,0.0,1.0,Tokyo
1.3656652739292239,1.2052526411311895,-0.07658559258000475,-0.0060811624319425375,0.0,0.0,0.0,1.0,0.0,0.0,1.0,0.0,Sydney
-0.2471505911986348,-0.7070013826981264,1.038017145486042,-0.619648657365362,0.0,1.0,0.0,0.0,0.0,0.0,0.0,1.0,Rome
-1.1879598458565523,-0.545791689802038,1.2857066428340524,-0.6129200025359495,0.0,1.0,0.0,0.0,0.0,0.0,0.0,1.0,Londres
-1.6583644731855112,0.028421882989743758,-1.5627225766680672,1.833699863219794,1.0,0.0,0.0,0.0,0.0,0.0,1.0,0.0,New York
0.9624613076472592,-0.2394932732994699,0.6664828994640265,-0.5042071085282287,0.0,0.0,0.0,0.0,1.0,1.0,0.0,0.0,Rome
-0.38155191329262306,-0.2701998814701534,1.5333961401820628,-0.5916796085069622,1.0,0.0,0.0,0.0,0.0,0.0,0.0,1.0,Tokyo
0.29045469717731814,-0.152747105217289,1.038017145486042,-0.5321761539397419,1.0,0.0,0.0,0.0,0.0,0.0,1.0,0.0,New York
0.8952606466002652,0.33855862551364724,1.1618618941600474,-0.46995194590420253,0.0,0.0,0.0,0.0,1.0,1.0,0.0,0.0,Rome
0.3576553582243122,-1.2297813868040133,1.1618618941600474,-0.7075670038052141,0.0,0.0,1.0,0.0,0.0,0.0,0.0,1.0,Sydney
0.29045469717731814,-0.8636050843686123,1.2857066428340524,-0.6592191074167626,0.0,0.0,0.0,1.0,0.0,0.0,0.0,1.0,Barcelone
1.3656652739292239,0.8060667349123037,-0.3242750899280151,0.005519699318443561,0.0,0.0,1.0,0.0,0.0,0.0,0.0,1.0,Sydney
-0.11274926910464658,-1.0631980374780552,1.5333961401820628,-0.6989519827568839,1.0,0.0,0.0,0.0,0.0,1.0,0.0,0.0,Rio de Janeiro
-1.3895618289975349,0.5051419748396053,1.4095513915080577,-0.47380730417150085,0.0,0.0,0.0,0.0,1.0,1.0,0.0,0.0,Sydney
-1.0535585237625642,0.9680440930126593,1.1618618941600474,-0.37458026333991984,0.0,0.0,0.0,0.0,1.0,0.0,0.0,1.0,Sydney
-0.7175552185275936,-1.3909910797001017,-0.9434988332980412,-0.5078244179921491,0.0,0.0,0.0,0.0,1.0,0.0,0.0,1.0,Barcelone
-1.1879598458565523,-0.8282924849723263,1.5333961401820628,-0.6671752678290271,0.0,0.0,0.0,1.0,0.0,0.0,0.0,1.0,Barcelone
1.7016685791641946,-0.6432851707439581,-1.6865673253420723,1.8971835880882397,0.0,0.0,0.0,0.0,1.0,0.0,1.0,0.0,Londres
1.0968626297412476,1.0471136090521693,-0.07658559258000475,-0.04601320731879987,0.0,1.0,0.0,0.0,0.0,1.0,0.0,0.0,Le Caire
-1.0535585237625642,1.09701184732953,-1.3150330793200569,1.574723496777213,0.0,1.0,0.0,0.0,0.0,0.0,1.0,0.0,Londres
1.29846461288223,-1.0263501076732349,-0.20043034125400994,-0.5504529657306758,1.0,0.0,0.0,0.0,0.0,0.0,0.0,1.0,Tokyo
1.5672672570702064,-0.26866455106161924,-0.5719645872760255,-0.21127479220343656,0.0,0.0,1.0,0.0,0.0,1.0,0.0,0.0,Rio de Janeiro
1.5000665960232122,0.059128491160427274,-0.9434988332980412,0.17874986954816205,0.0,0.0,1.0,0.0,0.0,0.0,1.0,0.0,Rio de Janeiro
1.3656652739292239,0.7784307875586886,-0.9434988332980412,0.5193110698791686,0.0,0.0,0.0,0.0,1.0,1.0,0.0,0.0,Rome
0.29045469717731814,-0.7323343344389402,-0.20043034125400994,-0.47090733577832883,0.0,1.0,0.0,0.0,0.0,1.0,0.0,0.0,Rome
-0.2471505911986348,1.0755172216100517,0.6664828994640265,-0.26702404960273585,0.0,1.0,0.0,0.0,0.0,1.0,0.0,0.0,Le Caire
-0.7847558795745877,-0.23795794289093572,1.038017145486042,-0.5456241426935422,0.0,1.0,0.0,0.0,0.0,0.0,0.0,1.0,Londres
-0.17994993015164068,1.0854968692655238,1.2857066428340524,-0.3752736308651092,1.0,0.0,0.0,0.0,0.0,1.0,0.0,0.0,Rio de Janeiro
-0.8519565406215819,-1.3810114320446296,0.17110390476800566,-0.680125412881612,0.0,1.0,0.0,0.0,0.0,0.0,0.0,1.0,Barcelone
-1.0535585237625642,1.4040779290363652,-1.0673435819720463,1.0516748091269754,0.0,0.0,0.0,1.0,0.0,0.0,1.0,0.0,Rio de Janeiro
-1.5911638121385172,0.49592999238840024,-0.07658559258000475,-0.18519382978852603,0.0,1.0,0.0,0.0,0.0,0.0,1.0,0.0,Tokyo
1.7016685791641946,-1.0562890506396514,-1.0673435819720463,-0.27962402004799847,1.0,0.0,0.0,0.0,0.0,0.0,1.0,0.0,New York
-0.17994993015164068,1.2605245358384198,-1.3150330793200569,1.698590357362127,0.0,0.0,0.0,0.0,1.0,0.0,0.0,1.0,New York
0.22325403613032402,-1.4861815650292205,-0.20043034125400994,-0.6748598386848688,0.0,0.0,0.0,1.0,0.0,0.0,0.0,1.0,Sydney
0.29045469717731814,-0.09977820612285991,0.41879340211601607,-0.441273110548632,0.0,1.0,0.0,0.0,0.0,0.0,1.0,0.0,Londres
0.9624613076472592,0.406113163489151,-0.3242750899280151,-0.11101089350832392,0.0,0.0,0.0,0.0,1.0,1.0,0.0,0.0,Rome
-1.1207591848095584,-0.8597667583472769,-1.5627225766680672,0.7123075424981643,0.0,0.0,0.0,1.0,0.0,0.0,0.0,1.0,Barcelone
1.29846461288223,-0.8160098417040529,0.41879340211601607,-0.5840551688100174,1.0,0.0,0.0,0.0,0.0,0.0,0.0,1.0,Tokyo
1.5672672570702064,-1.0240471120604338,1.1618618941600474,-0.6763967465768875,0.0,0.0,1.0,0.0,0.0,0.0,1.0,0.0,Bali
-0.7175552185275936,-0.7146780347407973,-0.6958093359500308,-0.3175898988547786,0.0,0.0,0.0,0.0,1.0,0.0,0.0,1.0,Barcelone
-0.919157201668576,-0.30551248086643945,-1.6865673253420723,2.5368714085922868,0.0,0.0,1.0,0.0,0.0,0.0,0.0,1.0,Sydney
-1.2551605069035465,-0.7638086078138909,1.1618618941600474,-0.6369686973216536,0.0,1.0,0.0,0.0,0.0,0.0,1.0,0.0,Londres
-1.3223611679505407,1.1553544028538287,1.038017145486042,-0.3257313536111316,0.0,1.0,0.0,0.0,0.0,0.0,0.0,1.0,Tokyo
0.6264580024122887,0.5043743096353382,1.1618618941600474,-0.44482964903361105,1.0,0.0,0.0,0.0,0.0,0.0,0.0,1.0,New York
-0.045548608057652464,-0.7676469338352263,-0.44811983860202037,-0.4209576697094313,0.0,0.0,0.0,1.0,0.0,0.0,0.0,1.0,Barcelone
-1.7255651342325053,1.3058167828901779,-1.438877827994062,2.3754964207547484,0.0,1.0,0.0,0.0,0.0,1.0,0.0,0.0,Rome
-0.7847558795745877,-1.1184699321852856,-1.5627225766680672,0.38567901001485466,0.0,0.0,1.0,0.0,0.0,1.0,0.0,0.0,Rio de Janeiro
0.021652052989341655,1.6098122037799447,-0.3242750899280151,0.23969922079565215,0.0,0.0,0.0,0.0,1.0,0.0,1.0,0.0,New York
0.9624613076472592,0.7861074396013594,-0.819654084624036,0.3717870661825525,0.0,1.0,0.0,0.0,0.0,0.0,1.0,0.0,Londres
1.6344679181172004,-1.4531719612457359,-0.3242750899280151,-0.6527327664957155,0.0,0.0,0.0,1.0,0.0,1.0,0.0,0.0,Bali
0.3576553582243122,-0.25791723820188,-1.3150330793200569,0.5483150041369624,0.0,0.0,0.0,0.0,1.0,0.0,0.0,1.0,Paris
-0.38155191329262306,-0.34466340628406095,-0.07658559258000475,-0.397453971298763,0.0,0.0,0.0,1.0,0.0,1.0,0.0,0.0,Rio de Janeiro
0.5592573413652946,-1.420930022666518,-0.6958093359500308,-0.5850958217042411,0.0,0.0,0.0,1.0,0.0,0.0,0.0,1.0,Barcelone
1.5000665960232122,0.16046029812368287,0.17110390476800566,-0.33667789676924736,0.0,0.0,0.0,0.0,1.0,0.0,0.0,1.0,Sydney
0.22325403613032402,-0.49742878193321144,-0.5719645872760255,-0.2900462998455687,0.0,0.0,0.0,0.0,1.0,1.0,0.0,0.0,Rome
1.3656652739292239,-0.31165380250057617,-1.1911883306460516,0.28342605090699113,0.0,0.0,0.0,0.0,1.0,1.0,0.0,0.0,Rome
-1.523963151091523,-0.3945616445614216,-0.44811983860202037,-0.3031969082314997,1.0,0.0,0.0,0.0,0.0,1.0,0.0,0.0,Rio de Janeiro
-1.0535585237625642,0.6993612715191786,-0.819654084624036,0.33527961576453236,0.0,0.0,1.0,0.0,0.0,0.0,0.0,1.0,Sydney
-1.7255651342325053,-1.465454604514009,0.9141723968120369,-0.7350811783306511,0.0,1.0,0.0,0.0,0.0,0.0,0.0,1.0,Barcelone
0.22325403613032402,-0.7046983870853252,1.6572408888560681,-0.6569053083534201,0.0,1.0,0.0,0.0,0.0,0.0,1.0,0.0,Londres
1.3656652739292239,0.13589501158713607,-0.819654084624036,0.09814272543863106,0.0,0.0,0.0,0.0,1.0,0.0,0.0,1.0,Rome
-0.38155191329262306,1.1883640066373136,-1.5627225766680672,3.2981975266686985,0.0,0.0,1.0,0.0,0.0,0.0,1.0,0.0,Sydney
0.6936586634592828,-0.7983535420059099,0.2949486534420109,-0.5662605496232431,0.0,0.0,0.0,1.0,0.0,1.0,0.0,0.0,Rio de Janeiro
-0.919157201668576,0.5742318432236432,-1.5627225766680672,2.5228182210703376,0.0,1.0,0.0,0.0,0.0,0.0,1.0,0.0,Londres
-0.2471505911986348,-1.263558655791765,0.6664828994640265,-0.6889135887422436,0.0,0.0,0.0,0.0,1.0,1.0,0.0,0.0,Rome
-1.7255651342325053,1.0801232128356542,0.7903276481380317,-0.2921609464043549,0.0,0.0,1.0,0.0,0.0,0.0,0.0,1.0,Sydney
1.0968626297412476,-1.1737418268925157,1.6572408888560681,-0.7181669761081279,1.0,0.0,0.0,0.0,0.0,0.0,1.0,0.0,New York
0.9624613076472592,0.773057131128819,-1.0673435819720463,0.7102309284462176,0.0,1.0,0.0,0.0,0.0,0.0,0.0,1.0,Paris
0.8280599855532711,-0.7077690479023935,0.41879340211601607,-0.5624771728669785,0.0,1.0,0.0,0.0,0.0,0.0,0.0,1.0,Londres
0.1560533750833299,-1.0747130155420614,1.2857066428340524,-0.689973343750636,1.0,0.0,0.0,0.0,0.0,1.0,0.0,0.0,Rio de Janeiro
0.08885271403633577,0.6141504338455318,1.6572408888560681,-0.48465073355376753,0.0,1.0,0.0,0.0,0.0,0.0,1.0,0.0,Londres
0.6264580024122887,-1.0163704600177628,-0.44811983860202037,-0.49946484402805247,0.0,0.0,1.0,0.0,0.0,0.0,0.0,1.0,Sydney
-0.31435125224562893,-0.8321308109936617,0.6664828994640265,-0.611098714769023,0.0,0.0,0.0,1.0,0.0,0.0,1.0,0.0,Bali
0.49205668031830047,1.3173317609541844,-0.9434988332980412,0.7744593757835088,0.0,0.0,1.0,0.0,0.0,1.0,0.0,0.0,Sydney
-0.6503545574805996,0.5742318432236432,0.41879340211601607,-0.306908001059354,0.0,0.0,0.0,0.0,1.0,0.0,1.0,0.0,Londres
0.7608593245062769,-1.2159634131272057,0.17110390476800566,-0.6433518989552384,0.0,1.0,0.0,0.0,0.0,0.0,1.0,0.0,Londres
1.7016685791641946,-0.6624768008506353,-0.819654084624036,-0.23785504832013923,0.0,0.0,0.0,0.0,1.0,1.0,0.0,0.0,Barcelone
-1.1879598458565523,1.4685618061948005,1.5333961401820628,-0.35646961075665007,0.0,0.0,0.0,1.0,0.0,1.0,0.0,0.0,Rio de Janeiro
0.8280599855532711,-1.2827502858984423,0.5426381507900213,-0.6851197678472414,0.0,0.0,0.0,1.0,0.0,1.0,0.0,0.0,Bali
0.021652052989341655,-1.4524042960414687,1.2857066428340524,-0.7449954683916024,0.0,1.0,0.0,0.0,0.0,0.0,0.0,1.0,Barcelone
0.021652052989341655,-0.7584349513840213,-0.6958093359500308,-0.33416363537914745,0.0,1.0,0.0,0.0,0.0,1.0,0.0,0.0,Le Caire
0.021652052989341655,-0.07290992397351184,0.5426381507900213,-0.45599511812429655,0.0,0.0,0.0,0.0,1.0,1.0,0.0,0.0,Sydney
-0.9863578627155701,1.3856539641339551,-1.6865673253420723,5.739672018979593,0.0,1.0,0.0,0.0,0.0,0.0,0.0,1.0,Tokyo
0.9624613076472592,-0.852090106304606,0.5426381507900213,-0.6035595340308886,1.0,0.0,0.0,0.0,0.0,0.0,1.0,0.0,New York
1.0296619686942534,0.842914664717124,1.038017145486042,-0.3750406457083994,0.0,0.0,1.0,0.0,0.0,0.0,0.0,1.0,Sydney
0.8952606466002652,0.0637344823860298,1.6572408888560681,-0.5565404484148566,0.0,0.0,0.0,0.0,1.0,0.0,0.0,1.0,Paris
1.29846461288223,0.3431646167392498,-1.438877827994062,1.4639410486477527,0.0,1.0,0.0,0.0,0.0,0.0,0.0,1.0,Rome
0.7608593245062769,0.11286505545912343,1.2857066428340524,-0.5169667851742643,0.0,1.0,0.0,0.0,0.0,0.0,1.0,0.0,Londres
1.29846461288223,1.5276720269233663,-1.5627225766680672,3.726594593011793,0.0,0.0,0.0,0.0,1.0,0.0,0.0,1.0,Tokyo
-1.4567624900445288,0.006159592065998211,-0.3242750899280151,-0.22754148633509147,1.0,0.0,0.0,0.0,0.0,0.0,1.0,0.0,New York
1.432865934976218,-0.09056622367165486,1.1618618941600474,-0.5349675197498538,0.0,0.0,0.0,1.0,0.0,0.0,1.0,0.0,Sydney
-0.5831538964336054,0.0952087557609804,-0.819654084624036,0.08101976196823207,0.0,0.0,1.0,0.0,0.0,1.0,0.0,0.0,Rio de Janeiro
-0.5831538964336054,-0.051415298254033376,-0.5719645872760255,-0.13646829333523738,1.0,0.0,0.0,0.0,0.0,1.0,0.0,0.0,Rio de Janeiro
-0.17994993015164068,1.3088874437072462,1.4095513915080577,-0.36105419674075545,1.0,0.0,0.0,0.0,0.0,1.0,0.0,0.0,Rio de Janeiro
1.5672672570702064,0.8859039161560809,0.7903276481380317,-0.32559918858444165,0.0,0.0,0.0,1.0,0.0,1.0,0.0,0.0,Sydney
-1.0535585237625642,-1.656603240376514,-1.6865673253420723,-0.021879873423900423,0.0,0.0,1.0,0.0,0.0,0.0,1.0,0.0,Bali
-0.2471505911986348,0.3746388901142004,1.038017145486042,-0.4489440073283832,0.0,0.0,1.0,0.0,0.0,1.0,0.0,0.0,Sydney
-0.6503545574805996,-0.799121207210177,-0.5719645872760255,-0.39392952972260853,0.0,0.0,1.0,0.0,0.0,0.0,1.0,0.0,Rio de Janeiro
-0.5159532353866113,-1.4224653530750522,-1.3150330793200569,-0.33387291843259004,1.0,0.0,0.0,0.0,0.0,1.0,0.0,0.0,Rio de Janeiro
1.29846461288223,1.586014582447665,0.2949486534420109,-0.06452538458813761,0.0,0.0,0.0,0.0,1.0,0.0,1.0,0.0,New York
1.0968626297412476,-1.6450882623125078,1.4095513915080577,-0.7754514817393305,1.0,0.0,0.0,0.0,0.0,0.0,0.0,1.0,New York
0.42485601927130634,-0.6724564485061074,-0.20043034125400994,-0.4547074424721067,0.0,0.0,0.0,1.0,0.0,0.0,1.0,0.0,Barcelone
1.0296619686942534,1.6481954639932992,-1.5627225766680672,3.878762781735471,0.0,0.0,1.0,0.0,0.0,1.0,0.0,0.0,Sydney
1.5672672570702064,-0.292462172393899,-1.5627225766680672,1.4285641760446506,0.0,0.0,0.0,0.0,1.0,1.0,0.0,0.0,Barcelone
0.021652052989341655,-0.5887809412409949,-0.9434988332980412,-0.12800963213739788,1.0,0.0,0.0,0.0,0.0,1.0,0.0,0.0,Rio de Janeiro
-0.38155191329262306,1.7234266540114738,-0.20043034125400994,0.19349598071660137,0.0,0.0,0.0,0.0,1.0,1.0,0.0,0.0,Sydney
-1.2551605069035465,1.4578144933350614,-0.44811983860202037,0.2814876955673668,0.0,0.0,0.0,1.0,0.0,0.0,0.0,1.0,Sydney
-0.31435125224562893,-0.9472805916337249,0.5426381507900213,-0.6215871079938614,0.0,0.0,1.0,0.0,0.0,1.0,0.0,0.0,Bali
-1.7255651342325053,1.062466913137511,-0.07658559258000475,-0.04213630975696915,0.0,0.0,0.0,0.0,1.0,0.0,1.0,0.0,New York
-1.6583644731855112,1.490056431914279,-1.5627225766680672,3.6791026105438935,0.0,0.0,0.0,1.0,0.0,0.0,1.0,0.0,Rio de Janeiro
-0.919157201668576,-0.7753235858778972,-0.44811983860202037,-0.42338073064519127,0.0,0.0,0.0,1.0,0.0,0.0,0.0,1.0,Barcelone
-0.045548608057652464,-1.4854138998249535,0.41879340211601607,-0.7175020657059746,0.0,0.0,0.0,1.0,0.0,0.0,0.0,1.0,Sydney
-1.3895618289975349,1.2751101747194944,1.4095513915080577,-0.3657926272345021,0.0,0.0,0.0,0.0,1.0,0.0,0.0,1.0,New York
-1.4567624900445288,0.5143539572908103,-1.5627225766680672,2.447218738774497,1.0,0.0,0.0,0.0,0.0,1.0,0.0,0.0,Rio de Janeiro
1.29846461288223,-0.667850457280505,1.2857066428340524,-0.6307015428162618,0.0,0.0,0.0,1.0,0.0,0.0,0.0,1.0,Barcelone
-0.9863578627155701,1.2336562536890716,1.6572408888560681,-0.4037372051117887,0.0,0.0,0.0,1.0,0.0,1.0,0.0,0.0,Sydney
0.6264580024122887,-0.7461523081157478,0.2949486534420109,-0.5552760064093387,0.0,1.0,0.0,0.0,0.0,0.0,1.0,0.0,Londres
1.5000665960232122,0.09827941657804876,-0.6958093359500308,-0.009667320270451685,1.0,0.0,0.0,0.0,0.0,1.0,0.0,0.0,Rio de Janeiro
1.6344679181172004,-0.11436384500393458,-1.0673435819720463,0.23004950987327852,1.0,0.0,0.0,0.0,0.0,0.0,0.0,1.0,New York
1.5000665960232122,-0.5058730991801493,-0.9434988332980412,-0.0887560466136532,0.0,1.0,0.0,0.0,0.0,1.0,0.0,0.0,Le Caire
-1.1879598458565523,-1.1998424438375968,0.7903276481380317,-0.6846968328662427,0.0,1.0,0.0,0.0,0.0,0.0,0.0,1.0,Rome
-1.3223611679505407,0.310155012955765,1.038017145486042,-0.45912086368261046,0.0,0.0,0.0,1.0,0.0,1.0,0.0,0.0,Sydney
0.08885271403633577,1.1799196893903756,-1.6865673253420723,5.350043982854401,0.0,0.0,1.0,0.0,0.0,0.0,1.0,0.0,Sydney
1.0968626297412476,-0.8797260536582212,-0.9434988332980412,-0.26576064059572396,1.0,0.0,0.0,0.0,0.0,0.0,1.0,0.0,New York
-1.3895618289975349,-1.3019419160051195,0.6664828994640265,-0.6958366202345231,0.0,1.0,0.0,0.0,0.0,0.0,1.0,0.0,Barcelone
1.5672672570702064,-0.991805173481216,1.038017145486042,-0.6645964395965325,0.0,0.0,1.0,0.0,0.0,1.0,0.0,0.0,Sydney
-0.6503545574805996,1.1553544028538287,0.5426381507900213,-0.22338126053755059,0.0,1.0,0.0,0.0,0.0,0.0,1.0,0.0,Londres
-1.3223611679505407,0.5573432087297673,0.04725915609400046,-0.21142346224671132,0.0,0.0,0.0,1.0,0.0,0.0,0.0,1.0,Sydney
-0.919157201668576,-0.6755271093231758,0.7903276481380317,-0.5944267956765223,0.0,0.0,0.0,1.0,0.0,0.0,1.0,0.0,Rio de Janeiro
0.8952606466002652,0.17581360220902462,-1.0673435819720463,0.3870638491644299,0.0,0.0,0.0,1.0,0.0,0.0,1.0,0.0,Londres
-0.045548608057652464,-1.5184235036084384,0.5426381507900213,-0.7297525517716983,1.0,0.0,0.0,0.0,0.0,0.0,1.0,0.0,Rio de Janeiro
0.5592573413652946,0.5274042657633509,1.2857066428340524,-0.4565766483732037,0.0,0.0,1.0,0.0,0.0,0.0,0.0,1.0,Sydney
-0.2471505911986348,1.4731677974204032,-0.07658559258000475,0.06157070002200514,0.0,0.0,1.0,0.0,0.0,1.0,0.0,0.0,Bali
-0.045548608057652464,1.4017749334235639,0.6664828994640265,-0.2081782819183608,0.0,1.0,0.0,0.0,0.0,1.0,0.0,0.0,Barcelone
1.6344679181172004,0.3554472600075232,1.5333961401820628,-0.5070455475062982,0.0,0.0,0.0,1.0,0.0,0.0,0.0,1.0,Sydney
-0.11274926910464658,0.895883563811553,0.9141723968120369,-0.3462114877853975,0.0,1.0,0.0,0.0,0.0,1.0,0.0,0.0,Barcelone
-1.2551605069035465,-1.1599238532157083,-1.5627225766680672,0.33334090688696527,0.0,0.0,0.0,0.0,1.0,0.0,0.0,1.0,Barcelone
-0.17994993015164068,1.0632345783417783,1.2857066428340524,-0.3785168048784994,0.0,1.0,0.0,0.0,0.0,0.0,1.0,0.0,Londres
-1.5911638121385172,1.1338597771343502,0.2949486534420109,-0.15967091330857458,0.0,0.0,0.0,1.0,0.0,1.0,0.0,0.0,Sydney
-1.7255651342325053,-0.10591952775699662,-0.3242750899280151,-0.2601968923863546,1.0,0.0,0.0,0.0,0.0,0.0,1.0,0.0,Rio de Janeiro
-1.3223611679505407,-0.9211799746886439,1.038017145486042,-0.6534503588276169,0.0,0.0,0.0,0.0,1.0,1.0,0.0,0.0,Barcelone
0.3576553582243122,0.2740747483552119,1.6572408888560681,-0.5290679492908141,0.0,1.0,0.0,0.0,0.0,1.0,0.0,0.0,Rome
1.5000665960232122,1.2635951966554881,-1.0673435819720463,0.9756599305812593,1.0,0.0,0.0,0.0,0.0,0.0,1.0,0.0,New York
-0.045548608057652464,1.6052062125543423,-0.3242750899280151,0.238357217807244,0.0,1.0,0.0,0.0,0.0,0.0,0.0,1.0,Tokyo
-1.1207591848095584,0.18886391068156513,-1.1911883306460516,0.5993931705994923,0.0,0.0,0.0,0.0,1.0,0.0,0.0,1.0,New York
0.6264580024122887,-1.6842391877301293,0.17110390476800566,-0.7476860547463452,0.0,0.0,0.0,1.0,0.0,0.0,1.0,0.0,Bali
-0.045548608057652464,0.39383052022087756,0.2949486534420109,-0.3153929671056903,0.0,1.0,0.0,0.0,0.0,0.0,0.0,1.0,Tokyo
-1.3223611679505407,0.8045314045037696,0.6664828994640265,-0.3159006519382285,0.0,1.0,0.0,0.0,0.0,0.0,0.0,1.0,Tokyo
1.7016685791641946,-1.017905790426297,0.7903276481380317,-0.653373262128375,0.0,1.0,0.0,0.0,0.0,0.0,1.0,0.0,Le Caire
-0.7847558795745877,0.5964941341473887,-0.819654084624036,0.29198759491484466,1.0,0.0,0.0,0.0,0.0,0.0,1.0,0.0,New York
-0.045548608057652464,-0.08288957162898399,-0.3242750899280151,-0.25348687744431425,0.0,1.0,0.0,0.0,0.0,1.0,0.0,0.0,Rome
-0.38155191329262306,-0.6571031444207657,-0.5719645872760255,-0.34502775484410375,0.0,0.0,0.0,1.0,0.0,1.0,0.0,0.0,Rio de Janeiro
1.6344679181172004,-1.4163240314409156,-1.1911883306460516,-0.41393082829164274,1.0,0.0,0.0,0.0,0.0,1.0,0.0,0.0,Rio de Janeiro
-0.31435125224562893,1.323473082588321,0.9141723968120369,-0.27579522717626026,1.0,0.0,0.0,0.0,0.0,0.0,1.0,0.0,New York
1.29846461288223,0.9427111412718454,-0.3242750899280151,0.04533245464121641,0.0,0.0,1.0,0.0,0.0,1.0,0.0,0.0,Sydney
-1.0535585237625642,-0.9818255258257439,0.9141723968120369,-0.6554362157027221,0.0,0.0,1.0,0.0,0.0,0.0,0.0,1.0,Sydney
-0.38155191329262306,-0.3231687805645825,-0.20043034125400994,-0.3602080648524777,0.0,0.0,0.0,0.0,1.0,0.0,1.0,0.0,Londres
0.021652052989341655,-0.12050516663807129,0.04725915609400046,-0.37189067606047804,1.0,0.0,0.0,0.0,0.0,1.0,0.0,0.0,Rio de Janeiro
1.7016685791641946,-1.192933456999193,0.04725915609400046,-0.62576689089381,1.0,0.0,0.0,0.0,0.0,0.0,0.0,1.0,Tokyo
1.6344679181172004,0.08139078208417282,-0.20043034125400994,-0.2507549395655667,0.0,1.0,0.0,0.0,0.0,1.0,0.0,0.0,Rome
0.8280599855532711,1.2827868267621654,-1.3150330793200569,1.715454859507491,0.0,0.0,1.0,0.0,0.0,0.0,0.0,1.0,Sydney
-1.5911638121385172,1.5583786350940498,-1.1911883306460516,1.463941240432962,0.0,0.0,0.0,0.0,1.0,0.0,0.0,1.0,New York
-0.919157201668576,-1.2336197128253488,0.6664828994640265,-0.6835136241782657,0.0,1.0,0.0,0.0,0.0,1.0,0.0,0.0,Le Caire
-1.2551605069035465,-0.6310025274756847,-0.9434988332980412,-0.14799988402449005,0.0,0.0,1.0,0.0,0.0,0.0,1.0,0.0,Bali
-1.0535585237625642,1.384118633725421,-1.438877827994062,2.4496420730313937,0.0,0.0,0.0,0.0,1.0,0.0,1.0,0.0,New York
0.08885271403633577,-0.08519256724178524,-0.5719645872760255,-0.14809898573877367,0.0,1.0,0.0,0.0,0.0,0.0,0.0,1.0,Londres
0.49205668031830047,1.568358282749522,-1.438877827994062,2.6241024313293835,0.0,0.0,1.0,0.0,0.0,0.0,1.0,0.0,New York
-0.7175552185275936,-0.7968182115973756,1.5333961401820628,-0.6629176034105888,1.0,0.0,0.0,0.0,0.0,1.0,0.0,0.0,Rio de Janeiro
-1.4567624900445288,-0.5680539807257835,0.5426381507900213,-0.5497675794639536,0.0,0.0,0.0,0.0,1.0,0.0,1.0,0.0,Londres
-1.3895618289975349,0.5051419748396053,0.04725915609400046,-0.223781073276537,0.0,0.0,0.0,0.0,1.0,0.0,0.0,1.0,Sydney
0.6936586634592828,-0.170403404915432,0.04725915609400046,-0.3837030983683997,0.0,0.0,1.0,0.0,0.0,1.0,0.0,0.0,Sydney
-1.5911638121385172,1.087799864878325,-0.819654084624036,0.49875545568947244,0.0,0.0,1.0,0.0,0.0,0.0,0.0,1.0,Sydney
0.5592573413652946,0.8398440039000556,-1.0673435819720463,0.746369149394181,0.0,1.0,0.0,0.0,0.0,1.0,0.0,0.0,Le Caire
1.5000665960232122,-1.6374116102698368,-1.5627225766680672,-0.2695165032157605,0.0,0.0,1.0,0.0,0.0,1.0,0.0,0.0,Bali
-0.8519565406215819,-1.3579814759166169,0.17110390476800566,-0.6749942248918855,0.0,0.0,0.0,1.0,0.0,0.0,1.0,0.0,Bali
0.42485601927130634,-0.6885774177957162,1.4095513915080577,-0.6412677454845943,0.0,0.0,1.0,0.0,0.0,0.0,1.0,0.0,Londres
0.08885271403633577,1.5744996043836588,1.5333961401820628,-0.34213893539702844,0.0,0.0,0.0,0.0,1.0,1.0,0.0,0.0,Rome
-0.5831538964336054,-0.17808005695810286,1.5333961401820628,-0.5792181516725087,1.0,0.0,0.0,0.0,0.0,0.0,0.0,1.0,New York
-1.1207591848095584,-1.2082867610845347,0.2949486534420109,-0.6525215213324339,0.0,0.0,1.0,0.0,0.0,0.0,0.0,1.0,Sydney
0.42485601927130634,0.006159592065998211,0.7903276481380317,-0.4770625306333721,0.0,0.0,0.0,0.0,1.0,0.0,0.0,1.0,Sydney
0.8280599855532711,-0.16579741368982948,-0.9434988332980412,0.07225634585874366,1.0,0.0,0.0,0.0,0.0,1.0,0.0,0.0,Rio de Janeiro
-1.5911638121385172,0.6095444426199292,-0.9434988332980412,0.43935006233079993,0.0,0.0,1.0,0.0,0.0,0.0,0.0,1.0,Sydney
-0.5831538964336054,-0.3323807630157875,-0.819654084624036,-0.0989328918621862,0.0,0.0,0.0,1.0,0.0,0.0,1.0,0.0,Rio de Janeiro
-1.1879598458565523,-0.15812076164715858,-0.3242750899280151,-0.2754062595883127,0.0,1.0,0.0,0.0,0.0,1.0,0.0,0.0,Rome
1.0968626297412476,-0.9204123094843768,-0.44811983860202037,-0.46917658233105364,1.0,0.0,0.0,0.0,0.0,1.0,0.0,0.0,Rio de Janeiro
0.8280599855532711,0.22571184048638535,0.9141723968120369,-0.4565766502840993,0.0,0.0,0.0,0.0,1.0,0.0,0.0,1.0,Paris
0.3576553582243122,0.8221877042019126,-0.9434988332980412,0.5400282400167006,0.0,0.0,0.0,0.0,1.0,1.0,0.0,0.0,Sydney
-0.8519565406215819,0.11823871188899304,1.1618618941600474,-0.5033320348017014,0.0,0.0,0.0,1.0,0.0,0.0,0.0,1.0,Barcelone
-0.31435125224562893,0.6870786282509052,1.2857066428340524,-0.4333152623461285,0.0,0.0,0.0,1.0,0.0,1.0,0.0,0.0,Sydney
-0.8519565406215819,1.4240372243473094,1.4095513915080577,-0.34490045642116446,1.0,0.0,0.0,0.0,0.0,0.0,0.0,1.0,Tokyo
1.3656652739292239,-1.2658616514045664,-0.819654084624036,-0.4917918273339791,0.0,0.0,1.0,0.0,0.0,1.0,0.0,0.0,Rio de Janeiro
1.2312639518352357,0.5573432087297673,-1.6865673253420723,4.170983022788987,1.0,0.0,0.0,0.0,0.0,0.0,1.0,0.0,New York
1.6344679181172004,1.288928148396302,-0.07658559258000475,0.015047929280035377,0.0,0.0,1.0,0.0,0.0,0.0,1.0,0.0,Sydney
1.5672672570702064,-1.1507118707645032,0.5426381507900213,-0.6601137781566663,0.0,0.0,0.0,0.0,1.0,0.0,1.0,0.0,Londres
0.6264580024122887,1.0064273532260137,1.4095513915080577,-0.40348468798021453,0.0,0.0,0.0,1.0,0.0,1.0,0.0,0.0,Sydney
0.6936586634592828,0.11440038586765759,1.2857066428340524,-0.5167431180009271,1.0,0.0,0.0,0.0,0.0,0.0,1.0,0.0,New York
1.29846461288223,1.2490095577744134,1.6572408888560681,-0.4017319132049243,1.0,0.0,0.0,0.0,0.0,0.0,0.0,1.0,New York
-1.1207591848095584,-0.41375327466809886,1.5333961401820628,-0.6110987120739859,0.0,0.0,0.0,0.0,1.0,0.0,1.0,0.0,Londres
1.432865934976218,-1.2251753955784106,-1.0673435819720463,-0.37100802704284847,0.0,0.0,1.0,0.0,0.0,0.0,0.0,1.0,Bali
0.08885271403633577,-1.2758412990600385,1.6572408888560681,-0.731502167288776,0.0,0.0,0.0,1.0,0.0,0.0,0.0,1.0,Barcelone
-0.6503545574805996,0.16890461537062085,-0.9434988332980412,0.23072452445460165,0.0,0.0,0.0,1.0,0.0,0.0,0.0,1.0,Barcelone
-0.5159532353866113,0.16122796332794995,-0.5719645872760255,-0.06324779797661133,0.0,0.0,0.0,1.0,0.0,1.0,0.0,0.0,Barcelone
0.1560533750833299,1.7180529975816041,1.2857066428340524,-0.2831227554501574,0.0,0.0,1.0,0.0,0.0,1.0,0.0,0.0,Sydney
0.1560533750833299,-1.3641227975507535,0.41879340211601607,-0.6933224674151934,0.0,0.0,0.0,0.0,1.0,0.0,0.0,1.0,Barcelone
-0.4487525743396172,-1.5307061468767116,1.2857066428340524,-0.7564024942318027,0.0,0.0,0.0,1.0,0.0,0.0,0.0,1.0,Barcelone
1.1640632907882416,0.9004895550371556,-0.6958093359500308,0.29418451600964424,1.0,0.0,0.0,0.0,0.0,0.0,0.0,1.0,Tokyo
1.432865934976218,-0.8298278153808605,-1.5627225766680672,0.7501072836460843,0.0,0.0,0.0,1.0,0.0,0.0,1.0,0.0,Barcelone
1.5000665960232122,-0.9380686091825199,1.1618618941600474,-0.6633703704217659,0.0,0.0,0.0,0.0,1.0,0.0,0.0,1.0,Rome
0.42485601927130634,1.5829439216305967,0.2949486534420109,-0.06517153418895545,0.0,1.0,0.0,0.0,0.0,1.0,0.0,0.0,Tokyo
-0.9863578627155701,-0.2855531855554952,1.1618618941600474,-0.5645094799587901,0.0,1.0,0.0,0.0,0.0,0.0,0.0,1.0,Barcelone
-1.6583644731855112,-0.32547177617738376,0.6664828994640265,-0.5197146990709347,0.0,0.0,0.0,0.0,1.0,0.0,0.0,1.0,Paris
0.22325403613032402,0.11132972505058925,-1.0673435819720463,0.35217177376639625,1.0,0.0,0.0,0.0,0.0,0.0,0.0,1.0,New York
0.8280599855532711,0.528939596171885,1.2857066428340524,-0.4563529811998664,0.0,1.0,0.0,0.0,0.0,1.0,0.0,0.0,Rome
-1.7255651342325053,0.5512018870956306,0.7903276481380317,-0.3832239853849073,0.0,0.0,0.0,1.0,0.0,0.0,0.0,1.0,Sydney
-0.045548608057652464,1.7157500019688028,-0.44811983860202037,0.36290254300889974,0.0,0.0,0.0,1.0,0.0,1.0,0.0,0.0,Sydney
1.6344679181172004,-0.006890716406542282,0.41879340211601607,-0.4227558232499958,1.0,0.0,0.0,0.0,0.0,0.0,0.0,1.0,New York
-0.5831538964336054,1.3779773120912842,1.5333961401820628,-0.36872337664386284,0.0,0.0,0.0,0.0,1.0,0.0,0.0,1.0,Tokyo
0.021652052989341655,-0.5695893111343177,1.038017145486042,-0.597962261086711,1.0,0.0,0.0,0.0,0.0,0.0,1.0,0.0,New York
1.5000665960232122,-1.665047557623452,0.5426381507900213,-0.7575208310211161,0.0,0.0,0.0,1.0,0.0,0.0,0.0,1.0,Sydney
-1.4567624900445288,-0.7538289601584187,0.17110390476800566,-0.5403860599613919,0.0,0.0,0.0,1.0,0.0,0.0,1.0,0.0,Bali
-0.31435125224562893,0.9427111412718454,-0.5719645872760255,0.20584413081429614,0.0,1.0,0.0,0.0,0.0,1.0,0.0,0.0,Rome
-0.919157201668576,-1.2428316952765537,-0.5719645872760255,-0.5467145344781532,0.0,0.0,0.0,0.0,1.0,0.0,0.0,1.0,Rome
0.29045469717731814,0.4813443535073256,0.7903276481380317,-0.3952511792125275,0.0,1.0,0.0,0.0,0.0,0.0,1.0,0.0,Londres
0.8280599855532711,-1.2320843824168144,1.2857066428340524,-0.7128992290177054,0.0,0.0,1.0,0.0,0.0,0.0,0.0,1.0,Sydney
1.2312639518352357,0.9073985418755594,1.6572408888560681,-0.4463496581326573,0.0,0.0,0.0,1.0,0.0,0.0,1.0,0.0,Sydney
-0.17994993015164068,-0.15888842685142568,-0.3242750899280151,-0.2756299267530474,0.0,0.0,1.0,0.0,0.0,1.0,0.0,0.0,Sydney
-0.17994993015164068,0.6709576589612963,1.6572408888560681,-0.4772311534983692,0.0,0.0,0.0,0.0,1.0,0.0,1.0,0.0,Londres
-0.11274926910464658,0.5558078783212331,0.5426381507900213,-0.33692589977208093,1.0,0.0,0.0,0.0,0.0,0.0,1.0,0.0,New York
-1.1207591848095584,1.5645199567281864,0.6664828994640265,-0.178824628391096,0.0,1.0,0.0,0.0,0.0,1.0,0.0,0.0,Rome
-0.045548608057652464,-1.567554076681532,-0.9434988332980412,-0.5914200167927164,0.0,0.0,0.0,0.0,1.0,0.0,0.0,1.0,Rome
-0.7175552185275936,-1.3748701104104928,-0.819654084624036,-0.5376684464433495,0.0,0.0,1.0,0.0,0.0,0.0,0.0,1.0,Bali
-0.919157201668576,-0.6440528359482252,0.41879340211601607,-0.5497752319927073,0.0,0.0,1.0,0.0,0.0,0.0,1.0,0.0,Bali
-1.1879598458565523,-0.19496869145197882,-1.0673435819720463,0.1864344156257366,1.0,0.0,0.0,0.0,0.0,0.0,0.0,1.0,Tokyo
0.021652052989341655,1.1515160768324932,-0.5719645872760255,0.27774295658161124,1.0,0.0,0.0,0.0,0.0,1.0,0.0,0.0,Rio de Janeiro
-1.4567624900445288,0.0038565964531969477,0.2949486534420109,-0.3974539664095647,0.0,0.0,0.0,1.0,0.0,0.0,0.0,1.0,Sydney
-1.3895618289975349,0.371568229297132,0.6664828994640265,-0.3939924471711404,0.0,0.0,0.0,0.0,1.0,0.0,0.0,1.0,Sydney
-0.6503545574805996,-1.5498977769833888,-0.6958093359500308,-0.6339447293550126,0.0,0.0,0.0,1.0,0.0,1.0,0.0,0.0,Bali
0.9624613076472592,1.6343774903164916,-0.819654084624036,0.728784700801246,1.0,0.0,0.0,0.0,0.0,0.0,1.0,0.0,New York
-1.5911638121385172,-0.6302348622714177,0.2949486534420109,-0.5308838589784627,0.0,0.0,1.0,0.0,0.0,0.0,0.0,1.0,Sydney
0.5592573413652946,-1.0063908123622907,1.2857066428340524,-0.6800201545371279,0.0,0.0,0.0,0.0,1.0,0.0,0.0,1.0,Rome
0.8280599855532711,1.068608234771648,-1.5627225766680672,3.1469985620770182,1.0,0.0,0.0,0.0,0.0,0.0,1.0,0.0,New York
1.7016685791641946,-0.28939151157683063,0.9141723968120369,-0.5414048565116237,0.0,0.0,0.0,1.0,0.0,0.0,0.0,1.0,Sydney
0.5592573413652946,-0.9895021778684148,1.1618618941600474,-0.6711629347288476,0.0,0.0,1.0,0.0,0.0,0.0,1.0,0.0,Rio de Janeiro
-0.9863578627155701,-0.5826396196068582,0.5426381507900213,-0.5525298690227962,0.0,0.0,0.0,1.0,0.0,0.0,1.0,0.0,Bali
-0.9863578627155701,-0.3792083404760799,-0.44811983860202037,-0.2983507863599799,1.0,0.0,0.0,0.0,0.0,0.0,1.0,0.0,Rio de Janeiro
-1.5911638121385172,0.4575467321750459,-0.07658559258000475,-0.19488607369310307,0.0,0.0,0.0,0.0,1.0,0.0,0.0,1.0,Tokyo
0.1560533750833299,0.22417651007785117,0.5426381507900213,-0.3997316413205023,0.0,0.0,0.0,1.0,0.0,1.0,0.0,0.0,Sydney
0.021652052989341655,-0.6463558315610265,0.6664828994640265,-0.5775912423463906,0.0,0.0,0.0,0.0,1.0,1.0,0.0,0.0,Rome
-0.919157201668576,-0.9349979483654515,-1.6865673253420723,1.3447259249256538,0.0,0.0,1.0,0.0,0.0,0.0,0.0,1.0,Rio de Janeiro
0.6264580024122887,0.6410187159948799,-1.438877827994062,1.745985294562836,0.0,0.0,0.0,1.0,0.0,1.0,0.0,0.0,Sydney
1.3656652739292239,-0.5404180333721683,-0.07658559258000475,-0.4468844152121058,0.0,1.0,0.0,0.0,0.0,0.0,1.0,0.0,Londres
-0.38155191329262306,-0.3761376796590115,-1.3150330793200569,0.4587586823995129,1.0,0.0,0.0,0.0,0.0,1.0,0.0,0.0,Rio de Janeiro
0.22325403613032402,-1.5253324904468422,-1.1911883306460516,-0.48274575313264756,0.0,0.0,0.0,1.0,0.0,1.0,0.0,0.0,Barcelone
-1.3895618289975349,-0.6594061400335669,1.4095513915080577,-0.6371754646036314,0.0,1.0,0.0,0.0,0.0,0.0,1.0,0.0,Londres
0.021652052989341655,-1.4531719612457359,-0.07658559258000475,-0.6773659752629475,0.0,0.0,1.0,0.0,0.0,1.0,0.0,0.0,Rio de Janeiro
-0.4487525743396172,-0.0944045496929903,0.17110390476800566,-0.3934630438555547,0.0,0.0,0.0,0.0,1.0,1.0,0.0,0.0,Rome
-0.2471505911986348,1.3633916732102096,-1.438877827994062,2.43001528272287,1.0,0.0,0.0,0.0,0.0,0.0,1.0,0.0,New York
-0.045548608057652464,-1.4562426220628042,0.2949486534420109,-0.7046981015984799,0.0,0.0,0.0,1.0,0.0,0.0,0.0,1.0,Barcelone
-0.5159532353866113,-1.6773302008917255,0.2949486534420109,-0.7512208728573694,0.0,0.0,0.0,1.0,0.0,1.0,0.0,0.0,Bali
0.29045469717731814,-1.3848497580659649,-0.20043034125400994,-0.6474446346281851,1.0,0.0,0.0,0.0,0.0,0.0,0.0,1.0,Tokyo
-0.31435125224562893,1.4977330839569498,-1.3150330793200569,1.8782845353937632,0.0,0.0,0.0,0.0,1.0,1.0,0.0,0.0,Rome
-0.17994993015164068,0.8981865594243543,-1.5627225766680672,2.931830804773473,0.0,0.0,0.0,1.0,0.0,0.0,0.0,1.0,Sydney
1.2312639518352357,0.2832867308064169,0.41879340211601607,-0.364908429870785,0.0,0.0,0.0,1.0,0.0,0.0,0.0,1.0,Sydney
-0.9863578627155701,0.22494417528211824,1.6572408888560681,-0.5354848833927802,0.0,0.0,0.0,1.0,0.0,1.0,0.0,0.0,Sydney
-0.4487525743396172,0.4690617102390522,-1.5627225766680672,2.3900345149866182,0.0,1.0,0.0,0.0,0.0,0.0,1.0,0.0,Londres
1.29846461288223,-0.5496300158233733,-1.438877827994062,0.6185352290620781,0.0,0.0,0.0,1.0,0.0,1.0,0.0,0.0,Barcelone
0.9624613076472592,-1.0509153942097818,-0.07658559258000475,-0.5757912591429802,0.0,0.0,0.0,1.0,0.0,0.0,1.0,0.0,Bali
0.49205668031830047,0.044542852279352604,-0.07658559258000475,-0.29917461810635193,0.0,0.0,0.0,1.0,0.0,0.0,0.0,1.0,Sydney
-0.8519565406215819,1.104688499372201,1.4095513915080577,-0.38970016290749687,0.0,0.0,0.0,1.0,0.0,0.0,1.0,0.0,Sydney
0.22325403613032402,-0.03990032019002706,-1.5627225766680672,1.7474389154719763,0.0,0.0,0.0,0.0,1.0,0.0,1.0,0.0,New York
1.7016685791641946,0.53815157862309,1.2857066428340524,-0.45501097815984287,0.0,1.0,0.0,0.0,0.0,0.0,0.0,1.0,Tokyo
1.5672672570702064,-1.429374339913456,0.7903276481380317,-0.724214755442709,0.0,0.0,0.0,0.0,1.0,0.0,1.0,0.0,Londres
0.1560533750833299,-0.9250183007099794,0.41879340211601607,-0.6057862001852765,0.0,0.0,0.0,1.0,0.0,0.0,1.0,0.0,Barcelone
-1.2551605069035465,0.20114655394983852,-0.819654084624036,0.12560408194776118,0.0,1.0,0.0,0.0,0.0,0.0,0.0,1.0,Barcelone
0.9624613076472592,1.3119581045243147,-1.3150330793200569,1.7375531726634852,0.0,0.0,0.0,1.0,0.0,1.0,0.0,0.0,Rio de Janeiro
-0.5831538964336054,0.7093409191746507,0.17110390476800566,-0.21438458301409757,0.0,0.0,1.0,0.0,0.0,0.0,1.0,0.0,Sydney
1.5672672570702064,1.471632467011869,0.6664828994640265,-0.19557836460241224,0.0,0.0,0.0,1.0,0.0,1.0,0.0,0.0,Sydney
-0.2471505911986348,0.07832012126710447,-0.6958093359500308,-0.0172272702640235,0.0,0.0,0.0,0.0,1.0,0.0,1.0,0.0,New York
-0.5159532353866113,1.6873463894109206,0.2949486534420109,-0.04320244776114662,0.0,0.0,0.0,1.0,0.0,0.0,0.0,1.0,Sydney
-0.2471505911986348,1.350341364737669,1.4095513915080577,-0.35523885022570273,1.0,0.0,0.0,0.0,0.0,0.0,0.0,1.0,New York
-0.38155191329262306,-0.08365723683325106,-0.6958093359500308,-0.07857917213493286,0.0,0.0,0.0,0.0,1.0,1.0,0.0,0.0,Barcelone
1.1640632907882416,0.3339526342880447,0.5426381507900213,-0.37894177779868693,0.0,1.0,0.0,0.0,0.0,1.0,0.0,0.0,Rome
0.5592573413652946,-1.1514795359687702,-1.6865673253420723,0.9347441854207874,0.0,0.0,1.0,0.0,0.0,0.0,1.0,0.0,Rio de Janeiro
0.22325403613032402,-0.9511189176550603,0.41879340211601607,-0.6109894048807611,0.0,0.0,0.0,0.0,1.0,0.0,1.0,0.0,New York
0.9624613076472592,1.3687653296400792,1.1618618941600474,-0.31386804590265704,0.0,0.0,0.0,0.0,1.0,0.0,1.0,0.0,Londres
-1.1207591848095584,0.2832867308064169,-0.20043034125400994,-0.19613222239202288,1.0,0.0,0.0,0.0,0.0,1.0,0.0,0.0,Rio de Janeiro
-1.2551605069035465,1.5483989874385777,1.1618618941600474,-0.2866522242928495,0.0,0.0,1.0,0.0,0.0,0.0,1.0,0.0,Sydney
-0.31435125224562893,0.693987615089309,1.2857066428340524,-0.43230876006611085,0.0,0.0,0.0,0.0,1.0,0.0,1.0,0.0,Londres
0.49205668031830047,1.1461424204026236,-0.9434988332980412,0.6934079908594806,0.0,0.0,1.0,0.0,0.0,0.0,0.0,1.0,Sydney
0.6936586634592828,0.475970697077456,-0.819654084624036,0.24126485406856876,1.0,0.0,0.0,0.0,0.0,0.0,1.0,0.0,New York
0.021652052989341655,-1.4953935474804256,-0.07658559258000475,-0.6880274435579823,0.0,1.0,0.0,0.0,0.0,0.0,0.0,1.0,Tokyo
-0.9863578627155701,-0.8551607671216743,0.5426381507900213,-0.6041410686748554,0.0,0.0,0.0,0.0,1.0,1.0,0.0,0.0,Barcelone
0.29045469717731814,-0.81677750690832,-1.1911883306460516,-0.03544874166611594,0.0,0.0,0.0,1.0,0.0,0.0,0.0,1.0,Barcelone
0.3576553582243122,0.41225448512328766,-0.20043034125400994,-0.16124014450169832,0.0,1.0,0.0,0.0,0.0,0.0,1.0,0.0,Londres
0.29045469717731814,1.1069914949850022,0.7903276481380317,-0.287535102624501,0.0,0.0,1.0,0.0,0.0,1.0,0.0,0.0,Sydney
-0.919157201668576,0.7784307875586886,1.4095513915080577,-0.43546909381300475,0.0,0.0,0.0,1.0,0.0,1.0,0.0,0.0,Sydney
0.08885271403633577,-0.7008600610639897,0.04725915609400046,-0.5092782339803055,0.0,0.0,0.0,1.0,0.0,0.0,0.0,1.0,Barcelone
0.9624613076472592,0.4045778330806168,-0.20043034125400994,-0.16331705389993195,0.0,0.0,1.0,0.0,0.0,0.0,0.0,1.0,Sydney
0.3576553582243122,-1.5383827989193826,0.2949486534420109,-0.721982603420359,0.0,0.0,0.0,1.0,0.0,0.0,1.0,0.0,Sydney
0.021652052989341655,-1.4785049129865497,0.9141723968120369,-0.7372303281158493,0.0,1.0,0.0,0.0,0.0,1.0,0.0,0.0,Rome
1.432865934976218,-0.43064190916197476,1.4095513915080577,-0.6050833671687106,0.0,1.0,0.0,0.0,0.0,0.0,1.0,0.0,Londres
0.08885271403633577,-0.12127283184233838,1.6572408888560681,-0.5807042158925726,0.0,0.0,1.0,0.0,0.0,1.0,0.0,0.0,Sydney
1.3656652739292239,1.4079162550577007,-0.9434988332980412,0.8173475525594521,0.0,1.0,0.0,0.0,0.0,0.0,0.0,1.0,Rome
0.29045469717731814,-0.18038305257090415,-1.6865673253420723,2.773846669369922,1.0,0.0,0.0,0.0,0.0,1.0,0.0,0.0,Rio de Janeiro
1.432865934976218,0.983397397098001,-0.20043034125400994,-0.00671808527311809,0.0,0.0,1.0,0.0,0.0,0.0,0.0,1.0,Sydney
0.1560533750833299,-0.8981500185606313,-1.3150330793200569,0.06331518381856638,0.0,1.0,0.0,0.0,0.0,0.0,0.0,1.0,Londres
0.6264580024122887,1.7387799580968155,0.9141723968120369,-0.20740169577672116,0.0,0.0,0.0,1.0,0.0,0.0,0.0,1.0,Sydney
-0.11274926910464658,-0.9818255258257439,0.04725915609400046,-0.5757912580526029,0.0,1.0,0.0,0.0,0.0,0.0,1.0,0.0,Londres
0.1560533750833299,0.27100408753814353,-1.6865673253420723,3.628702211316239,0.0,1.0,0.0,0.0,0.0,0.0,0.0,1.0,Paris
-0.5159532353866113,-1.0117644687921603,0.5426381507900213,-0.6337993355171656,0.0,0.0,0.0,0.0,1.0,0.0,0.0,1.0,Rome
-1.3895618289975349,0.6747959849826317,0.2949486534420109,-0.25627027863085183,0.0,0.0,1.0,0.0,0.0,1.0,0.0,0.0,Sydney
1.6344679181172004,-0.17270640052823324,-0.6958093359500308,-0.11230817979856068,0.0,0.0,0.0,0.0,1.0,0.0,0.0,1.0,Paris
-0.11274926910464658,1.2467065621616122,-1.1911883306460516,1.2671887088453002,1.0,0.0,0.0,0.0,0.0,0.0,1.0,0.0,New York
0.49205668031830047,0.9787914058723985,1.6572408888560681,-0.43702505076573783,0.0,0.0,0.0,0.0,1.0,0.0,1.0,0.0,Londres
-1.2551605069035465,0.2464388010015967,-0.20043034125400994,-0.20610138750354418,1.0,0.0,0.0,0.0,0.0,0.0,1.0,0.0,New York
0.08885271403633577,0.06757280840736524,0.04725915609400046,-0.3273669304383117,0.0,0.0,0.0,1.0,0.0,1.0,0.0,0.0,Sydney
0.021652052989341655,1.5537726438684474,-1.438877827994062,2.6102909862974593,0.0,0.0,0.0,1.0,0.0,1.0,0.0,0.0,Barcelone
-0.5159532353866113,-0.8912410317222275,-1.5627225766680672,0.6725693530862484,0.0,1.0,0.0,0.0,0.0,1.0,0.0,0.0,Barcelone
0.49205668031830047,-0.4682575041710621,-0.6958093359500308,-0.22425359316491184,0.0,0.0,0.0,0.0,1.0,0.0,1.0,0.0,Londres
-0.31435125224562893,-1.0470770681884463,-0.20043034125400994,-0.5560606211059066,1.0,0.0,0.0,0.0,0.0,0.0,1.0,0.0,Rio de Janeiro
0.6936586634592828,-0.650961822786629,0.17110390476800566,-0.5174667536072799,0.0,0.0,1.0,0.0,0.0,0.0,0.0,1.0,Sydney
1.5672672570702064,0.4567790669707788,0.5426381507900213,-0.35568039204001234,0.0,0.0,1.0,0.0,0.0,0.0,0.0,1.0,Sydney
1.5672672570702064,1.2751101747194944,0.04725915609400046,-0.04150631058660726,1.0,0.0,0.0,0.0,0.0,0.0,0.0,1.0,Tokyo
0.6936586634592828,0.5013036488182698,0.2949486534420109,-0.29277773107706356,0.0,0.0,0.0,1.0,0.0,0.0,1.0,0.0,Sydney
1.5672672570702064,-0.694718739429853,1.6572408888560681,-0.6556018686139582,1.0,0.0,0.0,0.0,0.0,0.0,0.0,1.0,Tokyo
0.5592573413652946,1.2229089408293325,-1.1911883306460516,1.252165732295503,0.0,0.0,1.0,0.0,0.0,1.0,0.0,0.0,Sydney
1.5000665960232122,0.03993686105375008,-0.3242750899280151,-0.21770013108676567,0.0,1.0,0.0,0.0,0.0,1.0,0.0,0.0,Rome
-0.045548608057652464,-1.0854603284018007,-0.20043034125400994,-0.5664451680970746,1.0,0.0,0.0,0.0,0.0,0.0,0.0,1.0,Tokyo
0.29045469717731814,-1.2958005943709827,0.17110390476800566,-0.6611400173196237,0.0,0.0,1.0,0.0,0.0,0.0,0.0,1.0,Sydney
-0.9863578627155701,0.6648163373271596,-0.3242750899280151,-0.03563505899273727,0.0,0.0,0.0,1.0,0.0,0.0,1.0,0.0,Sydney
0.5592573413652946,0.19193457149863347,1.4095513915080577,-0.5177454778407884,0.0,0.0,0.0,1.0,0.0,1.0,0.0,0.0,Rio de Janeiro
-0.045548608057652464,0.9235195111651682,-0.5719645872760255,0.19923578285774138,1.0,0.0,0.0,0.0,0.0,0.0,0.0,1.0,Tokyo
-0.8519565406215819,0.5327779221932205,0.04725915609400046,-0.21723880861368808,0.0,1.0,0.0,0.0,0.0,0.0,1.0,0.0,Londres
0.1560533750833299,1.0770525520185859,1.1618618941600474,-0.3580646792861051,0.0,0.0,0.0,0.0,1.0,1.0,0.0,0.0,Sydney
1.3656652739292239,1.03636629619243,-1.3150330793200569,1.5287822667950148,0.0,1.0,0.0,0.0,0.0,0.0,1.0,0.0,Londres
-0.7175552185275936,-0.24947292095494206,-1.3150330793200569,0.554711884261066,1.0,0.0,0.0,0.0,0.0,0.0,1.0,0.0,New York
-1.6583644731855112,0.921984180756634,1.2857066428340524,-0.39909418482552744,0.0,1.0,0.0,0.0,0.0,0.0,0.0,1.0,Paris
1.432865934976218,1.67429608093838,-0.9434988332980412,0.9434678690107426,1.0,0.0,0.0,0.0,0.0,0.0,1.0,0.0,New York
1.0968626297412476,1.0831938736527225,0.9141723968120369,-0.315364867339025,0.0,1.0,0.0,0.0,0.0,0.0,1.0,0.0,Londres
0.1560533750833299,1.2067879715397236,-1.438877827994062,2.281723978169579,0.0,1.0,0.0,0.0,0.0,0.0,0.0,1.0,Tokyo
1.7016685791641946,0.9434788064761125,0.9141723968120369,-0.33837341209820454,0.0,0.0,0.0,1.0,0.0,0.0,0.0,1.0,Sydney
0.7608593245062769,0.170439945779155,-1.0673435819720463,0.38415617621459375,0.0,1.0,0.0,0.0,0.0,0.0,1.0,0.0,Londres
-0.11274926910464658,-0.22337230400986105,-1.438877827994062,0.9274754468814346,0.0,0.0,0.0,1.0,0.0,1.0,0.0,0.0,Barcelone
0.29045469717731814,-1.4055767185811763,1.2857066428340524,-0.738173619604816,0.0,0.0,0.0,1.0,0.0,0.0,1.0,0.0,Barcelone
-0.5159532353866113,-0.720819356374934,1.038017145486042,-0.6218294122984108,1.0,0.0,0.0,0.0,0.0,0.0,0.0,1.0,Tokyo
-0.31435125224562893,-0.7077690479023935,-0.20043034125400994,-0.46426122570398126,0.0,0.0,1.0,0.0,0.0,1.0,0.0,0.0,Rio de Janeiro
-1.6583644731855112,0.9150751939182302,0.5426381507900213,-0.2688863464279578,0.0,0.0,0.0,1.0,0.0,1.0,0.0,0.0,Sydney
1.7016685791641946,0.5742318432236432,0.6664828994640265,-0.3574388408919051,0.0,0.0,0.0,0.0,1.0,0.0,1.0,0.0,New York
-0.17994993015164068,-1.681168526913061,0.6664828994640265,-0.7642361713782437,0.0,0.0,0.0,0.0,1.0,0.0,1.0,0.0,Londres
-1.6583644731855112,0.46061739299211424,-0.6958093359500308,0.1275748488436203,0.0,0.0,1.0,0.0,0.0,0.0,0.0,1.0,Sydney
-1.5911638121385172,1.4862181058929436,-1.0673435819720463,1.0961206670744705,0.0,1.0,0.0,0.0,0.0,1.0,0.0,0.0,Barcelone
-0.4487525743396172,-1.5491301117791219,1.6572408888560681,-0.7671963632309626,0.0,0.0,1.0,0.0,0.0,1.0,0.0,0.0,Rio de Janeiro
1.432865934976218,-0.11052551898259914,0.6664828994640265,-0.4809457227141699,1.0,0.0,0.0,0.0,0.0,0.0,0.0,1.0,New York
0.49205668031830047,-0.5289030553081621,-0.44811983860202037,-0.34560047460729815,0.0,0.0,1.0,0.0,0.0,0.0,0.0,1.0,Sydney
-0.17994993015164068,-1.3894557492915676,0.04725915609400046,-0.6722896618296246,0.0,1.0,0.0,0.0,0.0,0.0,0.0,1.0,Barcelone
0.29045469717731814,1.2067879715397236,-0.6958093359500308,0.4102006716802263,0.0,0.0,1.0,0.0,0.0,1.0,0.0,0.0,Sydney
1.5000665960232122,-0.9941081690940172,-0.07658559258000475,-0.5614467381642062,1.0,0.0,0.0,0.0,0.0,0.0,0.0,1.0,Tokyo
1.0968626297412476,0.8513589819640619,0.41879340211601607,-0.2516622100278854,0.0,0.0,0.0,0.0,1.0,0.0,0.0,1.0,Londres
-0.5831538964336054,1.3012107916645754,-0.20043034125400994,0.07926596381375318,0.0,1.0,0.0,0.0,0.0,0.0,0.0,1.0,Tokyo
1.3656652739292239,0.5488988914828293,0.5426381507900213,-0.3382343527210064,0.0,1.0,0.0,0.0,0.0,1.0,0.0,0.0,Rome
0.1560533750833299,0.2149645276266461,0.04725915609400046,-0.29247485223645076,0.0,0.0,1.0,0.0,0.0,0.0,0.0,1.0,Sydney
1.2312639518352357,0.4613850581963813,0.9141723968120369,-0.4177655335749338,0.0,0.0,0.0,1.0,0.0,0.0,1.0,0.0,Sydney
0.1560533750833299,1.2758778399237616,1.2857066428340524,-0.34753890137128873,0.0,0.0,0.0,1.0,0.0,0.0,0.0,1.0,Sydney
0.8952606466002652,0.6448570420162153,1.6572408888560681,-0.4806401497400387,0.0,1.0,0.0,0.0,0.0,0.0,0.0,1.0,Londres
-0.6503545574805996,0.6210594206839356,-0.819654084624036,0.30232598795357596,0.0,0.0,1.0,0.0,0.0,0.0,0.0,1.0,Sydney
1.5672672570702064,-1.6358762798613027,1.6572408888560681,-0.7785262625047464,0.0,1.0,0.0,0.0,0.0,0.0,0.0,1.0,Londres
0.22325403613032402,1.3795126424998183,0.9141723968120369,-0.2665665251574685,0.0,1.0,0.0,0.0,0.0,0.0,0.0,1.0,Tokyo
-0.38155191329262306,-0.6839714265701138,1.1618618941600474,-0.6248727766061837,0.0,0.0,0.0,0.0,1.0,1.0,0.0,0.0,Rome
-0.9863578627155701,-1.1368938970876956,1.038017145486042,-0.6874943663935439,0.0,0.0,0.0,0.0,1.0,1.0,0.0,0.0,Rome
0.22325403613032402,-1.1107932801426146,-0.07658559258000475,-0.5909111596341204,0.0,0.0,1.0,0.0,0.0,0.0,1.0,0.0,Bali
0.8280599855532711,0.7285325492813279,-1.5627225766680672,2.717632271601926,0.0,0.0,1.0,0.0,0.0,0.0,1.0,0.0,Londres
0.8952606466002652,-1.263558655791765,-0.5719645872760255,-0.5538515502712323,0.0,1.0,0.0,0.0,0.0,0.0,0.0,1.0,Rome
1.6344679181172004,-1.1967717830205284,-1.0673435819720463,-0.3556388985937146,0.0,0.0,1.0,0.0,0.0,0.0,0.0,1.0,Rio de Janeiro
-1.3895618289975349,1.4961977535484157,-1.1911883306460516,1.424687656544783,0.0,0.0,1.0,0.0,0.0,1.0,0.0,0.0,Rio de Janeiro
-0.2471505911986348,-0.5066407643844165,-0.20043034125400994,-0.40984619947026085,1.0,0.0,0.0,0.0,0.0,0.0,0.0,1.0,Tokyo
0.42485601927130634,0.4828796839158598,1.4095513915080577,-0.4769303606332884,0.0,0.0,1.0,0.0,0.0,0.0,0.0,1.0,Sydney
-1.3223611679505407,1.7134470063560017,1.038017145486042,-0.23765308492633128,0.0,1.0,0.0,0.0,0.0,1.0,0.0,0.0,Barcelone
-1.4567624900445288,-1.6796331965045268,-0.9434988332980412,-0.6444850490748155,0.0,0.0,0.0,0.0,1.0,0.0,0.0,1.0,New York
0.1560533750833299,0.7108762495831848,1.1618618941600474,-0.413543084875328,0.0,0.0,1.0,0.0,0.0,1.0,0.0,0.0,Sydney
0.08885271403633577,0.9941447099577403,1.1618618941600474,-0.37062582772140085,0.0,0.0,0.0,1.0,0.0,1.0,0.0,0.0,Sydney
1.0968626297412476,0.37770955093126873,1.2857066428340524,-0.47838419777358665,0.0,0.0,1.0,0.0,0.0,0.0,1.0,0.0,Sydney
-0.31435125224562893,-1.367193458367822,0.9141723968120369,-0.7188993446538656,0.0,1.0,0.0,0.0,0.0,0.0,1.0,0.0,Londres
-0.045548608057652464,-1.4032737229683752,0.6664828994640265,-0.7141134233741407,0.0,0.0,0.0,0.0,1.0,0.0,0.0,1.0,Barcelone
0.7608593245062769,-1.6688858836447875,1.4095513915080577,-0.7787899214053794,0.0,0.0,0.0,1.0,0.0,0.0,1.0,0.0,Bali
1.0968626297412476,1.6719930853255789,0.5426381507900213,-0.1255380566901255,0.0,1.0,0.0,0.0,0.0,0.0,0.0,1.0,Tokyo
-0.4487525743396172,-1.3971324013342383,1.1618618941600474,-0.7329219145357184,0.0,1.0,0.0,0.0,0.0,0.0,1.0,0.0,Londres
-1.1879598458565523,-1.559877424638861,0.2949486534420109,-0.7265056506260844,0.0,1.0,0.0,0.0,0.0,0.0,1.0,0.0,Londres
0.1560533750833299,0.21266153201384486,0.6664828994640265,-0.4226537975491772,0.0,1.0,0.0,0.0,0.0,0.0,0.0,1.0,Rome
-0.11274926910464658,-0.48284314305213677,1.1618618941600474,-0.5944003609575956,0.0,0.0,1.0,0.0,0.0,1.0,0.0,0.0,Sydney
0.49205668031830047,0.415325145940356,-1.1911883306460516,0.7423537538959462,1.0,0.0,0.0,0.0,0.0,0.0,1.0,0.0,New York
1.29846461288223,-0.7783942466949656,-0.20043034125400994,-0.4833687921677304,1.0,0.0,0.0,0.0,0.0,0.0,1.0,0.0,New York
1.0296619686942534,0.8052990697080367,-0.3242750899280151,0.005296032153708869,0.0,0.0,0.0,1.0,0.0,1.0,0.0,0.0,Sydney
0.22325403613032402,0.5573432087297673,0.2949486534420109,-0.28098550086213675,0.0,0.0,0.0,0.0,1.0,1.0,0.0,0.0,Sydney
-0.8519565406215819,1.5645199567281864,1.4095513915080577,-0.3251928932312634,0.0,0.0,1.0,0.0,0.0,0.0,1.0,0.0,Sydney
0.7608593245062769,-1.5905840328095444,-0.20043034125400994,-0.7031058065008458,0.0,0.0,1.0,0.0,0.0,0.0,1.0,0.0,Bali
0.7608593245062769,-0.27480587269575596,1.5333961401820628,-0.5923026813486849,1.0,0.0,0.0,0.0,0.0,1.0,0.0,0.0,Rio de Janeiro
1.3656652739292239,0.6701899937570293,-0.07658559258000475,-0.14119104246174635,1.0,0.0,0.0,0.0,0.0,0.0,1.0,0.0,New York
-0.11274926910464658,-0.7499906341370833,-0.3242750899280151,-0.4478536435987499,0.0,0.0,0.0,0.0,1.0,1.0,0.0,0.0,Rome
0.3576553582243122,-1.5383827989193826,0.5426381507900213,-0.7335325269574829,0.0,1.0,0.0,0.0,0.0,0.0,1.0,0.0,Londres
1.3656652739292239,0.4659910494219838,0.04725915609400046,-0.23304928154890633,0.0,0.0,1.0,0.0,0.0,0.0,0.0,1.0,Sydney
1.7016685791641946,0.9880033883236036,-1.438877827994062,2.074552302690716,0.0,0.0,1.0,0.0,0.0,0.0,1.0,0.0,Sydney
-1.6583644731855112,-0.8682110755942148,1.6572408888560681,-0.678261667161526,0.0,0.0,0.0,1.0,0.0,1.0,0.0,0.0,Bali
0.8280599855532711,0.939640480454777,-0.07658559258000475,-0.07315149025161555,0.0,0.0,0.0,1.0,0.0,1.0,0.0,0.0,Sydney
0.3576553582243122,1.7195883279901383,-0.44811983860202037,0.3641140734767797,0.0,1.0,0.0,0.0,0.0,1.0,0.0,0.0,Rome
1.1640632907882416,-1.0608950418652539,-1.6865673253420723,1.1062968281923273,0.0,0.0,1.0,0.0,0.0,1.0,0.0,0.0,Bali
-1.5911638121385172,-0.4805401474393355,1.6572408888560681,-0.6276280465131998,0.0,0.0,0.0,0.0,1.0,0.0,0.0,1.0,Barcelone
0.6264580024122887,-0.15505010083009024,0.7903276481380317,-0.5048175933124954,0.0,1.0,0.0,0.0,0.0,0.0,1.0,0.0,Londres
-1.2551605069035465,0.8613386296195341,-1.1911883306460516,1.0239134111679449,0.0,0.0,1.0,0.0,0.0,0.0,0.0,1.0,Sydney
0.08885271403633577,0.624897746705271,-0.44811983860202037,0.018585584037416437,1.0,0.0,0.0,0.0,0.0,0.0,1.0,0.0,New York
0.29045469717731814,-0.415288605076633,0.2949486534420109,-0.48565338692120913,0.0,0.0,1.0,0.0,0.0,0.0,0.0,1.0,Sydney
-0.7847558795745877,-1.166065174849845,-1.3150330793200569,-0.13964037648253697,0.0,0.0,0.0,0.0,1.0,0.0,0.0,1.0,Rome
-0.5159532353866113,1.6405188119506282,0.6664828994640265,-0.16511702603638279,0.0,0.0,0.0,1.0,0.0,1.0,0.0,0.0,Sydney
0.8280599855532711,-1.3487694934654118,1.5333961401820628,-0.7375824989436901,0.0,0.0,1.0,0.0,0.0,0.0,1.0,0.0,Bali
1.7016685791641946,1.262827531451221,1.038017145486042,-0.3087699263540861,0.0,0.0,0.0,0.0,1.0,0.0,0.0,1.0,Sydney
1.5672672570702064,0.7231588928514583,0.7903276481380317,-0.35361858519384237,1.0,0.0,0.0,0.0,0.0,0.0,0.0,1.0,New York
1.1640632907882416,0.8920452377902176,0.9141723968120369,-0.346843590663397,0.0,0.0,0.0,0.0,1.0,1.0,0.0,0.0,Sydney
1.5000665960232122,-0.9403716047953211,0.17110390476800566,-0.5819486826781771,0.0,0.0,0.0,0.0,1.0,0.0,0.0,1.0,Barcelone
-1.3223611679505407,1.3004431264603082,1.4095513915080577,-0.36223880436419215,1.0,0.0,0.0,0.0,0.0,0.0,0.0,1.0,Tokyo
0.29045469717731814,0.6486953680375508,-0.07658559258000475,-0.14661869904830946,0.0,0.0,0.0,0.0,1.0,0.0,1.0,0.0,New York
-0.919157201668576,1.578337930404994,0.2949486534420109,-0.0661407585901823,0.0,0.0,0.0,1.0,0.0,0.0,1.0,0.0,Bali
1.29846461288223,0.8598032992109998,-1.6865673253420723,4.7437943893312475,0.0,0.0,0.0,1.0,0.0,1.0,0.0,0.0,Sydney
1.0296619686942534,1.0079626836345479,-0.6958093359500308,0.33489193905195375,0.0,0.0,0.0,1.0,0.0,1.0,0.0,0.0,Sydney
-1.4567624900445288,0.2510447922271992,0.04725915609400046,-0.2839335622599536,1.0,0.0,0.0,0.0,0.0,0.0,0.0,1.0,New York
0.1560533750833299,-0.03222366814735618,-1.5627225766680672,1.7571311567919559,0.0,0.0,1.0,0.0,0.0,0.0,0.0,1.0,Sydney
1.0296619686942534,0.3930628550166105,0.04725915609400046,-0.25031359107586876,0.0,0.0,0.0,0.0,1.0,1.0,0.0,0.0,Rome
-0.9863578627155701,0.6717253241655634,1.2857066428340524,-0.4355519340795011,0.0,0.0,0.0,1.0,0.0,1.0,0.0,0.0,Sydney
1.2312639518352357,1.0547902610948403,0.41879340211601607,-0.21110782048954985,0.0,0.0,0.0,0.0,1.0,0.0,0.0,1.0,Sydney
1.7016685791641946,-0.6839714265701138,1.6572408888560681,-0.6541981642791531,1.0,0.0,0.0,0.0,0.0,0.0,1.0,0.0,New York
-0.6503545574805996,0.08599677330977534,-0.9434988332980412,0.19147093893085698,0.0,1.0,0.0,0.0,0.0,1.0,0.0,0.0,Rome
-0.4487525743396172,-0.17731239175383579,1.1618618941600474,-0.5481102028349317,0.0,0.0,0.0,0.0,1.0,1.0,0.0,0.0,Sydney
-0.5159532353866113,1.3242407477925882,0.7903276481380317,-0.2501318514902538,0.0,1.0,0.0,0.0,0.0,0.0,1.0,0.0,Londres
-1.1207591848095584,0.3339526342880447,0.2949486534420109,-0.3279928843216396,1.0,0.0,0.0,0.0,0.0,0.0,0.0,1.0,Tokyo
0.9624613076472592,0.65944268089729,1.2857066428340524,-0.43734127146619917,0.0,0.0,0.0,1.0,0.0,0.0,0.0,1.0,Sydney
0.021652052989341655,-0.9626338957190667,1.2857066428340524,-0.673645640097016,1.0,0.0,0.0,0.0,0.0,1.0,0.0,0.0,Rio de Janeiro
-0.9863578627155701,-0.7246576823962694,-0.3242750899280151,-0.4404726271625055,0.0,0.0,1.0,0.0,0.0,0.0,0.0,1.0,Sydney
-1.6583644731855112,1.4654911453777322,1.6572408888560681,-0.37345729731813615,0.0,1.0,0.0,0.0,0.0,0.0,0.0,1.0,Tokyo
-0.7175552185275936,1.3964012769936942,0.7903276481380317,-0.23770815676721757,0.0,0.0,0.0,1.0,0.0,1.0,0.0,0.0,Barcelone
1.0968626297412476,-0.9403716047953211,-0.819654084624036,-0.35480811957078817,0.0,1.0,0.0,0.0,0.0,1.0,0.0,0.0,Le Caire
0.5592573413652946,-0.3300777674029863,0.7903276481380317,-0.5349516613641151,0.0,0.0,1.0,0.0,0.0,0.0,0.0,1.0,Sydney
-1.2551605069035465,1.1730107025519718,-1.5627225766680672,3.2788130440287397,1.0,0.0,0.0,0.0,0.0,0.0,0.0,1.0,Tokyo
-0.31435125224562893,-0.8305954805851276,1.4095513915080577,-0.6611906918787567,1.0,0.0,0.0,0.0,0.0,1.0,0.0,0.0,Rio de Janeiro
-1.4567624900445288,1.1676370461221022,0.5426381507900213,-0.2210551219616831,0.0,0.0,1.0,0.0,0.0,0.0,0.0,1.0,Sydney
-1.4567624900445288,-1.2213370695570753,-1.0673435819720463,-0.3689311177929655,1.0,0.0,0.0,0.0,0.0,1.0,0.0,0.0,Rio de Janeiro
0.22325403613032402,0.7684511399032165,1.038017145486042,-0.3867924917364952,0.0,0.0,1.0,0.0,0.0,1.0,0.0,0.0,Sydney
0.9624613076472592,0.5166569529036117,1.4095513915080577,-0.47219193013954175,0.0,0.0,0.0,1.0,0.0,0.0,1.0,0.0,Londres
0.6264580024122887,0.6149180990497989,1.038017145486042,-0.41102310210370296,0.0,0.0,0.0,1.0,0.0,0.0,0.0,1.0,Sydney
0.5592573413652946,-1.157620857602907,-0.44811983860202037,-0.5440491652460349,0.0,0.0,1.0,0.0,0.0,0.0,1.0,0.0,Rio de Janeiro
0.49205668031830047,-0.5703569763385847,0.41879340211601607,-0.5350838304995744,0.0,1.0,0.0,0.0,0.0,1.0,0.0,0.0,Le Caire
1.0968626297412476,1.0402046222137655,0.2949486534420109,-0.17937847613352073,0.0,0.0,0.0,0.0,1.0,1.0,0.0,0.0,Sydney
0.8280599855532711,0.30785201734296375,0.6664828994640265,-0.4054846794483243,1.0,0.0,0.0,0.0,0.0,1.0,0.0,0.0,Rio de Janeiro
0.1560533750833299,-0.06907159795217639,-0.9434988332980412,0.11805219563644587,0.0,0.0,0.0,1.0,0.0,1.0,0.0,0.0,Sydney
-0.17994993015164068,0.006927257270265299,-0.07658559258000475,-0.30867301713283735,0.0,0.0,1.0,0.0,0.0,0.0,0.0,1.0,Sydney
1.2312639518352357,-0.10208120173566118,1.1618618941600474,-0.5367121236992004,0.0,0.0,1.0,0.0,0.0,0.0,1.0,0.0,Sydney
1.29846461288223,-0.013032038040678985,0.6664828994640265,-0.46336122272378016,1.0,0.0,0.0,0.0,0.0,1.0,0.0,0.0,Rio de Janeiro
-1.3223611679505407,0.3293466430624422,-1.1911883306460516,0.6880771934579705,1.0,0.0,0.0,0.0,0.0,0.0,0.0,1.0,New York
-1.0535585237625642,1.3818156381126196,-1.5627225766680672,3.5424420079321823,0.0,0.0,1.0,0.0,0.0,1.0,0.0,0.0,Rio de Janeiro
1.29846461288223,0.006159592065998211,-1.3150330793200569,0.7483628916543824,0.0,0.0,0.0,1.0,0.0,0.0,1.0,0.0,Rio de Janeiro
-1.3895618289975349,-1.3265072025416662,0.04725915609400046,-0.6573878367642465,0.0,0.0,0.0,1.0,0.0,0.0,0.0,1.0,Barcelone
0.49205668031830047,-0.26866455106161924,-1.6865673253420723,2.606655534465455,0.0,0.0,1.0,0.0,0.0,0.0,1.0,0.0,Sydney
-0.5159532353866113,-1.1200052625938197,-0.9434988332980412,-0.3795233467895393,0.0,0.0,1.0,0.0,0.0,1.0,0.0,0.0,Bali
-1.6583644731855112,-0.6110432321647404,-1.1911883306460516,0.09442731366761159,0.0,0.0,0.0,0.0,1.0,0.0,0.0,1.0,Londres
-0.9863578627155701,0.6295037379308736,-0.3242750899280151,-0.04592374857053239,0.0,1.0,0.0,0.0,0.0,1.0,0.0,0.0,Rome
-0.5831538964336054,-0.5580743330703114,1.038017145486042,-0.5961449653091705,0.0,0.0,0.0,0.0,1.0,0.0,0.0,1.0,Paris
-1.0535585237625642,1.3365233910608614,-1.6865673253420723,5.646626517815368,0.0,1.0,0.0,0.0,0.0,1.0,0.0,0.0,Barcelone
-1.5911638121385172,-0.957260239289197,-1.0673435819720463,-0.2260397614010182,0.0,0.0,0.0,1.0,0.0,0.0,1.0,0.0,Rio de Janeiro
1.1640632907882416,0.00999791808733365,-1.6865673253420723,3.1343979863812934,0.0,0.0,0.0,0.0,1.0,0.0,0.0,1.0,Rome
0.7608593245062769,1.5629846263196523,1.038017145486042,-0.2613990830861949,1.0,0.0,0.0,0.0,0.0,0.0,0.0,1.0,New York
-0.11274926910464658,-0.75613195577122,-1.0673435819720463,-0.11720971670715137,0.0,0.0,0.0,0.0,1.0,0.0,0.0,1.0,Londres
-0.919157201668576,-0.14737344878741937,-0.9434988332980412,0.08097936486402023,0.0,1.0,0.0,0.0,0.0,1.0,0.0,0.0,Barcelone
0.6936586634592828,0.327811312653908,0.41879340211601607,-0.3560323748020171,0.0,0.0,0.0,0.0,1.0,0.0,1.0,0.0,New York
-1.2551605069035465,-0.052950628662567556,-0.20043034125400994,-0.2871008540346548,0.0,0.0,1.0,0.0,0.0,0.0,0.0,1.0,Sydney
-0.9863578627155701,-0.09210155408018904,-0.3242750899280151,-0.25617088342113037,0.0,1.0,0.0,0.0,0.0,0.0,1.0,0.0,Londres
1.7016685791641946,0.301710695708827,1.1618618941600474,-0.4755346785421118,0.0,0.0,0.0,1.0,0.0,1.0,0.0,0.0,Sydney
-0.7175552185275936,-1.6888451789557317,-0.3242750899280151,-0.7213985860692619,0.0,1.0,0.0,0.0,0.0,1.0,0.0,0.0,Rome
-0.7847558795745877,-0.5358120421465659,-1.0673435819720463,0.0020048742361301565,0.0,0.0,0.0,0.0,1.0,0.0,0.0,1.0,Londres
1.5672672570702064,-0.37997600568034695,0.7903276481380317,-0.5435425140981296,0.0,0.0,0.0,1.0,0.0,0.0,1.0,0.0,Sydney
0.3576553582243122,1.3488060343291348,0.04725915609400046,-0.02406027148567673,0.0,1.0,0.0,0.0,0.0,0.0,0.0,1.0,Tokyo
1.5000665960232122,0.21803518844371444,0.04725915609400046,-0.2917479339405787,1.0,0.0,0.0,0.0,0.0,0.0,0.0,1.0,Tokyo
1.3656652739292239,-0.9925728386854831,-1.0673435819720463,-0.24514732649994142,0.0,0.0,0.0,1.0,0.0,1.0,0.0,0.0,Barcelone
0.9624613076472592,0.23108549691625496,-0.6958093359500308,0.040635423917545065,0.0,0.0,0.0,0.0,1.0,0.0,0.0,1.0,Rome
0.021652052989341655,-1.1330555710663601,1.1618618941600474,-0.6929123306307023,1.0,0.0,0.0,0.0,0.0,0.0,1.0,0.0,New York
0.5592573413652946,0.2541154530442676,1.1618618941600474,-0.48274570819941115,1.0,0.0,0.0,0.0,0.0,0.0,0.0,1.0,New York
-1.5911638121385172,0.3984365114464801,0.5426381507900213,-0.36672955027538273,0.0,0.0,0.0,1.0,0.0,0.0,1.0,0.0,Sydney
1.5000665960232122,0.3922951898123434,-1.3150330793200569,1.0408747736929356,0.0,0.0,1.0,0.0,0.0,1.0,0.0,0.0,Sydney
0.8280599855532711,0.5926558081260533,-1.3150330793200569,1.1926552930012102,0.0,0.0,1.0,0.0,0.0,1.0,0.0,0.0,Rio de Janeiro
-1.523963151091523,-0.8904733665179604,-1.3150330793200569,0.06913052938593324,0.0,0.0,1.0,0.0,0.0,1.0,0.0,0.0,Rio de Janeiro
0.7608593245062769,0.0038565964531969477,0.04725915609400046,-0.34245048507765785,0.0,0.0,1.0,0.0,0.0,0.0,0.0,1.0,Sydney
-1.7255651342325053,1.3096551089115134,0.9141723968120369,-0.2780707975370582,0.0,0.0,1.0,0.0,0.0,0.0,0.0,1.0,Sydney
-1.5911638121385172,-1.6197553105716938,1.6572408888560681,-0.7764207060025389,1.0,0.0,0.0,0.0,0.0,0.0,0.0,1.0,Tokyo
-0.38155191329262306,-1.3771731060232941,1.6572408888560681,-0.7447370938740813,0.0,0.0,0.0,1.0,0.0,1.0,0.0,0.0,Rio de Janeiro
-0.31435125224562893,0.2410651445717271,0.04725915609400046,-0.28629604672153786,0.0,0.0,0.0,0.0,1.0,0.0,1.0,0.0,Londres
1.0968626297412476,0.20728787558397524,-1.3150330793200569,0.9007249455193942,0.0,1.0,0.0,0.0,0.0,1.0,0.0,0.0,Rome
1.5000665960232122,1.2390299101189413,0.6664828994640265,-0.2375319354456255,0.0,0.0,1.0,0.0,0.0,0.0,0.0,1.0,Sydney
-1.3895618289975349,1.480844449463074,-1.438877827994062,2.5412337611378386,0.0,0.0,0.0,0.0,1.0,1.0,0.0,0.0,Barcelone
-0.7847558795745877,-0.9349979483654515,0.5426381507900213,-0.6192609694179939,0.0,0.0,0.0,1.0,0.0,1.0,0.0,0.0,Barcelone
1.6344679181172004,0.44910241492810793,-1.3150330793200569,1.0839083308914501,0.0,0.0,0.0,1.0,0.0,0.0,0.0,1.0,Sydney
-1.523963151091523,-0.32470411097311663,0.04725915609400046,-0.4202307427359729,0.0,1.0,0.0,0.0,0.0,0.0,0.0,1.0,Barcelone
1.2312639518352357,0.852126647168329,0.17110390476800566,-0.1825712174777928,1.0,0.0,0.0,0.0,0.0,0.0,1.0,0.0,New York
-0.7175552185275936,-1.324971872133132,-0.20043034125400994,-0.6312447413219631,0.0,0.0,0.0,1.0,0.0,0.0,0.0,1.0,Barcelone
-1.5911638121385172,-1.3533754846910144,1.1618618941600474,-0.7262924195282012,0.0,0.0,0.0,0.0,1.0,0.0,0.0,1.0,Barcelone
0.1560533750833299,0.852126647168329,1.6572408888560681,-0.45356870899736923,0.0,0.0,1.0,0.0,0.0,0.0,0.0,1.0,Sydney
-0.31435125224562893,1.524601366106298,0.6664828994640265,-0.1860245811430666,0.0,1.0,0.0,0.0,0.0,1.0,0.0,0.0,Le Caire
1.7016685791641946,1.0816585432441883,1.4095513915080577,-0.39293091097141514,1.0,0.0,0.0,0.0,0.0,0.0,0.0,1.0,Tokyo
1.1640632907882416,1.393330616176626,0.9141723968120369,-0.2642909547966705,0.0,0.0,0.0,1.0,0.0,0.0,0.0,1.0,Sydney
-1.5911638121385172,0.21726752323944737,1.4095513915080577,-0.5141916549704784,0.0,1.0,0.0,0.0,0.0,0.0,0.0,1.0,Tokyo
-0.11274926910464658,-0.7215870215792011,-0.3242750899280151,-0.4395779585035668,0.0,0.0,0.0,1.0,0.0,0.0,1.0,0.0,Rio de Janeiro
0.5592573413652946,-1.3311131937672689,-0.9434988332980412,-0.47947460622500016,0.0,1.0,0.0,0.0,0.0,1.0,0.0,0.0,Le Caire
1.6344679181172004,0.13512734638286897,1.038017145486042,-0.48674375950122734,0.0,0.0,0.0,1.0,0.0,0.0,0.0,1.0,Sydney
-1.6583644731855112,-1.1622268488285095,1.038017145486042,-0.6914924171041331,0.0,0.0,0.0,0.0,1.0,1.0,0.0,0.0,Rome
0.49205668031830047,1.245938896957345,-0.3242750899280151,0.1336809847114144,0.0,0.0,0.0,0.0,1.0,0.0,0.0,1.0,New York
0.1560533750833299,-1.3126892288648586,-0.44811983860202037,-0.592994996148385,0.0,0.0,1.0,0.0,0.0,0.0,0.0,1.0,Sydney
-1.0535585237625642,0.8237230346104468,0.6664828994640265,-0.3124391361920888,0.0,1.0,0.0,0.0,0.0,0.0,1.0,0.0,Londres
-1.3223611679505407,-0.9234829703014452,1.038017145486042,-0.653813817983125,1.0,0.0,0.0,0.0,0.0,0.0,1.0,0.0,New York
-0.4487525743396172,0.6916846194765076,-0.5719645872760255,0.11940693954256061,0.0,1.0,0.0,0.0,0.0,0.0,0.0,1.0,Londres
-0.2471505911986348,0.2955693740746903,0.7903276481380317,-0.42723558477608864,0.0,0.0,0.0,0.0,1.0,0.0,1.0,0.0,New York
0.8280599855532711,1.288160483192035,-1.5627225766680672,3.4241966638284325,0.0,1.0,0.0,0.0,0.0,0.0,0.0,1.0,Londres
0.3576553582243122,-0.7331019996432074,0.9141723968120369,-0.6144759492083586,1.0,0.0,0.0,0.0,0.0,0.0,0.0,1.0,Tokyo
1.0968626297412476,-1.447030639611599,-1.5627225766680672,-0.02914891848026857,0.0,0.0,0.0,0.0,1.0,0.0,1.0,0.0,Londres
0.42485601927130634,0.449870080132375,0.2949486534420109,-0.3036007368907636,1.0,0.0,0.0,0.0,0.0,1.0,0.0,0.0,Tokyo
-0.6503545574805996,-0.4843784734606709,0.17110390476800566,-0.48035116048159116,1.0,0.0,0.0,0.0,0.0,0.0,0.0,1.0,Tokyo
0.3576553582243122,0.7331385405069304,1.1618618941600474,-0.4101701839065912,1.0,0.0,0.0,0.0,0.0,0.0,0.0,1.0,New York
1.5000665960232122,0.8659446208451366,0.2949486534420109,-0.21604746597993701,0.0,1.0,0.0,0.0,0.0,0.0,1.0,0.0,Londres
0.8952606466002652,-0.2878561811682964,1.5333961401820628,-0.5940680544002325,0.0,0.0,1.0,0.0,0.0,0.0,1.0,0.0,Bali
-1.3895618289975349,-0.4099149486467634,-1.1911883306460516,0.2213956961207332,0.0,1.0,0.0,0.0,0.0,0.0,1.0,0.0,Londres
-0.38155191329262306,-1.6212906409802281,0.41879340211601607,-0.7445893372089384,0.0,1.0,0.0,0.0,0.0,1.0,0.0,0.0,Barcelone
0.8952606466002652,0.5987971297601901,-0.9434988332980412,0.43426163457772204,0.0,0.0,0.0,1.0,0.0,0.0,0.0,1.0,Sydney
-0.31435125224562893,1.3288467390181906,-0.20043034125400994,0.08674283764739406,0.0,0.0,0.0,0.0,1.0,1.0,0.0,0.0,Sydney
-0.7847558795745877,-0.485146138664938,0.9141723968120369,-0.573642103289595,0.0,0.0,0.0,0.0,1.0,0.0,1.0,0.0,Londres
-1.5911638121385172,1.1384657683599528,-1.5627225766680672,3.2351979580888317,1.0,0.0,0.0,0.0,0.0,0.0,0.0,1.0,New York
0.42485601927130634,-0.7745559206736301,1.2857066428340524,-0.6462464113632015,1.0,0.0,0.0,0.0,0.0,0.0,1.0,0.0,New York
0.1560533750833299,-1.2213370695570753,1.1618618941600474,-0.7062876275756932,0.0,1.0,0.0,0.0,0.0,0.0,0.0,1.0,Rome
-1.0535585237625642,0.8467529907384594,1.6572408888560681,-0.45427056116477177,0.0,0.0,1.0,0.0,0.0,1.0,0.0,0.0,Sydney
0.49205668031830047,-0.3108861372963091,-1.0673435819720463,0.12371175627927139,0.0,0.0,0.0,0.0,1.0,0.0,0.0,1.0,Rome
0.7608593245062769,-1.7018954874282723,0.41879340211601607,-0.7606580575920525,0.0,0.0,0.0,0.0,1.0,1.0,0.0,0.0,Sydney
-0.7847558795745877,-1.6504619187423775,-1.1911883306460516,-0.5617375330557729,0.0,1.0,0.0,0.0,0.0,0.0,0.0,1.0,Paris
1.5672672570702064,-1.0570567158439184,0.5426381507900213,-0.6423769715156769,1.0,0.0,0.0,0.0,0.0,0.0,0.0,1.0,Tokyo
-0.17994993015164068,1.2060203063354564,-1.6865673253420723,5.3994744053478945,0.0,0.0,0.0,1.0,0.0,0.0,1.0,0.0,Sydney
-0.919157201668576,-0.6432851707439581,0.5426381507900213,-0.5640151782411418,0.0,1.0,0.0,0.0,0.0,0.0,1.0,0.0,Londres
0.29045469717731814,0.3024783609130941,1.5333961401820628,-0.5142108851861089,0.0,0.0,1.0,0.0,0.0,0.0,1.0,0.0,Sydney
-0.045548608057652464,-1.149944205560236,-0.20043034125400994,-0.583891207042237,1.0,0.0,0.0,0.0,0.0,1.0,0.0,0.0,Rio de Janeiro
-0.919157201668576,-0.9119679922374389,-0.9434988332980412,-0.2810259238549579,0.0,0.0,0.0,1.0,0.0,1.0,0.0,0.0,Rio de Janeiro
1.0296619686942534,0.4183958067574244,-0.3242750899280151,-0.10743221887256911,1.0,0.0,0.0,0.0,0.0,1.0,0.0,0.0,Rome
-1.3895618289975349,-0.9695428825574705,-0.6958093359500308,-0.41412464492654116,0.0,0.0,0.0,0.0,1.0,0.0,0.0,1.0,Barcelone
-0.5159532353866113,0.2218735144650499,0.9141723968120369,-0.4572087531620987,0.0,0.0,0.0,0.0,1.0,0.0,0.0,1.0,Sydney
-0.045548608057652464,-1.3733347800019586,-1.6865673253420723,0.5145855942260841,0.0,0.0,0.0,0.0,1.0,0.0,1.0,0.0,New York
0.42485601927130634,-0.9035236749905009,-1.1911883306460516,-0.09020991425085921,0.0,0.0,0.0,1.0,0.0,1.0,0.0,0.0,Barcelone
1.2312639518352357,-1.2336197128253488,0.7903276481380317,-0.6905121793323448,0.0,0.0,0.0,0.0,1.0,1.0,0.0,0.0,Barcelone
1.1640632907882416,0.2955693740746903,0.04725915609400046,-0.27339324696980805,1.0,0.0,0.0,0.0,0.0,0.0,0.0,1.0,Tokyo
-0.7175552185275936,-0.6471234967652936,0.17110390476800566,-0.5166115556089922,0.0,0.0,0.0,0.0,1.0,0.0,0.0,1.0,Barcelone
-1.0535585237625642,0.40073950705928135,0.7903276481380317,-0.4091287105520891,0.0,0.0,0.0,1.0,0.0,1.0,0.0,0.0,Sydney
-1.1207591848095584,-1.0762483459505956,-0.07658559258000475,-0.5821881401200011,0.0,0.0,1.0,0.0,0.0,0.0,1.0,0.0,Bali
0.9624613076472592,-0.3899556533358191,1.038017145486042,-0.5696124469570779,1.0,0.0,0.0,0.0,0.0,0.0,0.0,1.0,New York
-1.3223611679505407,-1.4493336352244004,0.2949486534420109,-0.7032442649966396,0.0,0.0,0.0,1.0,0.0,0.0,0.0,1.0,Barcelone
1.6344679181172004,1.4117545810790362,0.04725915609400046,-0.00915844642029866,0.0,0.0,0.0,0.0,1.0,0.0,1.0,0.0,New York
0.49205668031830047,1.0187099964942872,0.41879340211601607,-0.21830048580389616,0.0,1.0,0.0,0.0,0.0,1.0,0.0,0.0,Le Caire
-0.38155191329262306,1.5629846263196523,-0.20043034125400994,0.15008857429351907,0.0,0.0,0.0,1.0,0.0,1.0,0.0,0.0,Sydney
1.6344679181172004,-1.0209764512433652,1.1618618941600474,-0.6759315188570618,0.0,0.0,0.0,1.0,0.0,1.0,0.0,0.0,Bali
-0.8519565406215819,0.2280148360991866,-0.6958093359500308,0.0394723546877648,0.0,0.0,1.0,0.0,0.0,0.0,1.0,0.0,Sydney
-0.7847558795745877,-1.2297813868040133,1.4095513915080577,-0.7171903249866722,0.0,0.0,1.0,0.0,0.0,0.0,0.0,1.0,Sydney
0.3576553582243122,-1.0631980374780552,-0.5719645872760255,-0.48486039760480115,0.0,1.0,0.0,0.0,0.0,0.0,0.0,1.0,Rome
1.0968626297412476,1.211393962765326,1.2857066428340524,-0.35693292265145365,0.0,0.0,0.0,0.0,1.0,1.0,0.0,0.0,Rome
-0.9863578627155701,-1.1484088751517019,-0.9434988332980412,-0.3929713344226741,0.0,0.0,1.0,0.0,0.0,0.0,1.0,0.0,Rio de Janeiro
-0.919157201668576,-1.1015812976914097,-1.3150330793200569,-0.09079147371665536,0.0,0.0,0.0,0.0,1.0,0.0,1.0,0.0,New York
-1.0535585237625642,-1.1691358356669133,-1.0673435819720463,-0.34068515199455734,0.0,0.0,1.0,0.0,0.0,1.0,0.0,0.0,Bali
-1.1879598458565523,0.6348773943607432,1.038017145486042,-0.407873122755966,0.0,0.0,0.0,0.0,1.0,0.0,0.0,1.0,Sydney
1.7016685791641946,0.35851792082459155,0.7903276481380317,-0.4163978936347167,0.0,0.0,0.0,0.0,1.0,0.0,1.0,0.0,Londres
-1.4567624900445288,0.10058241219085001,-1.438877827994062,1.2342349102220664,0.0,1.0,0.0,0.0,0.0,0.0,0.0,1.0,Barcelone
-0.9863578627155701,0.6494630332418179,-0.6958093359500308,0.1991036064751071,0.0,0.0,0.0,0.0,1.0,1.0,0.0,0.0,Sydney
1.5672672570702064,1.708841015130399,0.04725915609400046,0.061170898705327284,1.0,0.0,0.0,0.0,0.0,0.0,1.0,0.0,New York
0.7608593245062769,-0.6824360961615796,1.5333961401820628,-0.6474446278411422,0.0,1.0,0.0,0.0,0.0,0.0,0.0,1.0,Paris
-1.523963151091523,-1.4539396264500029,0.5426381507900213,-0.7175403242483941,0.0,0.0,0.0,1.0,0.0,1.0,0.0,0.0,Bali
-0.9863578627155701,-0.015335033653480249,-1.3150330793200569,0.7320799240657554,0.0,0.0,0.0,0.0,1.0,1.0,0.0,0.0,Barcelone
0.7608593245062769,0.007694922474532387,-0.9434988332980412,0.15439810815843152,0.0,0.0,0.0,0.0,1.0,1.0,0.0,0.0,Rome
-0.2471505911986348,0.10288540780365128,0.5426381507900213,-0.42270225975719355,0.0,0.0,1.0,0.0,0.0,0.0,1.0,0.0,Sydney
1.7016685791641946,0.3669622380715295,-1.438877827994062,1.4864755115945765,0.0,1.0,0.0,0.0,0.0,0.0,0.0,1.0,Rome
-0.2471505911986348,-0.19266569583917753,0.6664828994640265,-0.49576101010764795,0.0,0.0,0.0,1.0,0.0,0.0,0.0,1.0,Sydney
0.8280599855532711,1.1515160768324932,-1.0673435819720463,0.915014180484677,0.0,0.0,1.0,0.0,0.0,0.0,0.0,1.0,Sydney
0.8952606466002652,-0.5035701035673481,-0.9434988332980412,-0.0876656692379937,0.0,0.0,0.0,0.0,1.0,0.0,1.0,0.0,Londres
-0.5159532353866113,-0.18498904379650666,-0.3242750899280151,-0.2832346103540265,0.0,0.0,1.0,0.0,0.0,1.0,0.0,0.0,Bali
1.0968626297412476,-0.4229652571193039,-0.07658559258000475,-0.4172261488641001,1.0,0.0,0.0,0.0,0.0,1.0,0.0,0.0,Rio de Janeiro
0.8952606466002652,0.9097015374883606,-1.438877827994062,2.000406650414071,0.0,0.0,0.0,1.0,0.0,0.0,0.0,1.0,Sydney
0.8952606466002652,0.40304250267208264,-0.5719645872760255,0.02001738627597795,0.0,0.0,1.0,0.0,0.0,0.0,1.0,0.0,Sydney
1.432865934976218,0.3761742205227346,0.17110390476800566,-0.2886157692654752,1.0,0.0,0.0,0.0,0.0,0.0,0.0,1.0,Tokyo
0.08885271403633577,-0.4014706313998254,1.2857066428340524,-0.5918952882422469,0.0,0.0,1.0,0.0,0.0,0.0,0.0,1.0,Sydney
-1.3223611679505407,-0.7346373300517416,0.6664828994640265,-0.5935142147786332,0.0,0.0,1.0,0.0,0.0,1.0,0.0,0.0,Bali
1.29846461288223,-0.19113036543064338,1.2857066428340524,-0.561252885495042,0.0,0.0,0.0,0.0,1.0,1.0,0.0,0.0,Rome
0.8280599855532711,0.13128902036153353,-0.44811983860202037,-0.1372172341319458,0.0,0.0,0.0,0.0,1.0,0.0,1.0,0.0,Londres
1.432865934976218,-0.9603309001062654,0.17110390476800566,-0.5863957122692735,0.0,0.0,0.0,0.0,1.0,0.0,0.0,1.0,Rome
0.3576553582243122,0.9626704365827897,-0.5719645872760255,0.21271681268911302,0.0,0.0,0.0,0.0,1.0,0.0,0.0,1.0,Londres
0.1560533750833299,-0.11589917541246876,-1.438877827994062,1.0292439892219287,0.0,0.0,0.0,0.0,1.0,0.0,1.0,0.0,Londres
0.021652052989341655,-0.9349979483654515,0.41879340211601607,-0.6077756608041383,0.0,0.0,0.0,0.0,1.0,0.0,1.0,0.0,Londres
0.22325403613032402,-1.1161669365724842,1.2857066428340524,-0.6960123574307422,0.0,0.0,1.0,0.0,0.0,1.0,0.0,0.0,Sydney
0.42485601927130634,-0.20955433033305348,0.17110390476800566,-0.41911898380418744,1.0,0.0,0.0,0.0,0.0,1.0,0.0,0.0,Rio de Janeiro
-0.5159532353866113,0.40150717226354843,-0.9434988332980412,0.34085263939621857,0.0,0.0,1.0,0.0,0.0,0.0,1.0,0.0,Sydney
-1.3223611679505407,0.3232053214283055,-1.0673435819720463,0.4668171643599355,0.0,0.0,0.0,0.0,1.0,0.0,0.0,1.0,Tokyo
1.7016685791641946,1.5806409260177954,0.6664828994640265,-0.1759169551643387,0.0,1.0,0.0,0.0,0.0,0.0,0.0,1.0,Tokyo
-0.7175552185275936,-1.2443670256850878,0.9141723968120369,-0.6986720525578837,0.0,1.0,0.0,0.0,0.0,0.0,0.0,1.0,Rome
1.432865934976218,-1.3042449116179207,-0.3242750899280151,-0.6093413365371878,0.0,0.0,1.0,0.0,0.0,0.0,0.0,1.0,Sydney
0.5592573413652946,-0.2740382074914888,0.04725915609400046,-0.40823659085408315,0.0,0.0,1.0,0.0,0.0,0.0,1.0,0.0,Sydney
-0.7175552185275936,0.38845686379100797,-0.5719645872760255,0.014995041828996296,0.0,0.0,1.0,0.0,0.0,1.0,0.0,0.0,Sydney
-1.1207591848095584,0.5082126356566736,-1.438877827994062,1.6202284529563686,0.0,0.0,0.0,1.0,0.0,0.0,0.0,1.0,Sydney
-0.31435125224562893,-0.015335033653480249,1.038017145486042,-0.510489757661091,0.0,0.0,0.0,0.0,1.0,0.0,1.0,0.0,Londres
-0.919157201668576,-0.4690251693753292,0.41879340211601607,-0.5148831534465167,1.0,0.0,0.0,0.0,0.0,1.0,0.0,0.0,Rio de Janeiro
0.8952606466002652,-0.3154921285219116,0.9141723968120369,-0.5457031560820198,0.0,0.0,1.0,0.0,0.0,0.0,0.0,1.0,Sydney
1.5000665960232122,-0.1373938011319472,0.6664828994640265,-0.4857918447587655,0.0,0.0,0.0,1.0,0.0,0.0,1.0,0.0,Sydney
-0.045548608057652464,-1.506140860340165,-1.5627225766680672,-0.10377917664411078,1.0,0.0,0.0,0.0,0.0,0.0,0.0,1.0,Tokyo
0.22325403613032402,-1.5199588340169725,0.17110390476800566,-0.7110835804196289,1.0,0.0,0.0,0.0,0.0,0.0,0.0,1.0,Tokyo
-1.1879598458565523,1.3403617170821969,-0.9434988332980412,0.7853631495401046,0.0,0.0,0.0,1.0,0.0,1.0,0.0,0.0,Sydney
1.0968626297412476,-1.0248147772647007,1.5333961401820628,-0.6937597090758616,0.0,0.0,0.0,0.0,1.0,0.0,1.0,0.0,Londres
1.5000665960232122,1.3119581045243147,-0.07658559258000475,0.020863275622781535,0.0,1.0,0.0,0.0,0.0,1.0,0.0,0.0,Le Caire
0.6936586634592828,-0.6148815581860758,1.6572408888560681,-0.6451743506982633,0.0,0.0,0.0,1.0,0.0,0.0,0.0,1.0,Barcelone
-1.0535585237625642,-0.0752129195863131,0.2949486534420109,-0.41409231863062584,0.0,1.0,0.0,0.0,0.0,1.0,0.0,0.0,Rome
1.5672672570702064,-1.1883274657735905,-0.5719645872760255,-0.5279468262815379,0.0,0.0,0.0,1.0,0.0,0.0,0.0,1.0,Barcelone
-1.2551605069035465,1.1492130812196921,0.04725915609400046,-0.0713099607173634,1.0,0.0,0.0,0.0,0.0,1.0,0.0,0.0,Tokyo
-0.7175552185275936,1.5959942301031371,0.17110390476800566,-0.016833845409624786,0.0,1.0,0.0,0.0,0.0,0.0,1.0,0.0,Tokyo
0.08885271403633577,0.020745230947072882,-0.20043034125400994,-0.2671625238116122,1.0,0.0,0.0,0.0,0.0,0.0,0.0,1.0,New York
0.1560533750833299,-0.6732241137103745,1.6572408888560681,-0.652794459944348,0.0,0.0,0.0,1.0,0.0,0.0,0.0,1.0,Barcelone
1.2312639518352357,-0.7538289601584187,-1.0673435819720463,-0.11596357115722164,0.0,1.0,0.0,0.0,0.0,1.0,0.0,0.0,Le Caire
1.1640632907882416,-0.825989489359525,-0.3242750899280151,-0.469996692907483,0.0,0.0,1.0,0.0,0.0,0.0,0.0,1.0,Sydney
-0.11274926910464658,-1.0140674644049616,-1.1911883306460516,-0.15999406338539943,1.0,0.0,0.0,0.0,0.0,1.0,0.0,0.0,Rio de Janeiro
-0.11274926910464658,-1.6773302008917255,0.41879340211601607,-0.7557609237610082,1.0,0.0,0.0,0.0,0.0,0.0,1.0,0.0,New York
-0.6503545574805996,1.3081197785029792,0.04725915609400046,-0.0336919389059821,0.0,1.0,0.0,0.0,0.0,0.0,1.0,0.0,Londres
0.8952606466002652,-0.0053553859980081065,0.2949486534420109,-0.3993924152120184,0.0,1.0,0.0,0.0,0.0,0.0,0.0,1.0,Paris
1.0968626297412476,1.2206059452165312,0.5426381507900213,-0.21102364935325463,0.0,0.0,0.0,1.0,0.0,1.0,0.0,0.0,Sydney
-1.2551605069035465,-1.6374116102698368,1.2857066428340524,-0.7719473627787424,0.0,0.0,0.0,1.0,0.0,0.0,1.0,0.0,Bali
1.0968626297412476,-0.8137068460912517,-1.0673435819720463,-0.14836335545539572,1.0,0.0,0.0,0.0,0.0,1.0,0.0,0.0,Rio de Janeiro
0.29045469717731814,0.9726500842382618,-0.6958093359500308,0.32151664290948073,0.0,0.0,0.0,1.0,0.0,1.0,0.0,0.0,Sydney
-0.7847558795745877,0.2909633828490878,-0.6958093359500308,0.06331527389826035,0.0,0.0,0.0,0.0,1.0,1.0,0.0,0.0,Rome
0.08885271403633577,-0.6693857876890391,-0.20043034125400994,-0.45387667871281323,0.0,0.0,0.0,0.0,1.0,0.0,0.0,1.0,Rome
-1.6583644731855112,0.17658126741329172,1.5333961401820628,-0.5312415428598621,1.0,0.0,0.0,0.0,0.0,0.0,0.0,1.0,New York
1.29846461288223,1.3687653296400792,-1.6865673253420723,5.707687627954391,1.0,0.0,0.0,0.0,0.0,1.0,0.0,0.0,Rio de Janeiro
-1.0535585237625642,-0.7476876385242821,0.5426381507900213,-0.5837873561360152,0.0,0.0,0.0,1.0,0.0,1.0,0.0,0.0,Bali
-1.7255651342325053,0.7661481442904152,0.9141723968120369,-0.3675765650617785,0.0,0.0,1.0,0.0,0.0,0.0,0.0,1.0,Sydney
0.3576553582243122,-0.5396503681679012,-0.20043034125400994,-0.41877690988266536,0.0,0.0,1.0,0.0,0.0,1.0,0.0,0.0,Sydney
-0.7847558795745877,1.5929235692860688,-1.0673435819720463,1.1538587442212167,0.0,0.0,1.0,0.0,0.0,1.0,0.0,0.0,Bali
0.08885271403633577,0.05682549554762601,1.5333961401820628,-0.5474414367446518,0.0,0.0,0.0,0.0,1.0,1.0,0.0,0.0,Barcelone
-0.38155191329262306,-0.32470411097311663,-0.5719645872760255,-0.23057116823657628,0.0,1.0,0.0,0.0,0.0,0.0,0.0,1.0,Londres
-0.5831538964336054,0.7884104352141608,1.5333961401820628,-0.44847670038436604,0.0,1.0,0.0,0.0,0.0,0.0,0.0,1.0,Londres
0.6936586634592828,-1.6397146058826382,-0.07658559258000475,-0.7244702806391919,0.0,0.0,0.0,0.0,1.0,0.0,0.0,1.0,Paris
0.8952606466002652,0.7093409191746507,1.5333961401820628,-0.4591727841672721,0.0,0.0,1.0,0.0,0.0,1.0,0.0,0.0,Sydney
-0.4487525743396172,0.3485382731691194,-0.07658559258000475,-0.2224120463821018,0.0,0.0,0.0,1.0,0.0,1.0,0.0,0.0,Sydney
-1.0535585237625642,-1.2282460563954791,1.6572408888560681,-0.7252857623774964,0.0,0.0,1.0,0.0,0.0,1.0,0.0,0.0,Bali
1.29846461288223,1.2658981922682895,-1.1911883306460516,1.2793040125144912,0.0,0.0,1.0,0.0,0.0,0.0,1.0,0.0,Sydney
-1.6583644731855112,-0.48975212989054057,1.4095513915080577,-0.6133756205327673,0.0,0.0,0.0,1.0,0.0,1.0,0.0,0.0,Rio de Janeiro
-1.4567624900445288,-0.6455881663567594,0.9141723968120369,-0.6000640035899715,0.0,0.0,0.0,0.0,1.0,1.0,0.0,0.0,Barcelone
0.021652052989341655,0.13589501158713607,1.1618618941600474,-0.5006569754127034,0.0,0.0,0.0,0.0,1.0,0.0,1.0,0.0,New York
0.6936586634592828,-0.9910375082769489,-0.5719645872760255,-0.46001300928815547,1.0,0.0,0.0,0.0,0.0,1.0,0.0,0.0,Rio de Janeiro
0.5592573413652946,-1.2789119598771068,1.4095513915080577,-0.724082587523031,0.0,0.0,0.0,1.0,0.0,0.0,1.0,0.0,Barcelone
0.22325403613032402,-0.2878561811682964,0.04725915609400046,-0.41150772318550766,0.0,0.0,0.0,1.0,0.0,0.0,1.0,0.0,Sydney
-0.919157201668576,0.07294646483723485,-0.9434988332980412,0.18529213380211945,0.0,1.0,0.0,0.0,0.0,0.0,1.0,0.0,Londres
0.5592573413652946,1.0309926397625604,-1.0673435819720463,0.8497992300383521,0.0,0.0,0.0,0.0,1.0,0.0,0.0,1.0,New York
1.0296619686942534,1.717285332377337,-0.819654084624036,0.7636767773069644,0.0,1.0,0.0,0.0,0.0,1.0,0.0,0.0,Le Caire
-1.523963151091523,-1.6412499362911723,-0.6958093359500308,-0.6685460389409755,0.0,0.0,0.0,1.0,0.0,0.0,0.0,1.0,Sydney
-1.7255651342325053,-1.6197553105716938,0.2949486534420109,-0.7391055678420335,0.0,1.0,0.0,0.0,0.0,1.0,0.0,0.0,Barcelone
-1.7255651342325053,0.2794484047850815,-1.0673435819720463,0.4431403989112698,0.0,1.0,0.0,0.0,0.0,0.0,1.0,0.0,Londres
