Age,Budget,Interet,Duree,Climat,Destination
19,856,Plage,17,Chaud,Bali
37,1153,Aventure,15,Chaud,Rio de Janeiro
55,3501,Aventure,5,Chaud,New York
66,1803,Nature,15,Tempéré,Sydney
57,3759,Culture,10,Froid,Londres
69,2338,Aventure,13,Chaud,Rio de Janeiro
53,3996,Aventure,20,Tempéré,New York
59,3336,Plage,9,Chaud,Sydney
34,2722,Ville,27,Tempéré,Paris
58,978,Culture,14,Froid,Londres
21,756,Plage,27,Tempéré,Rio de Janeiro
66,793,Plage,21,Froid,Rio de Janeiro
62,2307,Plage,15,Froid,Bali
42,2800,Ville,12,Tempéré,Paris
19,4784,Culture,2,Froid,Londres
43,1080,Ville,18,Tempéré,Rome
55,2795,Culture,12,Chaud,Rome
48,2642,Plage,23,Chaud,Sydney
18,4780,Nature,13,Froid,Bali
48,740,Culture,6,Tempéré,Rome
68,2591,Plage,15,Chaud,Sydney
30,1954,Aventure,5,Froid,New York
58,2691,Aventure,29,Chaud,Rio de Janeiro
44,1948,Ville,25,Chaud,Barcelone
67,3711,Aventure,23,Tempéré,New York
52,1490,Aventure,23,Froid,New York
28,808,Nature,26,Froid,Bali
26,2541,Aventure,11,Chaud,Rio de Janeiro
39,4318,Aventure,17,Tempéré,Tokyo
65,3928,Nature,2,Chaud,Sydney
47,4911,Ville,28,Tempéré,Tokyo
54,4838,Culture,22,Chaud,Rome
31,2475,Nature,27,Tempéré,Sydney
50,2549,Plage,21,Chaud,Sydney
67,2989,Nature,19,Tempéré,Sydney
54,1008,Culture,27,Froid,Le Caire
21,4951,Aventure,4,Tempéré,New York
45,3961,Plage,7,Chaud,Sydney
19,3550,Ville,13,Froid,Londres
41,1663,Ville,28,Froid,Londres
39,1014,Aventure,15,Chaud,Rio de Janeiro
20,1799,Ville,25,Tempéré,Barcelone
22,992,Aventure,18,Froid,New York
18,3184,Nature,13,Froid,Bali
38,1909,Ville,11,Chaud,Rome
55,4844,Aventure,4,Froid,New York
24,4095,Plage,16,Chaud,Sydney
45,3383,Culture,20,Tempéré,Tokyo
45,2610,Culture,6,Froid,Londres
22,1119,Ville,29,Froid,New York
26,2068,Aventure,19,Tempéré,Tokyo
19,4547,Aventure,28,Tempéré,Tokyo
40,2916,Aventure,6,Chaud,Rio de Janeiro
66,2269,Plage,26,Tempéré,Sydney
65,3871,Culture,17,Froid,Londres
64,1849,Ville,25,Froid,Londres
38,4126,Plage,11,Chaud,Sydney
41,2414,Aventure,11,Chaud,Rio de Janeiro
64,3581,Nature,7,Froid,Sydney
53,1463,Plage,13,Tempéré,Barcelone
63,3915,Aventure,14,Tempéré,Tokyo
60,3970,Ville,8,Froid,Londres
58,515,Culture,25,Froid,Londres
47,4384,Plage,10,Froid,Sydney
45,1123,Plage,21,Chaud,Barcelone
53,3645,Aventure,10,Tempéré,New York
47,778,Plage,6,Chaud,Rio de Janeiro
25,2012,Aventure,11,Chaud,Rio de Janeiro
59,2738,Culture,10,Froid,Londres
58,1157,Aventure,23,Tempéré,New York
20,2602,Culture,19,Chaud,Barcelone
21,2387,Nature,3,Tempéré,Sydney
49,3508,Nature,25,Chaud,Sydney
50,689,Aventure,19,Chaud,Rio de Janeiro
29,1194,Culture,4,Chaud,Rome
60,3048,Plage,12,Tempéré,Sydney
18,2852,Aventure,8,Froid,New York
28,2631,Aventure,20,Tempéré,New York
20,706,Nature,18,Chaud,Bali
33,2027,Culture,9,Froid,Londres
38,4868,Ville,18,Chaud,Sydney
26,2257,Culture,23,Tempéré,Paris
33,1091,Aventure,25,Tempéré,Tokyo
63,1832,Plage,21,Chaud,Bali
49,3977,Aventure,14,Tempéré,Tokyo
44,2492,Aventure,23,Chaud,Rio de Janeiro
47,632,Ville,9,Froid,Londres
54,1729,Ville,18,Froid,Londres
63,2429,Aventure,13,Chaud,Rio de Janeiro
66,1338,Aventure,7,Tempéré,Tokyo
31,1973,Plage,9,Tempéré,Barcelone
29,1189,Aventure,6,Tempéré,New York
45,3416,Ville,13,Tempéré,Rome
47,935,Nature,28,Tempéré,Sydney
22,782,Plage,10,Froid,Rio de Janeiro
31,840,Ville,18,Froid,Barcelone
18,3016,Culture,2,Chaud,Rome
22,1428,Culture,27,Chaud,Barcelone
67,4439,Nature,27,Tempéré,Sydney
30,505,Plage,14,Chaud,Bali
42,2660,Plage,9,Tempéré,Barcelone
66,3579,Nature,12,Tempéré,Sydney
38,1717,Nature,20,Chaud,Bali
29,4568,Culture,16,Chaud,Rome
61,1382,Nature,19,Froid,Bali
57,3716,Culture,10,Froid,Londres
44,2257,Aventure,9,Froid,New York
27,1731,Nature,11,Chaud,Rio de Janeiro
19,4923,Aventure,22,Chaud,Rio de Janeiro
40,3177,Nature,10,Chaud,Sydney
50,1908,Plage,26,Froid,Barcelone
53,4912,Aventure,28,Chaud,New York
32,1401,Nature,18,Tempéré,Sydney
59,2769,Culture,29,Chaud,Rome
64,2657,Ville,14,Chaud,Rome
55,4309,Aventure,10,Chaud,New York
18,2625,Ville,15,Tempéré,Sydney
42,2772,Plage,8,Chaud,Rio de Janeiro
60,967,Nature,21,Froid,Bali
35,4584,Ville,18,Froid,New York
22,2411,Nature,9,Chaud,Rio de Janeiro
60,3019,Plage,13,Chaud,Sydney
35,1132,Plage,20,Tempéré,Barcelone
37,2756,Aventure,24,Tempéré,New York
32,2047,Culture,17,Tempéré,Londres
64,4966,Nature,11,Chaud,Rio de Janeiro
62,4960,Culture,4,Chaud,Rome
45,3960,Aventure,22,Froid,New York
48,1590,Culture,5,Froid,Londres
34,1222,Plage,6,Chaud,Barcelone
29,4845,Nature,8,Tempéré,Sydney
27,627,Aventure,20,Chaud,Rio de Janeiro
27,4201,Culture,18,Froid,Londres
56,3945,Aventure,5,Froid,New York
37,2018,Plage,12,Froid,Sydney
69,2557,Ville,27,Froid,New York
45,1042,Aventure,25,Chaud,Rio de Janeiro
45,3575,Plage,28,Froid,Sydney
44,632,Ville,16,Chaud,Sydney
63,1174,Aventure,9,Chaud,Rio de Janeiro
63,4923,Nature,10,Tempéré,Sydney
59,1188,Ville,23,Froid,Londres
27,1732,Aventure,9,Froid,New York
37,4674,Nature,12,Tempéré,Sydney
30,4845,Aventure,21,Chaud,Rio de Janeiro
50,737,Ville,28,Chaud,Sydney
68,2620,Ville,6,Froid,Londres
29,4327,Aventure,15,Tempéré,Tokyo
67,3574,Aventure,27,Froid,New York
55,2502,Plage,12,Froid,Londres
48,3243,Culture,18,Froid,Londres
47,1305,Plage,12,Froid,Rio de Janeiro
18,3813,Ville,19,Chaud,Sydney
29,3752,Plage,9,Chaud,Sydney
66,1257,Nature,22,Tempéré,Sydney
33,2072,Ville,3,Froid,Londres
19,4119,Ville,2,Froid,New York
58,3155,Aventure,6,Chaud,Rio de Janeiro
47,2598,Plage,24,Tempéré,Barcelone
58,2566,Nature,18,Chaud,Sydney
33,4246,Aventure,3,Tempéré,New York
43,3431,Nature,22,Chaud,Sydney
44,4415,Nature,6,Chaud,Sydney
49,1317,Culture,25,Tempéré,Barcelone
32,4338,Culture,15,Froid,Tokyo
34,4387,Ville,27,Chaud,Sydney
21,2886,Culture,8,Tempéré,Barcelone
50,1339,Plage,11,Chaud,Barcelone
46,4174,Plage,28,Froid,Sydney
19,2637,Aventure,3,Tempéré,New York
30,3522,Plage,27,Tempéré,Sydney
58,4122,Aventure,29,Froid,New York
48,758,Aventure,25,Froid,New York
30,1402,Ville,29,Froid,New York
57,1059,Ville,29,Froid,Londres
55,4559,Nature,23,Froid,New York
37,4367,Aventure,7,Chaud,Rio de Janeiro
23,3222,Culture,26,Chaud,Rome
38,3177,Aventure,13,Chaud,Rio de Janeiro
56,979,Aventure,20,Froid,Rio de Janeiro
18,706,Aventure,24,Chaud,Rio de Janeiro
18,3693,Ville,18,Froid,Londres
65,2577,Nature,22,Chaud,Sydney
47,3584,Plage,7,Chaud,Sydney
21,885,Plage,12,Tempéré,Barcelone
50,3553,Ville,17,Tempéré,Tokyo
51,3055,Aventure,25,Chaud,New York
69,1363,Aventure,2,Tempéré,New York
61,2069,Plage,12,Tempéré,Sydney
22,2549,Nature,26,Froid,Sydney
46,586,Culture,22,Chaud,Rome
41,1604,Nature,25,Froid,Rio de Janeiro
34,3945,Nature,17,Chaud,Sydney
22,4605,Nature,29,Froid,Bali
46,1371,Ville,20,Tempéré,Barcelone
42,521,Plage,26,Froid,Bali
22,3012,Aventure,6,Chaud,Rio de Janeiro
21,3164,Ville,2,Froid,New York
23,2863,Nature,11,Froid,Rio de Janeiro
41,2579,Ville,11,Tempéré,Rome
45,4906,Aventure,16,Froid,New York
65,1842,Ville,5,Chaud,Rome
54,4769,Plage,5,Chaud,Barcelone
62,2091,Ville,24,Chaud,Rome
46,4176,Ville,11,Chaud,Sydney
62,3818,Aventure,10,Froid,New York
68,3236,Culture,6,Tempéré,Paris
27,1259,Aventure,4,Tempéré,New York
51,1534,Ville,17,Tempéré,Rome
37,3688,Culture,7,Tempéré,Paris
22,3710,Nature,16,Chaud,Sydney
67,1550,Plage,10,Froid,Barcelone
53,1239,Aventure,14,Tempéré,New York
28,1062,Culture,16,Chaud,Rome
64,3882,Culture,26,Froid,Londres
69,4315,Culture,24,Froid,Londres
28,4441,Ville,15,Tempéré,Sydney
26,2724,Ville,21,Tempéré,Londres
29,4243,Culture,2,Froid,Londres
42,3943,Aventure,9,Chaud,Rio de Janeiro
43,2666,Ville,28,Froid,Londres
39,1887,Ville,15,Chaud,Rome
37,1099,Nature,27,Froid,Bali
65,3392,Culture,26,Froid,Londres
21,1663,Ville,10,Chaud,Barcelone
67,3125,Nature,11,Chaud,Sydney
43,3394,Ville,23,Chaud,Sydney
39,3533,Culture,23,Tempéré,Paris
34,3866,Ville,18,Froid,Londres
37,2218,Culture,12,Tempéré,Paris
63,640,Culture,25,Chaud,Rome
36,2034,Aventure,8,Chaud,Rio de Janeiro
68,4012,Plage,21,Chaud,Sydney
61,2395,Culture,17,Chaud,Rome
51,3385,Aventure,6,Froid,New York
69,1720,Plage,26,Tempéré,Barcelone
45,4861,Plage,27,Tempéré,Sydney
27,2603,Aventure,15,Froid,New York
39,3008,Aventure,4,Chaud,New York
29,3337,Aventure,29,Tempéré,Tokyo
56,3938,Culture,16,Froid,Londres
57,4409,Ville,9,Froid,New York
59,1545,Ville,2,Tempéré,Paris
69,1205,Ville,4,Froid,Londres
53,1578,Ville,2,Tempéré,Rome
60,2824,Plage,23,Froid,Sydney
24,2618,Nature,29,Tempéré,Sydney
30,1224,Plage,24,Froid,Sydney
68,1644,Ville,5,Froid,Londres
56,2402,Nature,16,Tempéré,Sydney
29,4960,Plage,27,Froid,Sydney
46,896,Plage,28,Tempéré,Barcelone
69,1664,Culture,20,Froid,Londres
65,2100,Nature,24,Froid,Bali
26,3553,Ville,25,Tempéré,Sydney
50,4419,Plage,6,Chaud,Sydney
25,3901,Plage,22,Froid,Sydney
46,2735,Culture,3,Froid,Londres
34,500,Culture,28,Chaud,Barcelone
36,4287,Aventure,2,Froid,New York
31,4326,Ville,5,Chaud,Sydney
40,919,Culture,22,Chaud,Le Caire
64,1682,Aventure,7,Froid,New York
25,1528,Nature,29,Tempéré,Sydney
68,3078,Plage,20,Tempéré,Sydney
50,2283,Culture,23,Chaud,Rome
24,1540,Culture,12,Tempéré,Barcelone
40,2894,Plage,8,Chaud,Barcelone
18,879,Nature,17,Froid,Bali
28,2422,Culture,15,Chaud,Barcelone
41,2291,Culture,4,Chaud,Barcelone
22,1992,Ville,25,Froid,Londres
45,4317,Aventure,28,Chaud,Rio de Janeiro
52,1219,Ville,26,Tempéré,Rome
58,2187,Culture,3,Froid,Londres
34,2344,Culture,5,Froid,Londres
32,2126,Ville,10,Chaud,Barcelone
27,1444,Nature,29,Tempéré,Sydney
47,1268,Ville,19,Tempéré,Rome
63,2711,Ville,7,Chaud,Rome
42,897,Culture,6,Froid,Londres
19,4557,Plage,12,Tempéré,Sydney
64,601,Ville,9,Froid,New York
31,2172,Ville,22,Tempéré,Sydney
50,3322,Nature,14,Tempéré,Sydney
62,2803,Ville,26,Froid,Londres
24,1365,Plage,11,Chaud,Rio de Janeiro
63,4193,Nature,24,Froid,Sydney
51,3943,Culture,14,Froid,Londres
40,3945,Culture,18,Chaud,Tokyo
57,2993,Aventure,11,Chaud,Rio de Janeiro
57,1454,Plage,17,Chaud,Bali
33,544,Plage,28,Tempéré,Sydney
29,2028,Culture,19,Tempéré,Paris
27,2404,Plage,14,Froid,Rio de Janeiro
59,4539,Nature,26,Froid,Rio de Janeiro
67,578,Ville,2,Froid,New York
46,707,Aventure,12,Chaud,Rio de Janeiro
57,689,Nature,6,Chaud,Rio de Janeiro
52,4913,Culture,7,Tempéré,Paris
61,4159,Aventure,10,Froid,New York
29,1878,Aventure,22,Tempéré,New York
50,3849,Culture,2,Froid,Londres
46,4687,Nature,2,Froid,New York
60,2505,Plage,8,Froid,Barcelone
35,4115,Nature,21,Tempéré,Sydney
59,4929,Nature,23,Froid,Sydney
19,1540,Nature,20,Tempéré,Bali
22,2375,Aventure,24,Chaud,Rio de Janeiro
69,3807,Aventure,10,Tempéré,New York
60,2089,Plage,15,Chaud,Sydney
33,4594,Nature,3,Chaud,Sydney
53,2458,Aventure,25,Froid,New York
55,1878,Ville,26,Tempéré,Londres
47,2086,Plage,17,Tempéré,Sydney
39,4531,Ville,12,Chaud,Sydney
66,2676,Nature,6,Chaud,Rio de Janeiro
38,4194,Plage,4,Froid,Sydney
29,1323,Plage,26,Chaud,Barcelone
26,3091,Plage,4,Chaud,Sydney
65,2500,Culture,7,Chaud,Rome
53,1241,Ville,23,Froid,New York
19,858,Ville,8,Tempéré,Barcelone
51,4454,Nature,9,Froid,New York
47,2668,Ville,20,Chaud,Sydney
57,1749,Culture,19,Chaud,Rome
31,781,Nature,28,Tempéré,Sydney
30,1653,Aventure,6,Froid,New York
34,2110,Culture,13,Tempéré,Paris
39,3114,Aventure,28,Tempéré,New York
19,3646,Plage,18,Tempéré,Sydney
18,1682,Aventure,15,Tempéré,Rio de Janeiro
36,3302,Ville,27,Chaud,Rome
49,3837,Aventure,18,Froid,New York
30,2821,Plage,11,Tempéré,Sydney
69,1787,Nature,28,Tempéré,Sydney
60,1500,Nature,12,Tempéré,Sydney
30,3160,Aventure,23,Tempéré,Tokyo
29,4399,Aventure,25,Froid,New York
65,2045,Ville,22,Froid,Londres
23,4227,Nature,12,Froid,Sydney
48,4697,Culture,9,Tempéré,Tokyo
48,4971,Culture,16,Tempéré,Tokyo
28,3150,Nature,5,Tempéré,Sydney
52,4431,Ville,15,Froid,New York
51,4111,Nature,2,Chaud,Sydney
31,1141,Aventure,2,Froid,New York
36,3738,Aventure,24,Tempéré,Tokyo
53,3809,Nature,11,Froid,Londres
64,2372,Nature,8,Froid,Bali
32,4640,Nature,8,Chaud,Rio de Janeiro
18,750,Culture,3,Tempéré,Barcelone
59,782,Plage,21,Chaud,Bali
50,3783,Aventure,27,Froid,New York
18,3657,Culture,18,Froid,Londres
18,4538,Aventure,28,Chaud,Rio de Janeiro
37,3882,Aventure,25,Tempéré,Tokyo
39,2328,Culture,8,Froid,Londres
36,4225,Aventure,22,Froid,New York
29,1657,Ville,11,Chaud,Rome
27,853,Aventure,5,Froid,Rio de Janeiro
23,2664,Aventure,6,Froid,New York
33,2172,Plage,14,Chaud,Rio de Janeiro
59,2542,Nature,2,Chaud,Rio de Janeiro
54,1019,Nature,26,Tempéré,Sydney
30,2029,Aventure,8,Froid,New York
55,1264,Ville,16,Chaud,Rome
68,4132,Ville,20,Tempéré,Sydney
25,4286,Culture,12,Tempéré,Tokyo
41,2668,Ville,20,Chaud,Sydney
56,1747,Ville,15,Chaud,Rome
37,3306,Ville,3,Froid,Londres
51,701,Culture,27,Froid,Londres
39,1600,Aventure,10,Tempéré,Tokyo
33,1984,Plage,7,Froid,Barcelone
41,4241,Plage,21,Froid,Sydney
49,4627,Plage,19,Chaud,Sydney
20,714,Plage,20,Froid,Bali
68,4835,Nature,21,Chaud,Bali
43,4192,Culture,10,Froid,Londres
35,569,Culture,26,Chaud,Barcelone
58,4767,Aventure,18,Tempéré,Tokyo
61,2052,Culture,3,Froid,Londres
50,2100,Culture,9,Froid,Londres
32,1596,Culture,25,Chaud,Le Caire
33,3583,Ville,7,Tempéré,Paris
29,643,Ville,25,Froid,Londres
33,1159,Culture,24,Froid,Londres
51,3892,Culture,15,Chaud,Paris
58,3121,Aventure,16,Chaud,Tokyo
43,3726,Culture,8,Chaud,Le Caire
18,3970,Plage,19,Froid,Rio de Janeiro
68,2967,Aventure,19,Chaud,Rio de Janeiro
38,2780,Nature,13,Chaud,Sydney
69,1323,Aventure,3,Froid,New York
52,4341,Plage,3,Chaud,Sydney
23,2477,Plage,5,Chaud,Rio de Janeiro
24,4128,Nature,8,Froid,Sydney
61,2177,Culture,25,Froid,Londres
54,4331,Culture,6,Tempéré,Londres
62,4583,Culture,3,Tempéré,Rome
42,2672,Culture,29,Chaud,Barcelone
36,3954,Ville,7,Froid,Londres
45,580,Ville,24,Froid,New York
42,2353,Ville,25,Froid,Londres
50,946,Ville,12,Froid,Londres
26,2073,Nature,14,Froid,Bali
40,2507,Aventure,6,Froid,New York
65,2291,Aventure,13,Chaud,Rio de Janeiro
27,3060,Ville,29,Chaud,Sydney
53,1878,Aventure,8,Froid,New York
66,3606,Aventure,19,Froid,New York
50,1056,Culture,5,Froid,Londres
22,3316,Nature,24,Tempéré,Sydney
53,3041,Nature,25,Chaud,Sydney
30,3667,Culture,22,Tempéré,Paris
34,1401,Culture,15,Chaud,Barcelone
50,1381,Plage,8,Froid,Barcelone
58,2468,Ville,25,Tempéré,Londres
53,874,Culture,3,Chaud,Le Caire
20,3026,Aventure,7,Chaud,Rio de Janeiro
29,2913,Ville,5,Tempéré,Rome
57,3950,Culture,11,Froid,Londres
32,1349,Aventure,27,Froid,New York
36,973,Ville,26,Tempéré,Barcelone
55,933,Nature,3,Tempéré,Sydney
37,3628,Plage,15,Froid,Sydney
52,4032,Aventure,13,Chaud,Rio de Janeiro
20,2794,Culture,6,Froid,Londres
44,1578,Culture,6,Chaud,Le Caire
50,683,Ville,16,Tempéré,Tokyo
25,1744,Culture,10,Chaud,Rome
44,3026,Nature,18,Chaud,Sydney
66,2776,Nature,12,Froid,Sydney
29,3255,Ville,15,Froid,Londres
23,1457,Plage,28,Chaud,Rio de Janeiro
45,4560,Culture,20,Tempéré,Tokyo
32,4330,Plage,3,Chaud,Sydney
64,525,Ville,28,Chaud,Rome
59,3491,Aventure,5,Tempéré,Tokyo
27,2047,Ville,13,Froid,Londres
21,1160,Aventure,3,Tempéré,Tokyo
67,1430,Plage,27,Chaud,Rio de Janeiro
56,1077,Plage,22,Tempéré,Barcelone
25,1089,Ville,27,Tempéré,Rome
53,3837,Aventure,28,Tempéré,New York
30,3486,Plage,17,Froid,Sydney
27,4658,Nature,6,Froid,New York
34,2735,Culture,15,Froid,Londres
58,3151,Culture,27,Chaud,Rome
65,4937,Plage,5,Froid,Barcelone
22,1610,Aventure,20,Froid,New York
60,3135,Plage,10,Tempéré,Sydney
37,3379,Culture,18,Froid,Londres
41,1389,Ville,23,Froid,New York
52,833,Culture,3,Froid,Londres
50,3954,Ville,12,Tempéré,Paris
46,3493,Aventure,21,Chaud,New York
35,2287,Aventure,12,Froid,Rio de Janeiro
65,3935,Ville,18,Tempéré,Tokyo
18,1570,Nature,26,Froid,Bali
46,506,Aventure,24,Tempéré,New York
34,642,Plage,28,Tempéré,Barcelone
22,1242,Culture,17,Froid,Barcelone
58,3601,Ville,20,Tempéré,Paris
66,2702,Nature,16,Chaud,Sydney
57,4388,Nature,5,Tempéré,Sydney
62,4633,Plage,12,Chaud,Rio de Janeiro
21,4288,Aventure,5,Tempéré,New York
56,2855,Nature,8,Froid,Londres
25,4622,Culture,20,Tempéré,Tokyo
58,4538,Plage,20,Chaud,Sydney
52,744,Plage,23,Tempéré,Sydney
20,2730,Ville,27,Tempéré,New York
46,1846,Plage,8,Tempéré,Barcelone
20,4647,Plage,4,Froid,Barcelone
54,3899,Nature,24,Chaud,Sydney
52,4347,Aventure,4,Froid,New York
66,4038,Aventure,6,Tempéré,New York
25,657,Nature,19,Chaud,Bali
46,1343,Culture,9,Froid,Londres
29,1555,Culture,18,Chaud,Barcelone
40,3470,Aventure,4,Tempéré,New York
27,501,Ville,9,Chaud,Barcelone
57,2793,Nature,27,Chaud,Rio de Janeiro
29,1171,Ville,17,Chaud,Rome
51,2624,Culture,3,Tempéré,Londres
49,4499,Plage,26,Chaud,Sydney
26,3365,Culture,18,Froid,Londres
66,2891,Ville,14,Chaud,Sydney
39,1501,Ville,18,Froid,Londres
50,2458,Culture,21,Tempéré,Barcelone
55,1110,Nature,7,Froid,Bali
65,1263,Ville,19,Froid,Rome
31,4093,Aventure,21,Tempéré,Tokyo
40,3122,Ville,7,Chaud,Rome
53,3944,Aventure,25,Tempéré,New York
44,3387,Plage,27,Froid,Sydney
50,3693,Aventure,28,Chaud,New York
51,1925,Plage,28,Tempéré,Barcelone
26,1397,Culture,7,Tempéré,Rome
40,1670,Aventure,5,Froid,New York
54,3002,Ville,19,Chaud,Rome
24,2723,Aventure,28,Chaud,Rio de Janeiro
65,2949,Aventure,25,Froid,New York
62,1466,Culture,2,Froid,Le Caire
52,4138,Aventure,23,Chaud,New York
64,3370,Aventure,9,Tempéré,Tokyo
44,4620,Plage,7,Tempéré,Barcelone
57,4850,Culture,20,Tempéré,Rome
22,2932,Plage,3,Froid,Barcelone
43,605,Ville,2,Tempéré,New York
35,4788,Culture,21,Tempéré,Tokyo
51,1554,Ville,18,Froid,Londres
43,2312,Ville,21,Froid,Londres
68,1544,Plage,16,Froid,Bali
69,3207,Aventure,27,Tempéré,New York
68,3748,Nature,29,Chaud,Sydney
31,4609,Nature,17,Froid,Bali
38,3313,Aventure,14,Froid,New York
39,4843,Culture,25,Chaud,Barcelone
44,2661,Ville,12,Froid,Londres
55,1523,Culture,2,Chaud,Rome
69,875,Culture,17,Tempéré,Barcelone
28,4550,Culture,27,Froid,Londres
40,1886,Aventure,10,Chaud,Rio de Janeiro
21,4505,Plage,9,Chaud,Barcelone
27,792,Culture,25,Chaud,Rome
46,1028,Plage,17,Tempéré,Barcelone
46,3243,Culture,6,Froid,Londres
64,1856,Plage,7,Froid,Bali
65,2300,Aventure,5,Chaud,Rio de Janeiro
48,1000,Aventure,22,Froid,New York
19,3957,Nature,26,Tempéré,Sydney
59,2306,Ville,3,Froid,Londres
19,3518,Aventure,16,Tempéré,Tokyo
41,3207,Nature,22,Chaud,Sydney
46,4774,Ville,11,Froid,New York
37,3227,Plage,6,Chaud,Sydney
31,4685,Plage,26,Tempéré,Barcelone
24,2660,Ville,14,Tempéré,Sydney
69,3947,Ville,24,Froid,New York
25,2504,Culture,14,Chaud,Rome
54,1329,Plage,22,Tempéré,Barcelone
25,919,Aventure,28,Chaud,Rio de Janeiro
40,1570,Culture,8,Froid,Londres
33,877,Plage,24,Tempéré,Barcelone
26,3988,Plage,23,Tempéré,Sydney
61,4701,Nature,4,Tempéré,Sydney
65,939,Ville,25,Chaud,Barcelone
38,2746,Ville,25,Tempéré,Sydney
58,4459,Plage,5,Tempéré,Sydney
47,4734,Culture,23,Froid,Londres
61,2459,Plage,27,Chaud,Sydney
47,2040,Culture,22,Tempéré,Barcelone
41,1559,Culture,10,Chaud,Rome
30,4121,Ville,9,Tempéré,New York
24,2953,Aventure,14,Froid,New York
25,3705,Culture,20,Froid,Londres
43,1283,Culture,4,Froid,Barcelone
41,1271,Ville,2,Chaud,Barcelone
36,2183,Aventure,9,Tempéré,Tokyo
57,4150,Plage,18,Tempéré,Sydney
27,4548,Nature,15,Froid,Sydney
41,4902,Culture,24,Chaud,Barcelone
51,3613,Culture,4,Tempéré,Londres
59,2506,Culture,15,Froid,Londres
65,1226,Plage,23,Tempéré,Sydney
32,3016,Plage,2,Chaud,Sydney
56,3987,Culture,25,Tempéré,Londres
40,935,Culture,8,Chaud,Barcelone
24,4095,Culture,21,Tempéré,Tokyo
28,2140,Plage,2,Tempéré,Barcelone
24,1959,Nature,29,Froid,Bali
49,1732,Nature,2,Chaud,Rio de Janeiro
57,3844,Aventure,9,Tempéré,New York
18,1970,Aventure,10,Chaud,Rio de Janeiro
38,3560,Aventure,12,Chaud,Rio de Janeiro
22,4280,Plage,27,Froid,Sydney
47,1638,Plage,9,Froid,Barcelone
34,4354,Culture,14,Chaud,Rome
67,2582,Ville,2,Froid,New York
54,509,Nature,9,Froid,Bali
28,1665,Aventure,2,Froid,New York
34,606,Ville,18,Froid,New York
33,3955,Culture,5,Froid,Londres
29,4609,Aventure,23,Tempéré,Tokyo
53,3509,Plage,12,Froid,Sydney
28,1150,Plage,27,Tempéré,Barcelone
33,1225,Culture,28,Tempéré,Barcelone
35,4750,Ville,16,Chaud,Sydney
28,672,Culture,25,Chaud,Rome
43,4503,Nature,20,Chaud,Sydney
45,852,Ville,2,Chaud,Barcelone
43,2920,Ville,6,Tempéré,Barcelone
54,985,Aventure,21,Tempéré,New York
19,4899,Plage,24,Chaud,Rio de Janeiro
43,1224,Ville,25,Chaud,Barcelone
40,4475,Aventure,18,Chaud,Rio de Janeiro
64,2400,Aventure,21,Tempéré,Tokyo
36,3044,Ville,11,Froid,Londres
24,1971,Nature,9,Tempéré,Bali
69,2845,Plage,8,Tempéré,Barcelone
38,2272,Nature,7,Chaud,Bali
31,1200,Aventure,16,Froid,Rio de Janeiro
30,4798,Nature,5,Froid,New York
66,2091,Culture,21,Tempéré,Paris
48,2036,Aventure,25,Tempéré,Tokyo
57,534,Nature,7,Froid,Bali
23,2047,Ville,19,Tempéré,Sydney
69,1056,Plage,7,Tempéré,Barcelone
21,1681,Plage,25,Chaud,Barcelone
24,3601,Nature,9,Froid,Sydney
38,1000,Ville,24,Chaud,Barcelone
42,3196,Aventure,7,Chaud,Rio de Janeiro
67,2618,Plage,5,Froid,Rio de Janeiro
31,2244,Nature,17,Froid,Sydney
24,619,Nature,16,Tempéré,Sydney
55,2738,Ville,28,Froid,New York
53,2991,Culture,27,Froid,Londres
58,2841,Ville,23,Froid,Londres
18,1100,Plage,12,Chaud,Bali
67,3316,Aventure,22,Chaud,Rio de Janeiro
20,4581,Culture,17,Chaud,Tokyo
41,3290,Aventure,17,Tempéré,Tokyo
44,2281,Plage,6,Tempéré,Barcelone
48,1994,Ville,12,Chaud,Rome
67,2301,Ville,4,Tempéré,Barcelone
45,1684,Ville,11,Tempéré,Paris
65,1494,Ville,6,Froid,Rome
32,1590,Plage,10,Chaud,Bali
35,3719,Ville,12,Froid,Londres
48,1348,Plage,17,Tempéré,Barcelone
34,3125,Aventure,7,Froid,New York
50,4243,Plage,4,Chaud,Sydney
22,1292,Plage,5,Tempéré,Barcelone
44,3897,Aventure,3,Tempéré,New York
48,4026,Culture,22,Tempéré,Tokyo
43,4720,Ville,6,Froid,New York
64,4165,Plage,7,Froid,Sydney
44,2765,Aventure,24,Chaud,Rio de Janeiro
18,1500,Nature,12,Froid,Bali
32,3709,Aventure,15,Tempéré,Tokyo
39,610,Aventure,21,Froid,New York
49,4145,Nature,14,Tempéré,Sydney
50,4430,Culture,29,Chaud,Le Caire
40,4257,Nature,16,Froid,Sydney
56,2078,Plage,14,Tempéré,Sydney
43,1009,Plage,23,Froid,Barcelone
22,1428,Culture,14,Chaud,Barcelone
24,2876,Culture,25,Froid,Londres
36,4771,Nature,19,Tempéré,Sydney
54,791,Aventure,5,Tempéré,New York
26,3153,Nature,29,Chaud,Sydney
52,1082,Aventure,9,Tempéré,New York
46,2126,Culture,6,Tempéré,Rome
41,694,Nature,17,Tempéré,Sydney
51,1227,Plage,4,Tempéré,Barcelone
25,1273,Plage,22,Tempéré,Barcelone
54,1727,Ville,8,Froid,Londres
39,4144,Plage,25,Froid,Sydney
28,4479,Ville,23,Chaud,Sydney
20,743,Ville,8,Froid,New York
69,2624,Nature,7,Froid,Rio de Janeiro
28,3021,Culture,2,Chaud,Rome
31,2383,Plage,20,Froid,Sydney
63,3287,Nature,23,Froid,Sydney
66,4223,Aventure,22,Tempéré,Tokyo
27,4627,Ville,12,Chaud,Rome
21,2639,Nature,18,Chaud,Sydney
69,2797,Nature,22,Chaud,Sydney
66,3538,Culture,15,Froid,Londres
69,3170,Nature,6,Tempéré,Sydney
29,3904,Culture,25,Tempéré,Paris
50,4305,Plage,13,Chaud,Sydney
50,3303,Nature,14,Froid,Sydney
39,2798,Ville,28,Tempéré,Londres
46,4301,Nature,27,Chaud,Sydney
63,3894,Ville,24,Froid,New York
30,2591,Culture,7,Tempéré,Barcelone
18,4243,Aventure,9,Froid,New York
39,1816,Aventure,21,Froid,New York
23,2401,Culture,23,Tempéré,Barcelone
68,2714,Aventure,3,Tempéré,New York
37,1802,Culture,17,Chaud,Le Caire
68,4615,Culture,22,Tempéré,Tokyo
28,3426,Nature,27,Chaud,Sydney
55,1441,Culture,6,Chaud,Le Caire
38,2464,Plage,2,Froid,Bali
20,1839,Plage,21,Tempéré,Sydney
43,1822,Ville,10,Froid,Londres
38,3008,Plage,27,Froid,Sydney
45,2777,Nature,14,Chaud,Rio de Janeiro
53,3849,Nature,5,Froid,Londres
25,3877,Nature,9,Tempéré,Sydney
47,812,Nature,15,Tempéré,Sydney
60,523,Ville,13,Froid,Londres
39,2554,Aventure,7,Chaud,Rio de Janeiro
53,2425,Culture,10,Chaud,Rome
43,1756,Culture,23,Froid,Londres
68,3122,Aventure,5,Chaud,Rio de Janeiro
58,3021,Culture,17,Tempéré,Londres
44,4124,Aventure,24,Chaud,New York
37,792,Culture,29,Chaud,Le Caire
35,3462,Ville,7,Chaud,Rome
59,4701,Plage,9,Chaud,Barcelone
44,4585,Nature,25,Froid,Sydney
39,1045,Nature,21,Chaud,Bali
35,974,Nature,14,Tempéré,Bali
56,4580,Nature,12,Tempéré,Sydney
60,4207,Nature,11,Chaud,Sydney
22,1597,Nature,19,Froid,Bali
50,2962,Ville,22,Froid,Londres
56,2461,Ville,7,Tempéré,Rome
63,4711,Aventure,16,Chaud,Tokyo
48,3881,Nature,8,Froid,Sydney
67,3836,Aventure,5,Froid,New York
59,2067,Culture,2,Froid,Londres
21,1015,Nature,28,Froid,Rio de Janeiro
29,4292,Aventure,11,Froid,New York
64,3348,Culture,4,Tempéré,Rome
26,4017,Nature,29,Froid,Sydney
26,3162,Culture,7,Tempéré,Rome
19,3044,Nature,5,Froid,Rio de Janeiro
55,3997,Nature,17,Tempéré,Sydney
53,1142,Ville,25,Tempéré,Rome
43,728,Plage,4,Tempéré,Sydney
44,3618,Plage,16,Froid,Sydney
54,933,Plage,25,Chaud,Barcelone
63,3341,Culture,21,Froid,Rome
47,3934,Culture,22,Chaud,Rome
39,1760,Aventure,23,Tempéré,Tokyo
32,4524,Aventure,7,Tempéré,New York
40,2509,Plage,23,Chaud,Sydney
54,1798,Culture,23,Tempéré,Londres
38,1688,Nature,10,Chaud,Rio de Janeiro
45,4024,Plage,29,Froid,Sydney
67,4802,Aventure,25,Chaud,Rio de Janeiro
57,3169,Plage,19,Chaud,Sydney
48,2595,Nature,16,Froid,Sydney
43,1575,Plage,13,Chaud,Barcelone
42,503,Aventure,4,Froid,New York
36,2404,Culture,6,Chaud,Barcelone
23,1222,Culture,12,Tempéré,Barcelone
45,706,Plage,18,Tempéré,Sydney
33,3670,Aventure,3,Chaud,Rio de Janeiro
52,4037,Nature,19,Froid,Sydney
50,3995,Aventure,8,Chaud,New York
42,4562,Aventure,28,Tempéré,Tokyo
40,3419,Aventure,16,Froid,New York
44,590,Nature,22,Froid,Sydney
28,2208,Culture,5,Tempéré,Rome
62,4079,Nature,4,Froid,New York
26,3302,Culture,10,Chaud,Rome
59,3748,Culture,4,Tempéré,Londres
51,507,Ville,23,Froid,Londres
34,1288,Plage,21,Tempéré,Sydney
68,2990,Culture,13,Tempéré,Paris
21,1840,Ville,11,Chaud,Barcelone
19,2618,Ville,21,Tempéré,Sydney
36,4911,Ville,24,Tempéré,New York
62,1320,Plage,21,Froid,Bali
57,1031,Ville,28,Froid,Londres
18,4694,Aventure,23,Chaud,Rio de Janeiro
56,1913,Aventure,29,Chaud,Rio de Janeiro
44,4230,Plage,9,Chaud,Rio de Janeiro
23,3442,Plage,26,Chaud,Sydney
51,3491,Aventure,12,Chaud,New York
32,3740,Ville,20,Tempéré,Tokyo
47,2615,Plage,23,Tempéré,Sydney
38,3372,Ville,5,Chaud,Rome
21,4360,Aventure,4,Chaud,New York
28,3057,Ville,5,Froid,New York
51,3867,Nature,15,Froid,New York
63,1575,Ville,24,Chaud,Rome
44,2000,Aventure,27,Chaud,Rio de Janeiro
47,602,Ville,3,Chaud,Barcelone
50,671,Culture,11,Froid,Londres
54,1653,Aventure,18,Froid,New York
22,727,Nature,13,Froid,Bali
19,2027,Plage,11,Chaud,Bali
36,3500,Nature,28,Tempéré,Sydney
18,1990,Aventure,6,Chaud,Rio de Janeiro
62,4861,Culture,4,Froid,Londres
48,4100,Culture,26,Chaud,Le Caire
54,2319,Ville,26,Tempéré,Rome
19,2235,Nature,28,Chaud,Rio de Janeiro
37,3405,Culture,29,Tempéré,Paris
54,2939,Ville,24,Chaud,Rome
30,2286,Ville,23,Froid,Londres
37,4751,Nature,26,Froid,New York
25,2890,Ville,16,Tempéré,Paris
41,4262,Ville,17,Chaud,Sydney
41,3199,Nature,8,Froid,Sydney
69,4743,Plage,6,Tempéré,Sydney
51,3584,Plage,20,Chaud,Sydney
41,1202,Nature,3,Tempéré,Sydney
30,919,Ville,10,Tempéré,Barcelone
26,4831,Nature,19,Tempéré,Sydney
27,2010,Ville,7,Chaud,Sydney
26,4341,Nature,10,Froid,Sydney
35,576,Plage,11,Froid,Bali
64,1541,Nature,13,Tempéré,Sydney
25,4734,Aventure,4,Chaud,New York
26,2304,Culture,16,Tempéré,Rome
48,2669,Ville,28,Froid,Londres
31,667,Ville,27,Froid,New York
18,1180,Culture,19,Chaud,Rome
48,2983,Ville,20,Tempéré,Sydney
45,2201,Culture,23,Chaud,Barcelone
25,4180,Ville,15,Tempéré,Tokyo
57,2349,Nature,19,Tempéré,Sydney
29,823,Aventure,24,Chaud,Rio de Janeiro
40,566,Nature,28,Chaud,Bali
58,4515,Culture,4,Tempéré,Londres
54,4651,Ville,4,Tempéré,New York
21,745,Culture,16,Chaud,Barcelone
68,3218,Nature,28,Chaud,Sydney
50,3808,Plage,5,Tempéré,Sydney
20,2434,Aventure,9,Froid,New York
60,1780,Nature,6,Froid,Rio de Janeiro
35,4077,Plage,5,Chaud,Sydney
50,1512,Culture,16,Chaud,Le Caire
41,3532,Culture,6,Tempéré,Londres
62,799,Culture,10,Tempéré,Rome
61,1642,Plage,22,Tempéré,Barcelone
57,2986,Culture,23,Froid,Londres
46,774,Nature,14,Tempéré,Sydney
33,1109,Ville,25,Froid,New York
45,529,Culture,6,Chaud,Barcelone
29,1896,Ville,15,Chaud,Rome
24,4643,Culture,20,Froid,Tokyo
44,3966,Aventure,24,Chaud,Rio de Janeiro
21,4876,Culture,8,Tempéré,Tokyo
24,1262,Ville,5,Froid,New York
37,3910,Aventure,16,Tempéré,Tokyo
51,1212,Aventure,2,Chaud,Rio de Janeiro
37,4515,Nature,27,Froid,Sydney
67,4856,Nature,12,Froid,Rio de Janeiro
58,505,Plage,3,Tempéré,Barcelone
55,2360,Culture,25,Froid,Londres
47,3586,Nature,15,Chaud,Sydney
18,4494,Culture,29,Froid,Londres
58,2289,Aventure,5,Chaud,Rio de Janeiro
59,1783,Plage,11,Chaud,Bali
42,1494,Ville,27,Chaud,Barcelone
52,2394,Aventure,15,Chaud,Rio de Janeiro
63,2945,Nature,24,Froid,Sydney
23,3863,Aventure,17,Froid,New York
53,1707,Plage,21,Froid,Bali
58,732,Nature,24,Chaud,Rio de Janeiro
45,4309,Nature,17,Chaud,Sydney
38,1789,Ville,23,Chaud,Barcelone
20,501,Culture,18,Chaud,Barcelone
18,2903,Culture,22,Froid,Londres
50,1209,Plage,2,Tempéré,Barcelone
42,673,Culture,15,Chaud,Le Caire
24,3854,Ville,7,Froid,New York
68,3822,Culture,15,Tempéré,Paris
47,2316,Plage,24,Chaud,Sydney
57,2703,Ville,11,Froid,Londres
49,1038,Aventure,3,Tempéré,New York
24,4871,Aventure,25,Froid,New York
67,2989,Aventure,16,Chaud,Rio de Janeiro
23,2540,Plage,23,Chaud,Sydney
31,4781,Aventure,17,Froid,New York
58,4791,Aventure,3,Froid,New York
42,1031,Culture,14,Chaud,Rome
50,744,Nature,10,Tempéré,Sydney
26,1400,Ville,13,Chaud,Rome
49,601,Ville,25,Chaud,Sydney
38,4412,Ville,29,Tempéré,New York
59,4222,Ville,29,Chaud,Sydney
61,2249,Ville,27,Chaud,Rome
46,4267,Ville,27,Chaud,Sydney
62,3444,Aventure,15,Froid,New York
21,2391,Ville,29,Chaud,Barcelone
45,745,Culture,18,Tempéré,Paris
26,1099,Plage,5,Froid,Barcelone
25,2931,Aventure,13,Tempéré,New York
66,4032,Culture,23,Tempéré,Tokyo
53,4195,Ville,7,Froid,New York
43,1878,Nature,22,Froid,Rio de Janeiro
46,2075,Aventure,24,Froid,New York
22,3759,Aventure,13,Tempéré,Tokyo
64,1123,Plage,17,Froid,Bali
49,4833,Culture,27,Froid,Londres
39,2724,Nature,14,Froid,Rio de Janeiro
53,1399,Aventure,9,Chaud,Rio de Janeiro
46,3310,Nature,7,Froid,Londres
69,1577,Nature,19,Chaud,Rio de Janeiro
36,2440,Culture,12,Chaud,Rome
20,2997,Plage,3,Chaud,Barcelone
53,3139,Ville,12,Froid,Londres
46,556,Nature,16,Tempéré,Sydney
57,3262,Ville,24,Chaud,Rome
19,4946,Nature,10,Froid,Rio de Janeiro
69,1827,Aventure,20,Tempéré,Tokyo
20,3920,Plage,4,Tempéré,Sydney
19,4477,Culture,15,Chaud,Tokyo
46,2715,Aventure,5,Froid,New York
69,1314,Aventure,28,Froid,New York
43,2655,Nature,4,Froid,Sydney
33,3737,Aventure,24,Chaud,Rio de Janeiro
59,3043,Nature,7,Froid,Londres
26,3612,Ville,21,Tempéré,Sydney
62,3314,Nature,13,Froid,Sydney
58,1221,Nature,4,Chaud,Rio de Janeiro
43,4469,Aventure,23,Tempéré,New York
44,2031,Ville,16,Froid,Londres
57,1541,Ville,4,Chaud,Rome
40,790,Ville,27,Chaud,Sydney
69,3969,Nature,3,Froid,Sydney
57,1811,Ville,11,Tempéré,Paris
55,3430,Culture,10,Chaud,Rome
39,2514,Aventure,17,Froid,New York
55,2868,Ville,24,Froid,Londres
52,1608,Ville,14,Chaud,Rome
58,1235,Aventure,20,Froid,New York
50,1517,Plage,23,Froid,Barcelone
61,1780,Culture,2,Froid,Londres
31,3214,Ville,9,Chaud,Rome
51,2883,Culture,5,Tempéré,Rome
68,3092,Culture,10,Chaud,Rome
59,1451,Plage,11,Froid,Rio de Janeiro
42,2998,Nature,9,Tempéré,Sydney
39,2229,Culture,18,Tempéré,Paris
41,1707,Ville,5,Froid,Londres
63,3717,Plage,27,Froid,Sydney
62,2864,Aventure,26,Chaud,Rio de Janeiro
29,4842,Nature,25,Chaud,Sydney
43,2958,Culture,24,Tempéré,Rome
66,3212,Nature,22,Chaud,Sydney
42,645,Nature,5,Chaud,Rio de Janeiro
43,3643,Plage,20,Froid,Sydney
45,2724,Ville,28,Tempéré,Barcelone
44,4560,Nature,2,Tempéré,Sydney
56,987,Ville,7,Tempéré,Paris
38,4556,Culture,24,Chaud,Rome
63,4166,Plage,20,Chaud,Sydney
38,3791,Plage,13,Froid,Sydney
38,3461,Plage,24,Chaud,Sydney
53,4634,Ville,22,Froid,New York
20,2300,Aventure,6,Froid,New York
68,4989,Plage,17,Tempéré,Sydney
36,1050,Culture,8,Chaud,Barcelone
58,2375,Ville,27,Froid,Londres
46,3755,Aventure,4,Froid,New York
22,3153,Plage,11,Froid,Sydney
52,3862,Plage,21,Froid,Sydney
31,1885,Nature,25,Froid,Bali
29,1101,Nature,3,Tempéré,Sydney
43,1821,Culture,16,Chaud,Barcelone
27,1309,Culture,17,Froid,Londres
32,2920,Plage,16,Chaud,Sydney
36,2469,Plage,25,Tempéré,Sydney
31,2776,Culture,19,Froid,Londres
37,1813,Aventure,15,Froid,Rio de Janeiro
22,3087,Ville,6,Chaud,Sydney
26,510,Aventure,29,Tempéré,Tokyo
21,4870,Ville,27,Chaud,Barcelone
21,4993,Culture,3,Chaud,Barcelone
65,1453,Plage,21,Tempéré,Barcelone
65,3191,Aventure,29,Froid,New York
21,1309,Aventure,12,Chaud,Rio de Janeiro
39,4769,Plage,16,Chaud,Bali
26,2511,Culture,18,Chaud,Rome
22,2370,Aventure,3,Froid,Rio de Janeiro
25,4648,Culture,18,Chaud,Tokyo
27,1108,Nature,2,Chaud,Rio de Janeiro
21,607,Aventure,12,Tempéré,Tokyo
34,3996,Plage,20,Froid,Sydney
47,1796,Ville,19,Froid,Londres
52,4369,Ville,15,Froid,New York
53,3924,Aventure,7,Tempéré,New York
26,2948,Culture,19,Tempéré,Rome
59,3964,Nature,6,Froid,Londres
32,4445,Plage,14,Chaud,Sydney
26,4785,Nature,12,Froid,Bali
44,1908,Ville,24,Tempéré,Londres
36,4741,Plage,9,Chaud,Bali
31,1141,Plage,29,Tempéré,Barcelone
45,3629,Ville,4,Chaud,Sydney
28,1082,Ville,9,Froid,New York
50,838,Aventure,26,Froid,New York
40,593,Plage,26,Tempéré,Sydney
19,1657,Nature,11,Chaud,Bali
45,3252,Culture,6,Froid,Londres
51,4500,Nature,11,Tempéré,Sydney
45,3100,Aventure,21,Chaud,Rio de Janeiro
46,1191,Ville,26,Tempéré,Barcelone
55,4659,Nature,24,Tempéré,Sydney
60,4225,Nature,7,Chaud,Sydney
21,3775,Ville,3,Froid,New York
62,3730,Nature,12,Froid,Sydney
52,1855,Ville,3,Tempéré,Rome
63,1698,Nature,2,Tempéré,Sydney
64,2568,Ville,24,Tempéré,Rome
36,4863,Plage,17,Froid,Sydney
66,2599,Nature,20,Froid,Sydney
39,3555,Nature,23,Tempéré,Sydney
21,4980,Plage,4,Chaud,Barcelone
30,3876,Nature,8,Chaud,Sydney
38,644,Aventure,25,Chaud,Rio de Janeiro
46,2568,Plage,25,Froid,Sydney
51,2567,Ville,5,Froid,New York
34,4614,Aventure,12,Froid,New York
23,860,Aventure,2,Tempéré,Tokyo
66,2888,Culture,11,Chaud,Le Caire
59,4271,Ville,9,Tempéré,Londres
27,3891,Nature,18,Froid,Sydney
22,4400,Culture,9,Chaud,Barcelone
53,860,Plage,14,Chaud,Rio de Janeiro
22,4717,Culture,4,Froid,Londres
62,1688,Culture,22,Chaud,Le Caire
26,2324,Aventure,3,Froid,New York
41,556,Aventure,10,Tempéré,New York
64,948,Nature,7,Froid,Bali
56,3510,Plage,19,Tempéré,Sydney
65,4320,Aventure,2,Chaud,Rio de Janeiro
60,4380,Culture,5,Tempéré,Paris
32,2158,Culture,20,Chaud,Barcelone
31,2180,Plage,16,Froid,Bali
50,1224,Aventure,6,Chaud,Rio de Janeiro
60,2376,Ville,8,Froid,Londres
65,3552,Culture,29,Froid,Londres
18,4360,Nature,23,Tempéré,Sydney
66,1640,Nature,18,Chaud,Bali
26,4997,Nature,5,Chaud,Rio de Janeiro
37,2362,Culture,6,Tempéré,Paris
21,2931,Culture,26,Froid,Londres
18,684,Aventure,16,Froid,Rio de Janeiro
36,512,Culture,6,Chaud,Le Caire
59,510,Aventure,21,Froid,New York
59,1020,Culture,14,Chaud,Le Caire
43,1461,Plage,11,Chaud,Rio de Janeiro
61,2961,Culture,21,Tempéré,Rome
27,4888,Aventure,22,Chaud,Rio de Janeiro
67,1322,Nature,8,Froid,Rio de Janeiro
40,3103,Culture,12,Froid,Londres
30,4823,Culture,5,Tempéré,Tokyo
63,1757,Ville,27,Chaud,Rome
40,1423,Culture,28,Tempéré,Barcelone
59,1467,Culture,28,Froid,Londres
39,948,Ville,20,Froid,New York
55,2313,Culture,26,Froid,Londres
38,4042,Aventure,3,Froid,New York
44,3923,Culture,10,Chaud,Le Caire
39,1867,Plage,23,Chaud,Bali
62,4918,Culture,23,Chaud,Le Caire
38,3239,Aventure,16,Chaud,Tokyo
32,2972,Nature,25,Froid,Sydney
31,1404,Plage,29,Tempéré,Barcelone
60,1933,Culture,9,Froid,Londres
64,1302,Plage,19,Tempéré,Barcelone
52,2639,Ville,15,Tempéré,Paris
64,1711,Nature,13,Chaud,Rio de Janeiro
40,2833,Nature,12,Tempéré,Sydney
62,4413,Culture,8,Chaud,Le Caire
50,2901,Culture,13,Chaud,Rome
50,3986,Culture,4,Froid,Londres
35,761,Ville,10,Tempéré,Londres
40,2020,Aventure,25,Tempéré,Tokyo
67,1938,Culture,13,Froid,Londres
27,3031,Nature,23,Froid,Sydney
33,3530,Culture,10,Froid,Londres
21,2482,Aventure,19,Chaud,Rio de Janeiro
64,4796,Nature,5,Chaud,Rio de Janeiro
23,3069,Nature,14,Chaud,Rio de Janeiro
47,2055,Culture,18,Tempéré,Paris
20,1605,Nature,12,Froid,Bali
21,3494,Ville,9,Froid,New York
67,4853,Aventure,9,Froid,New York
45,2375,Plage,14,Tempéré,Sydney
63,4052,Ville,29,Tempéré,Sydney
57,3425,Nature,25,Chaud,Sydney
65,1136,Ville,22,Froid,Rome
59,987,Nature,3,Froid,Bali
55,1622,Aventure,4,Tempéré,New York
65,1717,Plage,10,Chaud,Rio de Janeiro
40,1326,Ville,7,Tempéré,Barcelone
67,1024,Culture,9,Tempéré,Barcelone
66,1424,Aventure,29,Chaud,Rio de Janeiro
25,4704,Ville,25,Tempéré,New York
37,531,Plage,14,Froid,Bali
30,4574,Ville,23,Chaud,Sydney
53,1563,Nature,28,Froid,Rio de Janeiro
48,3242,Nature,15,Tempéré,Sydney
18,3606,Ville,8,Chaud,Rome
25,1935,Nature,17,Froid,Bali
56,4153,Culture,12,Chaud,Rome
42,4377,Nature,9,Tempéré,Sydney
36,3824,Aventure,9,Tempéré,New York
65,822,Ville,26,Tempéré,Barcelone
59,2016,Ville,29,Chaud,Rome
64,3424,Plage,10,Froid,Sydney
63,2780,Ville,3,Tempéré,Rome
65,1263,Ville,7,Chaud,Rome
29,1207,Plage,14,Tempéré,Barcelone
42,601,Culture,19,Froid,Londres
67,4231,Nature,17,Chaud,Sydney
18,1832,Nature,20,Chaud,Bali
55,527,Nature,5,Froid,Bali
28,4401,Culture,21,Tempéré,Tokyo
26,4020,Aventure,6,Froid,New York
64,2138,Nature,5,Tempéré,Sydney
55,3096,Aventure,21,Tempéré,New York
37,3638,Ville,22,Chaud,Sydney
63,4568,Plage,24,Froid,New York
58,1898,Plage,8,Tempéré,Barcelone
37,2672,Ville,12,Froid,Londres
56,2976,Culture,8,Froid,Londres
32,991,Aventure,17,Chaud,Rio de Janeiro
52,3312,Nature,17,Chaud,Sydney
67,2951,Aventure,20,Chaud,Rio de Janeiro
23,4726,Ville,17,Froid,New York
69,2940,Culture,27,Froid,Londres
26,2768,Culture,11,Froid,Londres
60,1969,Ville,25,Chaud,Rome
41,2445,Ville,24,Froid,Londres
34,4933,Plage,13,Tempéré,Sydney
35,2318,Aventure,28,Tempéré,New York
38,2448,Aventure,4,Chaud,Rio de Janeiro
26,755,Ville,22,Froid,Londres
41,4608,Nature,12,Tempéré,Sydney
44,1252,Plage,18,Chaud,Rio de Janeiro
50,1956,Culture,12,Froid,Londres
55,3296,Ville,29,Froid,New York
25,2775,Ville,15,Chaud,Sydney
18,1494,Plage,16,Tempéré,Barcelone
50,4880,Culture,5,Tempéré,Tokyo
52,4312,Nature,26,Froid,New York
58,2388,Plage,18,Froid,Sydney
19,2136,Ville,17,Tempéré,Sydney
62,3825,Ville,6,Froid,New York
20,4705,Aventure,23,Chaud,Rio de Janeiro
58,2768,Nature,27,Tempéré,Sydney
62,3185,Culture,8,Chaud,Rome
38,3488,Ville,10,Chaud,Rome
25,2951,Ville,19,Froid,Londres
44,1185,Ville,4,Chaud,Rome
59,1761,Nature,6,Chaud,Rio de Janeiro
18,852,Aventure,3,Chaud,Rio de Janeiro
21,985,Nature,9,Tempéré,Bali
68,2551,Ville,25,Froid,New York
41,801,Nature,20,Froid,Rio de Janeiro
36,939,Nature,25,Chaud,Rio de Janeiro
64,2799,Culture,8,Froid,Londres
19,654,Ville,10,Froid,New York
40,4045,Plage,9,Froid,Sydney
44,3058,Nature,10,Tempéré,Sydney
26,4861,Culture,24,Froid,Londres
39,1948,Aventure,17,Tempéré,Tokyo
30,2911,Culture,4,Chaud,Barcelone
34,3895,Culture,25,Froid,Londres
36,2018,Nature,10,Froid,Bali
50,2714,Ville,5,Chaud,Rome
34,570,Aventure,5,Chaud,Rio de Janeiro
27,3374,Plage,13,Chaud,Sydney
35,4861,Culture,14,Chaud,Rome
29,1014,Aventure,3,Chaud,Rio de Janeiro
31,896,Nature,4,Chaud,Rio de Janeiro
52,4796,Ville,25,Tempéré,New York
69,3048,Nature,27,Froid,Sydney
42,4809,Ville,27,Froid,New York
64,1136,Plage,21,Tempéré,Sydney
56,2735,Aventure,28,Tempéré,New York
22,2158,Ville,20,Chaud,Sydney
35,2352,Culture,13,Tempéré,Rome
55,1710,Ville,23,Tempéré,Rome
22,1454,Plage,4,Froid,Barcelone
53,2323,Culture,28,Chaud,Rome
67,3291,Ville,21,Chaud,Sydney
18,2738,Ville,14,Froid,Londres
26,1909,Ville,6,Froid,Londres
53,1968,Culture,5,Tempéré,Rome
56,1315,Culture,15,Chaud,Le Caire
65,4767,Culture,2,Tempéré,Rome
38,1769,Plage,14,Tempéré,Barcelone
60,2072,Nature,27,Froid,Londres
37,785,Plage,3,Tempéré,Barcelone
50,3041,Aventure,6,Tempéré,New York
20,1221,Culture,13,Chaud,Barcelone
53,4618,Aventure,3,Chaud,New York
58,3827,Plage,15,Tempéré,Sydney
57,770,Culture,23,Froid,Londres
65,1806,Aventure,16,Tempéré,Tokyo
57,1023,Culture,25,Chaud,Rome
35,564,Aventure,12,Tempéré,Tokyo
26,4745,Aventure,10,Tempéré,New York
68,1487,Aventure,25,Chaud,Rio de Janeiro
19,601,Culture,24,Tempéré,Paris
43,840,Ville,8,Froid,Londres
26,3853,Aventure,6,Froid,New York
52,3341,Aventure,7,Froid,New York
31,2213,Aventure,12,Tempéré,Tokyo
65,4081,Plage,22,Tempéré,Sydney
50,3144,Ville,10,Chaud,Rome
57,3523,Aventure,21,Tempéré,New York
46,716,Ville,16,Froid,New York
25,3530,Plage,17,Chaud,Bali
21,2498,Culture,27,Chaud,Barcelone
60,951,Aventure,23,Tempéré,Tokyo
35,2229,Culture,22,Froid,Londres
33,3623,Culture,8,Chaud,Le Caire
39,2146,Aventure,19,Froid,New York
48,2056,Aventure,9,Chaud,Rio de Janeiro
67,525,Nature,9,Tempéré,Sydney
45,3591,Aventure,19,Tempéré,Tokyo
21,2696,Aventure,24,Froid,New York
43,4872,Aventure,22,Froid,New York
44,1373,Nature,22,Tempéré,Sydney
60,1370,Plage,23,Chaud,Bali
45,4349,Plage,6,Chaud,Barcelone
30,4261,Plage,10,Chaud,Sydney
24,1675,Nature,29,Froid,Bali
59,1237,Plage,12,Froid,Rio de Janeiro
48,2052,Ville,28,Chaud,Rome
26,1802,Plage,22,Chaud,Rio de Janeiro
44,3020,Plage,17,Chaud,Sydney
45,3445,Aventure,23,Chaud,Rio de Janeiro
25,1242,Aventure,7,Tempéré,Tokyo
36,4959,Nature,2,Froid,New York
61,1226,Ville,12,Tempéré,Rome
60,1910,Aventure,24,Chaud,Rio de Janeiro
30,1235,Nature,11,Tempéré,Sydney
43,4707,Ville,28,Chaud,Rome
60,1609,Aventure,11,Froid,Rio de Janeiro
25,3700,Aventure,22,Chaud,Rio de Janeiro
56,3113,Culture,29,Froid,Londres
54,3658,Culture,23,Chaud,Le Caire
59,689,Culture,21,Froid,Londres
57,2663,Ville,28,Tempéré,Rome
68,3976,Plage,16,Froid,Sydney
44,4943,Ville,11,Tempéré,Tokyo
54,661,Plage,17,Tempéré,Sydney
43,4331,Ville,8,Tempéré,Tokyo
19,4967,Ville,29,Tempéré,Tokyo
66,3440,Plage,7,Chaud,Sydney
23,2380,Culture,11,Froid,Londres
55,2240,Ville,11,Tempéré,Paris
32,2506,Ville,17,Chaud,Sydney
40,2367,Nature,20,Chaud,Bali
43,3018,Nature,25,Chaud,Sydney
52,1410,Nature,16,Chaud,Bali
42,2552,Nature,11,Froid,Sydney
29,2563,Nature,17,Froid,Sydney
34,3427,Culture,17,Froid,Londres
58,814,Culture,29,Froid,Londres
27,2819,Plage,17,Froid,Sydney
19,3727,Culture,5,Froid,Londres
59,4434,Ville,29,Froid,Londres
69,4756,Aventure,9,Tempéré,Tokyo
22,3055,Nature,15,Chaud,Sydney
19,2376,Ville,11,Tempéré,Londres
39,2814,Nature,5,Tempéré,Sydney
55,853,Culture,15,Chaud,Le Caire
61,746,Plage,22,Tempéré,Sydney
26,774,Ville,4,Tempéré,Barcelone
63,2659,Nature,3,Chaud,Rio de Janeiro
21,2658,Nature,9,Froid,Rio de Janeiro
21,865,Aventure,28,Froid,New York
35,1356,Ville,7,Chaud,Rome
53,3382,Culture,21,Froid,Londres
60,1061,Plage,26,Chaud,Rio de Janeiro
64,3835,Nature,2,Chaud,Sydney
60,805,Ville,23,Tempéré,Barcelone
68,1330,Plage,16,Froid,Bali
36,4187,Ville,25,Tempéré,Sydney
46,4623,Plage,6,Tempéré,Barcelone
26,2071,Culture,24,Froid,Londres
33,4821,Nature,9,Tempéré,Sydney
34,3318,Nature,17,Froid,Sydney
40,3558,Nature,3,Tempéré,Sydney
64,3797,Nature,18,Tempéré,Sydney
18,2018,Aventure,3,Chaud,Rio de Janeiro
64,4685,Nature,18,Chaud,Sydney
52,3206,Aventure,12,Chaud,Tokyo
63,4160,Culture,3,Froid,Rome
68,4950,Aventure,20,Chaud,Tokyo
48,4747,Nature,16,Chaud,Sydney
42,636,Ville,15,Tempéré,Paris
43,3057,Nature,12,Chaud,Sydney
69,2840,Aventure,9,Tempéré,New York
46,1895,Nature,23,Chaud,Sydney
35,856,Aventure,22,Chaud,Rio de Janeiro
53,1874,Ville,22,Tempéré,Paris
62,3770,Aventure,22,Chaud,Tokyo
34,1986,Aventure,3,Tempéré,Tokyo
25,1627,Plage,22,Froid,Barcelone
59,794,Nature,2,Chaud,Bali
27,2978,Culture,29,Tempéré,Rome
20,4685,Ville,12,Froid,New York
60,3320,Nature,27,Tempéré,Sydney
61,770,Nature,10,Chaud,Bali
59,948,Aventure,21,Froid,New York
35,2155,Culture,14,Tempéré,Rome
38,4758,Aventure,4,Tempéré,New York
60,4327,Aventure,5,Tempéré,New York
60,2729,Ville,13,Tempéré,Rome
47,3325,Culture,26,Froid,Londres
69,1216,Nature,12,Froid,Rio de Janeiro
69,1097,Plage,17,Tempéré,Barcelone
63,4097,Plage,25,Froid,Sydney
25,1780,Culture,21,Chaud,Rome
26,2330,Culture,23,Tempéré,Paris
56,843,Nature,17,Froid,Bali
50,1568,Nature,29,Chaud,Rio de Janeiro
52,2002,Plage,15,Chaud,Sydney
46,1906,Nature,17,Froid,Bali
37,4317,Ville,18,Froid,New York
28,2236,Nature,27,Tempéré,Sydney
51,4415,Nature,9,Chaud,Sydney
66,1794,Culture,28,Froid,Londres
65,1046,Ville,27,Froid,Rome
37,2793,Aventure,12,Froid,New York
60,3174,Nature,21,Tempéré,Sydney
61,3698,Plage,10,Chaud,Sydney
37,2045,Culture,17,Tempéré,Barcelone
57,2632,Nature,23,Chaud,Sydney
23,1459,Culture,12,Tempéré,Barcelone
39,3943,Ville,8,Chaud,Sydney
66,560,Aventure,27,Chaud,Rio de Janeiro
47,4818,Plage,4,Froid,Barcelone
20,4204,Ville,21,Froid,New York
65,1939,Aventure,19,Chaud,Rio de Janeiro
27,4464,Ville,6,Froid,New York
26,4304,Ville,12,Froid,New York
36,4002,Ville,23,Chaud,Sydney
64,4636,Plage,26,Froid,Sydney
58,2104,Aventure,29,Froid,New York
31,3975,Plage,14,Tempéré,Sydney
58,1554,Nature,19,Chaud,Bali
68,3135,Ville,25,Chaud,Sydney
35,2232,Aventure,19,Froid,New York
51,4650,Aventure,29,Tempéré,New York
23,730,Culture,21,Chaud,Barcelone
65,1489,Ville,22,Froid,Rome
18,2876,Culture,4,Tempéré,Rome
20,4150,Nature,11,Chaud,Sydney
51,1720,Ville,19,Froid,Londres
29,1022,Nature,21,Tempéré,Sydney
23,3200,Ville,22,Chaud,Sydney
58,2146,Culture,13,Froid,Londres
69,3180,Ville,5,Froid,Londres
23,2291,Plage,18,Chaud,Sydney
39,4187,Culture,29,Tempéré,Tokyo
65,868,Culture,4,Chaud,Le Caire
25,3276,Plage,17,Froid,Sydney
33,3744,Ville,9,Chaud,Sydney
23,4935,Aventure,19,Chaud,Rio de Janeiro
45,2244,Plage,16,Froid,Sydney
23,1650,Aventure,11,Chaud,Rio de Janeiro
45,4425,Ville,14,Chaud,Sydney
36,953,Nature,23,Chaud,Rio de Janeiro
33,3071,Plage,15,Chaud,Sydney
54,2000,Aventure,15,Chaud,Rio de Janeiro
26,1529,Plage,25,Chaud,Bali
37,1933,Nature,2,Froid,Bali
66,2751,Ville,29,Tempéré,Paris
30,3915,Ville,12,Chaud,Sydney
27,3079,Ville,14,Chaud,Sydney
69,2301,Nature,7,Tempéré,Sydney
44,3104,Nature,10,Chaud,Sydney
24,3692,Nature,17,Chaud,Sydney
23,3241,Culture,22,Froid,Londres
61,3311,Aventure,5,Froid,New York
28,1950,Aventure,2,Froid,New York
19,3335,Aventure,4,Chaud,Rio de Janeiro
44,1915,Culture,28,Chaud,Rome
59,4582,Nature,21,Tempéré,Sydney
42,2081,Plage,2,Tempéré,Barcelone
42,2676,Plage,4,Froid,Barcelone
47,860,Plage,25,Chaud,Barcelone
49,866,Nature,18,Chaud,Sydney
30,2695,Ville,25,Froid,Londres
33,2553,Ville,8,Chaud,Sydney
28,1978,Culture,2,Chaud,Barcelone
25,1395,Plage,11,Chaud,Bali
37,766,Culture,5,Froid,Londres
22,2254,Ville,22,Tempéré,Sydney
64,4742,Ville,3,Chaud,Rome
40,4798,Nature,19,Chaud,Sydney
23,4789,Nature,18,Tempéré,Sydney
33,696,Nature,22,Chaud,Bali
49,2983,Ville,12,Froid,Londres
45,1312,Nature,26,Froid,Rio de Janeiro
28,3012,Plage,27,Froid,Sydney
18,879,Culture,27,Chaud,Barcelone
46,517,Ville,18,Chaud,Sydney
58,3056,Aventure,11,Tempéré,Tokyo
53,2219,Aventure,17,Chaud,Rio de Janeiro
24,3687,Plage,4,Froid,Sydney
59,860,Nature,29,Chaud,Bali
69,4259,Nature,16,Tempéré,Sydney
45,1467,Plage,7,Froid,Rio de Janeiro
63,2195,Ville,20,Froid,Rome
29,517,Aventure,16,Tempéré,Tokyo
47,4300,Aventure,18,Chaud,Tokyo
57,1017,Ville,29,Chaud,Rome
44,4192,Ville,23,Froid,Londres
43,4171,Ville,18,Chaud,Sydney
44,4135,Plage,28,Froid,Sydney
48,2809,Aventure,25,Chaud,Rio de Janeiro
25,2195,Aventure,29,Chaud,Rio de Janeiro
30,1204,Ville,12,Tempéré,Rome
57,1131,Ville,2,Froid,Londres
29,2161,Plage,27,Chaud,Rio de Janeiro
49,4673,Nature,10,Chaud,Sydney
25,1255,Culture,10,Chaud,Rome
56,764,Ville,25,Tempéré,Paris
49,639,Aventure,24,Tempéré,Tokyo
24,4940,Aventure,11,Chaud,Rio de Janeiro
57,2777,Ville,5,Chaud,Rome
28,4490,Ville,23,Froid,New York
50,1192,Nature,15,Froid,Sydney
65,1112,Aventure,3,Tempéré,Tokyo
57,3392,Plage,9,Tempéré,Sydney
23,767,Aventure,22,Chaud,Rio de Janeiro
58,4088,Culture,2,Tempéré,Tokyo
67,4915,Culture,11,Tempéré,Tokyo
35,2010,Nature,9,Froid,Rio de Janeiro
35,1251,Ville,17,Chaud,Barcelone
59,3954,Ville,12,Chaud,Sydney
33,1090,Plage,10,Froid,Bali
45,4187,Aventure,26,Tempéré,New York
38,4191,Nature,26,Chaud,Sydney
34,552,Plage,15,Tempéré,Sydney
28,2990,Culture,10,Tempéré,Rome
58,2925,Ville,4,Tempéré,Rome
27,4439,Ville,27,Chaud,Sydney
46,2381,Plage,11,Tempéré,Sydney
61,842,Aventure,2,Chaud,Rio de Janeiro
23,3387,Culture,26,Tempéré,Tokyo
62,4124,Plage,23,Froid,Sydney
68,3400,Plage,14,Tempéré,Sydney
35,4452,Nature,7,Tempéré,Sydney
55,4224,Plage,29,Chaud,Sydney
66,4889,Ville,6,Froid,New York
56,3370,Nature,24,Tempéré,Sydney
30,3241,Plage,29,Froid,Sydney
44,4547,Aventure,17,Chaud,Tokyo
38,2034,Plage,16,Tempéré,Sydney
50,2944,Plage,16,Froid,Sydney
41,1550,Culture,17,Chaud,Le Caire
20,640,Culture,27,Tempéré,Tokyo
66,4746,Nature,3,Chaud,Sydney
38,2783,Nature,25,Chaud,Sydney
42,623,Aventure,29,Tempéré,New York
18,1255,Ville,15,Froid,Londres
61,4206,Nature,3,Froid,Sydney
26,674,Culture,5,Chaud,Barcelone
31,2703,Ville,20,Chaud,Sydney
63,4245,Nature,21,Tempéré,Sydney
57,928,Plage,7,Tempéré,Barcelone
31,1818,Plage,25,Froid,Barcelone
21,1840,Culture,10,Tempéré,Barcelone
64,1742,Plage,6,Tempéré,Barcelone
37,1974,Ville,10,Froid,Londres
30,2137,Culture,26,Chaud,Barcelone
69,4907,Plage,12,Froid,Bali
65,4860,Nature,25,Chaud,Sydney
55,3525,Plage,9,Froid,Londres
69,968,Nature,13,Chaud,Bali
51,4118,Plage,27,Tempéré,Sydney
18,3127,Culture,24,Chaud,Rome
33,3404,Plage,2,Tempéré,Sydney
47,4682,Nature,28,Chaud,Sydney
30,4525,Nature,14,Froid,Sydney
39,3661,Nature,19,Froid,Sydney
36,4995,Ville,3,Tempéré,Tokyo
41,1422,Aventure,25,Froid,New York
45,2094,Culture,17,Chaud,Rome
60,4920,Plage,28,Froid,Rio de Janeiro
60,2764,Ville,26,Tempéré,Londres
27,2661,Aventure,12,Chaud,Rio de Janeiro
65,4580,Culture,7,Tempéré,Rome
37,2390,Plage,5,Froid,Rio de Janeiro
41,3889,Aventure,14,Tempéré,Tokyo
61,2651,Ville,11,Tempéré,Rome
67,4579,Culture,12,Froid,Tokyo
45,4978,Nature,19,Froid,Sydney
61,645,Culture,15,Tempéré,Rome
48,3050,Plage,20,Tempéré,Sydney
55,1171,Plage,20,Froid,Barcelone
33,3024,Nature,12,Froid,Sydney
35,2836,Culture,13,Chaud,Rome
36,2507,Plage,11,Chaud,Sydney
55,4025,Culture,7,Froid,Londres
44,1618,Plage,9,Tempéré,Barcelone
55,2383,Ville,16,Tempéré,Rome
30,2174,Plage,4,Froid,Barcelone
31,3695,Culture,21,Tempéré,Tokyo
43,2437,Plage,4,Chaud,Barcelone
68,4398,Culture,12,Chaud,Le Caire
36,549,Plage,25,Chaud,Bali
37,4628,Aventure,9,Chaud,Rio de Janeiro
25,1511,Plage,28,Chaud,Barcelone
20,3419,Aventure,16,Froid,New York
52,2191,Plage,29,Froid,Bali
51,1953,Plage,29,Tempéré,Barcelone
50,2962,Culture,12,Tempéré,Londres
61,662,Plage,11,Tempéré,Sydney
64,2607,Ville,22,Froid,New York
64,2227,Aventure,25,Froid,New York
60,2651,Plage,18,Froid,Sydney
46,659,Aventure,11,Froid,New York
37,2690,Nature,4,Tempéré,Sydney
32,4823,Plage,5,Tempéré,Barcelone
40,3714,Plage,9,Chaud,Rio de Janeiro
50,4347,Ville,6,Froid,New York
67,1472,Aventure,8,Tempéré,Tokyo
47,1034,Plage,23,Froid,Barcelone
59,1322,Nature,22,Froid,Bali
58,4599,Culture,3,Tempéré,Tokyo
61,1960,Aventure,5,Froid,New York
52,3493,Aventure,26,Froid,New York
60,3315,Nature,15,Chaud,Sydney
69,3230,Aventure,10,Tempéré,New York
54,4093,Nature,29,Chaud,Sydney
37,2083,Plage,2,Chaud,Barcelone
57,3769,Plage,28,Froid,Londres
63,2127,Nature,5,Tempéré,Sydney
24,3195,Ville,5,Chaud,Sydney
41,567,Culture,21,Chaud,Barcelone
56,836,Plage,18,Froid,Bali
64,1287,Aventure,22,Chaud,Rio de Janeiro
51,2981,Plage,20,Chaud,Sydney
52,1546,Nature,4,Tempéré,Sydney
22,688,Nature,15,Tempéré,Sydney
27,2489,Ville,6,Chaud,Barcelone
49,4056,Culture,8,Chaud,Barcelone
58,2555,Aventure,28,Chaud,Rio de Janeiro
53,3172,Plage,25,Chaud,Sydney
36,1928,Ville,23,Froid,Londres
20,4146,Culture,28,Chaud,Barcelone
49,4329,Aventure,28,Froid,New York
24,4951,Culture,14,Froid,Tokyo
58,3538,Culture,4,Froid,Londres
29,4758,Nature,21,Chaud,Bali
64,4436,Culture,20,Tempéré,Tokyo
46,3310,Ville,28,Tempéré,New York
27,4169,Plage,7,Froid,Sydney
61,550,Nature,5,Chaud,Bali
58,2562,Ville,3,Chaud,Rome
27,1728,Aventure,15,Tempéré,Tokyo
51,2039,Aventure,21,Froid,New York
43,3455,Nature,2,Froid,Sydney
30,4806,Aventure,25,Froid,New York
47,707,Ville,13,Chaud,Rome
48,611,Ville,7,Chaud,Barcelone
47,545,Culture,13,Froid,Londres
56,3344,Plage,18,Tempéré,Sydney
69,906,Plage,24,Tempéré,Barcelone
29,4872,Aventure,8,Chaud,Rio de Janeiro
59,2883,Ville,16,Froid,Londres
33,2654,Nature,14,Froid,Rio de Janeiro
24,2332,Nature,24,Chaud,Sydney
34,3059,Ville,5,Chaud,Rome
30,4758,Nature,24,Chaud,Bali
53,4547,Nature,13,Froid,Bali
68,1963,Ville,14,Chaud,Rome
21,1156,Plage,18,Tempéré,Bali
49,770,Plage,28,Froid,Barcelone
63,4390,Aventure,14,Tempéré,Tokyo
28,2755,Culture,23,Froid,Londres
40,1630,Nature,12,Tempéré,Sydney
68,3322,Aventure,23,Tempéré,New York
64,1013,Ville,28,Froid,Rome
56,1421,Nature,12,Tempéré,Sydney
26,2398,Ville,5,Chaud,Rome
60,4412,Ville,23,Chaud,Sydney
28,4417,Nature,10,Froid,Sydney
66,1059,Nature,28,Froid,Rio de Janeiro
45,2770,Culture,5,Chaud,Barcelone
61,4251,Culture,18,Tempéré,Tokyo
49,941,Aventure,21,Froid,New York
61,4373,Aventure,20,Tempéré,New York
48,4336,Nature,6,Froid,Sydney
39,1817,Aventure,25,Tempéré,Tokyo
28,2999,Aventure,9,Froid,New York
62,640,Ville,21,Froid,Rome
42,2465,Culture,26,Chaud,Barcelone
56,1195,Nature,17,Chaud,Bali
56,3501,Plage,22,Chaud,Sydney
65,2800,Nature,15,Chaud,Rio de Janeiro
35,1786,Plage,8,Chaud,Barcelone
31,4480,Culture,4,Tempéré,Tokyo
55,657,Aventure,24,Tempéré,New York
68,1910,Plage,7,Tempéré,Barcelone
27,808,Aventure,19,Chaud,Rio de Janeiro
40,1787,Aventure,22,Tempéré,Tokyo
69,1238,Culture,13,Froid,Le Caire
63,3507,Culture,21,Tempéré,Rome
51,1462,Ville,2,Froid,Londres
49,2919,Culture,7,Froid,Londres
39,3371,Ville,10,Chaud,Rome
27,4946,Plage,3,Froid,Barcelone
42,3035,Ville,26,Froid,Londres
24,892,Ville,2,Chaud,Barcelone
67,2167,Culture,11,Tempéré,Rome
44,2996,Ville,17,Froid,New York
43,515,Plage,4,Chaud,Barcelone
57,3104,Culture,19,Chaud,Rome
23,524,Culture,24,Chaud,Barcelone
47,2245,Culture,5,Tempéré,Paris
18,3382,Ville,15,Froid,New York
40,4590,Ville,8,Froid,New York
48,3894,Plage,7,Tempéré,Sydney
38,2262,Aventure,5,Chaud,Rio de Janeiro
56,4873,Plage,24,Froid,Bali
45,2702,Ville,7,Chaud,Rome
40,1092,Ville,2,Froid,Londres
35,4529,Culture,14,Tempéré,Tokyo
54,544,Culture,10,Tempéré,Londres
26,3958,Nature,18,Froid,Sydney
31,3786,Ville,10,Chaud,Sydney
39,874,Ville,4,Froid,Barcelone
62,2255,Nature,24,Chaud,Sydney
26,2648,Plage,24,Tempéré,Sydney
50,2586,Culture,11,Tempéré,Paris
29,2656,Ville,17,Tempéré,Sydney
54,3865,Nature,24,Chaud,Sydney
57,4837,Ville,16,Chaud,Rome
67,3176,Culture,12,Froid,Londres
43,3734,Plage,14,Chaud,Sydney
38,4166,Nature,27,Froid,Sydney
19,2625,Plage,14,Chaud,Rio de Janeiro
38,1922,Aventure,19,Chaud,Rio de Janeiro
46,995,Culture,8,Chaud,Barcelone
44,1572,Nature,6,Froid,Rio de Janeiro
46,3360,Nature,23,Froid,Sydney
60,4366,Ville,2,Tempéré,Sydney
34,2241,Plage,2,Chaud,Barcelone
36,4082,Nature,13,Froid,Sydney
41,597,Ville,29,Chaud,Barcelone
50,3438,Aventure,21,Chaud,Tokyo
69,1348,Nature,16,Chaud,Bali
42,1507,Ville,26,Tempéré,Barcelone
46,1450,Nature,16,Froid,Bali
35,3566,Plage,16,Chaud,Sydney
38,3202,Plage,25,Froid,Sydney
51,2697,Plage,4,Chaud,Barcelone
66,3973,Ville,6,Tempéré,Londres
18,4921,Nature,29,Chaud,Bali
60,2138,Aventure,8,Tempéré,Tokyo
58,3943,Nature,11,Tempéré,Sydney
39,1141,Ville,10,Froid,Londres
60,2701,Plage,25,Chaud,Sydney
60,1337,Culture,11,Tempéré,Rome
67,4455,Ville,4,Froid,New York
62,1684,Culture,13,Tempéré,Rome
48,2707,Plage,12,Chaud,Sydney
65,552,Aventure,20,Tempéré,Tokyo
52,3462,Nature,14,Tempéré,Sydney
65,2541,Ville,20,Tempéré,Rome
22,3654,Plage,12,Tempéré,Sydney
47,1837,Plage,21,Chaud,Barcelone
49,4381,Plage,20,Tempéré,Sydney
22,4072,Nature,28,Froid,Sydney
37,4308,Plage,26,Chaud,Sydney
66,662,Culture,13,Chaud,Le Caire
52,2029,Nature,18,Froid,Bali
49,4848,Ville,27,Tempéré,Tokyo
35,2943,Nature,9,Froid,Sydney
47,4297,Aventure,6,Tempéré,New York
35,4426,Aventure,3,Tempéré,Tokyo
21,2181,Aventure,7,Tempéré,New York
67,4838,Plage,25,Tempéré,Sydney
67,2777,Plage,7,Froid,Barcelone
30,564,Culture,21,Chaud,Le Caire
64,1839,Culture,10,Tempéré,Rome
29,1170,Plage,26,Chaud,Barcelone
47,2742,Plage,4,Tempéré,Barcelone
56,1754,Culture,4,Tempéré,Rome
37,2654,Ville,3,Chaud,Barcelone
43,4900,Nature,16,Froid,Sydney
50,2967,Culture,16,Chaud,Barcelone
26,2447,Aventure,23,Chaud,Rio de Janeiro
34,2757,Culture,15,Chaud,Barcelone
28,1524,Aventure,18,Froid,New York
33,653,Aventure,22,Tempéré,New York
55,1406,Nature,6,Tempéré,Rio de Janeiro
50,768,Plage,23,Tempéré,Sydney
68,1312,Culture,6,Tempéré,Barcelone
30,2318,Ville,26,Froid,Londres
28,1790,Culture,6,Tempéré,Paris
24,2335,Ville,12,Froid,Londres
66,1928,Nature,3,Chaud,Bali
25,3561,Nature,28,Froid,Sydney
64,3471,Culture,15,Froid,Londres
53,4062,Aventure,4,Froid,New York
64,3587,Culture,5,Tempéré,Paris
50,1719,Plage,14,Tempéré,Barcelone
39,3025,Ville,5,Chaud,Rome
46,1875,Plage,18,Froid,Barcelone
38,3078,Nature,14,Froid,Sydney
45,595,Ville,12,Froid,Londres
21,3405,Culture,17,Froid,Londres
43,2894,Ville,16,Chaud,Sydney
53,3173,Nature,16,Chaud,Sydney
67,2429,Culture,13,Tempéré,Paris
34,1714,Nature,2,Chaud,Rio de Janeiro
54,1907,Ville,23,Tempéré,Rome
67,3591,Nature,15,Froid,Sydney
23,3575,Ville,4,Tempéré,New York
39,3540,Nature,9,Tempéré,Sydney
33,1417,Plage,10,Chaud,Barcelone
30,2545,Plage,11,Chaud,Rio de Janeiro
34,4806,Plage,10,Tempéré,Sydney
34,2848,Ville,24,Tempéré,Rome
22,1651,Ville,24,Tempéré,Barcelone
52,2900,Culture,14,Froid,Londres
45,3401,Plage,14,Chaud,Sydney
63,3054,Nature,17,Tempéré,Sydney
49,2879,Ville,11,Froid,Londres
41,712,Aventure,15,Tempéré,Tokyo
38,3057,Culture,10,Froid,Londres
21,788,Nature,4,Chaud,Bali
65,1846,Ville,5,Tempéré,Rome
40,3551,Aventure,8,Chaud,Rio de Janeiro
18,4895,Aventure,27,Froid,New York
47,2114,Ville,12,Tempéré,Londres
43,4789,Aventure,5,Chaud,Rio de Janeiro
31,3272,Ville,22,Tempéré,Sydney
58,4563,Aventure,2,Chaud,Rio de Janeiro
23,2175,Nature,24,Tempéré,Sydney
36,4049,Aventure,8,Chaud,Rio de Janeiro
20,501,Culture,19,Froid,Tokyo
18,3232,Nature,18,Tempéré,Sydney
48,4524,Plage,8,Froid,New York
68,974,Aventure,2,Chaud,Rio de Janeiro
63,672,Ville,20,Chaud,Rome
69,1561,Aventure,19,Chaud,Rio de Janeiro
50,4785,Aventure,11,Froid,New York
29,3372,Plage,15,Chaud,Sydney
20,3450,Plage,5,Chaud,Rio de Janeiro
18,4998,Plage,19,Chaud,Bali
31,1052,Ville,10,Froid,Londres
35,4058,Ville,2,Froid,New York
31,2839,Culture,29,Tempéré,Paris
20,2625,Nature,29,Chaud,Rio de Janeiro
61,3797,Aventure,12,Froid,New York
59,922,Ville,26,Tempéré,Barcelone
41,4466,Aventure,3,Tempéré,Tokyo
66,1996,Ville,26,Froid,Londres
45,1678,Ville,26,Tempéré,Paris
65,1768,Ville,8,Froid,Londres
59,4891,Ville,4,Froid,Londres
20,869,Nature,5,Froid,Rio de Janeiro
39,1474,Nature,10,Chaud,Rio de Janeiro
37,2937,Nature,8,Froid,Rio de Janeiro
19,2712,Nature,21,Froid,Rio de Janeiro
24,3561,Ville,20,Tempéré,Tokyo
28,3226,Culture,22,Tempéré,Londres
24,2527,Plage,19,Tempéré,Sydney
27,4155,Aventure,5,Chaud,Rio de Janeiro
69,3857,Plage,9,Tempéré,Sydney
30,4890,Plage,19,Tempéré,Sydney
65,887,Nature,11,Froid,Bali
65,2272,Nature,3,Chaud,Rio de Janeiro
47,1306,Nature,28,Tempéré,Sydney
37,1121,Culture,21,Froid,Londres
30,4065,Nature,23,Tempéré,Sydney
20,1094,Culture,18,Chaud,Barcelone
34,2345,Nature,22,Chaud,Sydney
59,3821,Nature,17,Chaud,Sydney
18,1728,Ville,21,Tempéré,Paris
45,2657,Ville,13,Chaud,Rome
69,3542,Culture,29,Froid,Londres
34,1446,Aventure,5,Froid,New York
67,2769,Aventure,6,Froid,New York
56,3126,Nature,2,Chaud,Sydney
63,4756,Nature,15,Chaud,Sydney
24,3283,Nature,23,Froid,Sydney
42,1705,Nature,4,Froid,Rio de Janeiro
49,3146,Ville,17,Tempéré,Tokyo
68,1954,Culture,26,Froid,Londres
46,988,Culture,11,Tempéré,Barcelone
33,938,Aventure,2,Froid,New York
36,3292,Ville,6,Froid,Londres
55,4090,Nature,29,Froid,New York
67,2215,Ville,11,Tempéré,Paris
51,4974,Ville,4,Tempéré,New York
19,2479,Aventure,28,Froid,Rio de Janeiro
61,4727,Aventure,19,Froid,New York
21,1390,Nature,19,Tempéré,Sydney
46,2487,Aventure,6,Chaud,Rio de Janeiro
29,4846,Plage,24,Chaud,Sydney
27,2244,Ville,3,Chaud,Barcelone
20,901,Plage,7,Tempéré,Barcelone
50,1394,Aventure,5,Chaud,Rio de Janeiro
51,614,Aventure,23,Chaud,Rio de Janeiro
69,1449,Ville,25,Chaud,Barcelone
51,1467,Culture,9,Froid,Londres
21,3359,Ville,19,Chaud,Sydney
27,2998,Aventure,29,Chaud,Rio de Janeiro
44,1936,Culture,28,Tempéré,Londres
49,3934,Aventure,13,Froid,New York
33,4174,Ville,13,Tempéré,Sydney
43,2337,Aventure,2,Froid,New York
20,3386,Aventure,28,Tempéré,Tokyo
28,1239,Plage,23,Froid,Barcelone
52,2402,Plage,10,Chaud,Barcelone
68,654,Plage,9,Tempéré,Barcelone
58,4504,Plage,26,Chaud,Bali
22,4026,Nature,14,Tempéré,Sydney
49,3672,Nature,7,Froid,Sydney
22,2601,Culture,14,Froid,Londres
60,2681,Plage,16,Froid,Sydney
32,3548,Ville,13,Froid,New York
44,3541,Aventure,19,Chaud,Rio de Janeiro
41,3715,Ville,14,Tempéré,Sydney
69,1963,Nature,6,Froid,Rio de Janeiro
58,1651,Plage,28,Tempéré,Barcelone
52,1694,Nature,21,Froid,Bali
52,1481,Ville,7,Tempéré,Rome
68,3111,Nature,21,Chaud,Sydney
46,4818,Nature,5,Chaud,Sydney
28,4743,Plage,27,Chaud,Bali
31,3086,Culture,11,Froid,Londres
37,1448,Plage,19,Chaud,Bali
31,2573,Nature,13,Tempéré,Sydney
38,1162,Ville,23,Tempéré,Barcelone
51,3028,Culture,16,Tempéré,Paris
32,1724,Nature,15,Tempéré,Sydney
54,696,Aventure,18,Tempéré,Tokyo
37,1793,Plage,6,Chaud,Rio de Janeiro
54,2201,Plage,13,Froid,Sydney
46,2925,Plage,18,Tempéré,Sydney
30,2435,Plage,9,Tempéré,Barcelone
19,910,Ville,7,Froid,New York
58,4705,Culture,11,Chaud,Le Caire
23,2757,Aventure,24,Froid,New York
65,2425,Culture,11,Froid,Londres
59,2291,Nature,7,Froid,Bali
69,1808,Ville,17,Froid,Londres
41,2259,Culture,27,Tempéré,Paris
33,2345,Plage,22,Chaud,Sydney
35,2799,Aventure,21,Tempéré,New York
36,2333,Plage,24,Chaud,Bali
37,2020,Plage,2,Froid,Barcelone
69,1916,Aventure,29,Froid,New York
57,4666,Plage,7,Froid,Barcelone
27,1146,Culture,21,Froid,Rome
61,928,Plage,29,Chaud,Barcelone
21,4719,Plage,3,Tempéré,Barcelone
22,859,Ville,13,Tempéré,Barcelone
63,1127,Nature,3,Tempéré,Sydney
58,3668,Ville,10,Froid,Londres
54,1741,Nature,22,Chaud,Bali
59,2664,Nature,10,Chaud,Sydney
57,856,Culture,19,Chaud,Le Caire
40,2528,Ville,29,Froid,Londres
39,1331,Aventure,8,Chaud,Rio de Janeiro
65,4899,Ville,6,Chaud,Rome
46,1668,Aventure,15,Tempéré,Tokyo
63,2232,Aventure,5,Froid,New York
22,2020,Ville,10,Chaud,Sydney
37,3519,Plage,19,Chaud,Sydney
46,1494,Plage,4,Froid,Barcelone
18,4895,Culture,11,Chaud,Rome
36,2710,Plage,29,Chaud,Barcelone
68,2294,Ville,28,Froid,Londres
32,4422,Nature,9,Froid,Sydney
42,1061,Plage,17,Tempéré,Sydney
26,3632,Plage,21,Froid,Sydney
46,1044,Ville,18,Tempéré,Rome
44,3513,Aventure,20,Tempéré,Tokyo
64,3628,Aventure,29,Froid,New York
69,3887,Aventure,22,Tempéré,Tokyo
63,4449,Ville,23,Froid,New York
21,3031,Plage,23,Chaud,Sydney
55,1138,Ville,3,Chaud,Rome
68,3046,Culture,17,Froid,Londres
48,1519,Culture,16,Tempéré,Paris
66,2735,Aventure,18,Froid,New York
46,1033,Culture,25,Froid,Le Caire
31,1183,Nature,23,Tempéré,Sydney
61,781,Aventure,20,Tempéré,Tokyo
47,4372,Plage,17,Froid,Sydney
22,3579,Culture,25,Tempéré,Tokyo
38,734,Nature,12,Tempéré,Sydney
48,1630,Plage,20,Froid,Sydney
31,1421,Culture,13,Tempéré,Rome
65,3643,Aventure,17,Froid,New York
44,3319,Aventure,28,Tempéré,New York
24,1389,Ville,26,Froid,New York
19,1203,Ville,20,Froid,New York
64,4063,Nature,6,Chaud,Sydney
23,2665,Culture,17,Chaud,Barcelone
55,4298,Aventure,4,Froid,New York
24,4394,Culture,11,Chaud,Barcelone
28,3042,Culture,9,Froid,Londres
60,3792,Aventure,20,Chaud,Rio de Janeiro
37,3571,Ville,5,Froid,Londres
63,1076,Ville,29,Chaud,Rome
59,1669,Ville,14,Tempéré,Rome
30,711,Plage,2,Chaud,Rio de Janeiro
28,3731,Plage,2,Froid,Sydney
29,3741,Nature,5,Froid,Sydney
32,3999,Aventure,19,Chaud,Rio de Janeiro
38,740,Culture,14,Chaud,Rome
61,1041,Nature,9,Froid,Bali
35,4397,Aventure,12,Chaud,Rio de Janeiro
66,1520,Culture,28,Tempéré,Londres
18,3388,Ville,21,Chaud,Sydney
60,3517,Aventure,19,Chaud,Rio de Janeiro
52,4965,Culture,2,Chaud,Rome
42,1699,Aventure,8,Tempéré,New York
36,4001,Aventure,16,Tempéré,Tokyo
41,1054,Culture,7,Chaud,Le Caire
40,2844,Nature,9,Chaud,Rio de Janeiro
19,2397,Ville,3,Tempéré,Barcelone
45,2765,Ville,7,Tempéré,Barcelone
25,567,Plage,18,Froid,Bali
36,3923,Culture,9,Chaud,Rome
40,2476,Culture,6,Tempéré,Londres
43,1472,Culture,26,Chaud,Le Caire
42,4766,Culture,2,Tempéré,Tokyo
40,1366,Culture,28,Chaud,Barcelone
42,4604,Aventure,11,Froid,New York
18,3753,Culture,28,Chaud,Le Caire
61,4176,Plage,25,Tempéré,Sydney
49,1575,Culture,21,Chaud,Barcelone
32,3178,Ville,24,Chaud,Sydney
57,3927,Culture,12,Tempéré,Londres
42,2869,Culture,11,Tempéré,Paris
49,2013,Nature,2,Chaud,Sydney
37,4716,Ville,5,Chaud,Rome
52,1075,Nature,14,Froid,Rio de Janeiro
33,1106,Culture,7,Tempéré,Barcelone
35,4732,Aventure,28,Froid,New York
47,3687,Nature,3,Chaud,Sydney
49,3592,Nature,27,Tempéré,Sydney
51,1128,Nature,25,Froid,Rio de Janeiro
29,1745,Nature,26,Froid,Bali
41,2615,Aventure,2,Chaud,Rio de Janeiro
26,2908,Plage,21,Tempéré,Sydney
19,4735,Culture,26,Froid,Londres
44,3432,Aventure,3,Chaud,Rio de Janeiro
35,2231,Aventure,28,Chaud,Rio de Janeiro
29,2623,Ville,20,Chaud,Sydney
61,1747,Aventure,7,Froid,New York
43,1486,Culture,10,Chaud,Le Caire
26,1804,Ville,11,Tempéré,Rome
68,4858,Culture,4,Chaud,Le Caire
49,2182,Culture,22,Tempéré,Londres
40,2339,Culture,25,Tempéré,Paris
42,1502,Nature,29,Chaud,Rio de Janeiro
41,1933,Aventure,15,Froid,New York
26,2721,Plage,13,Tempéré,Sydney
19,830,Aventure,28,Chaud,Rio de Janeiro
64,2696,Culture,5,Froid,Londres
43,2939,Plage,23,Froid,Sydney
23,3892,Plage,22,Froid,Sydney
67,1314,Culture,4,Tempéré,Rome
33,4809,Ville,7,Froid,New York
41,769,Ville,2,Froid,Londres
42,1794,Plage,19,Tempéré,Barcelone
23,4100,Culture,17,Froid,Tokyo
48,630,Aventure,20,Chaud,Rio de Janeiro
34,1091,Aventure,23,Chaud,Rio de Janeiro
66,4657,Plage,26,Froid,Rio de Janeiro
25,4436,Aventure,15,Chaud,Rio de Janeiro
46,535,Aventure,24,Froid,New York
42,944,Plage,2,Tempéré,Barcelone
45,833,Plage,27,Tempéré,Barcelone
30,594,Culture,7,Chaud,Le Caire
29,1052,Nature,9,Froid,Bali
40,4142,Aventure,16,Froid,New York
50,1999,Aventure,20,Chaud,Rio de Janeiro
38,3796,Plage,25,Froid,Sydney
20,1175,Ville,21,Froid,New York
60,3028,Culture,29,Froid,Londres
39,1695,Aventure,13,Froid,Rio de Janeiro
62,2378,Culture,10,Chaud,Rome
47,2825,Aventure,27,Chaud,Rio de Janeiro
46,2805,Aventure,13,Chaud,Rio de Janeiro
62,829,Ville,29,Chaud,Rome
33,2656,Aventure,11,Froid,New York
30,1762,Nature,10,Froid,Rio de Janeiro
18,4849,Nature,29,Tempéré,Sydney
18,4048,Culture,3,Tempéré,Tokyo
30,1826,Aventure,29,Tempéré,New York
38,4474,Nature,5,Tempéré,Sydney
48,1263,Aventure,8,Chaud,Rio de Janeiro
50,1299,Culture,4,Chaud,Barcelone
59,1662,Ville,21,Chaud,Rome
27,4094,Culture,16,Tempéré,Tokyo
62,1807,Nature,25,Chaud,Rio de Janeiro
69,833,Nature,20,Froid,Bali
63,1522,Culture,29,Tempéré,Rome
46,1823,Nature,14,Tempéré,Sydney
23,4201,Ville,15,Froid,New York
37,3044,Aventure,25,Chaud,Rio de Janeiro
35,3892,Plage,29,Chaud,Sydney
57,1044,Ville,2,Tempéré,Rome
39,4394,Nature,28,Chaud,Sydney
46,3181,Culture,12,Tempéré,Paris
54,2546,Aventure,23,Froid,New York
26,1035,Ville,23,Tempéré,Barcelone
64,4226,Plage,15,Chaud,Sydney
61,4344,Culture,2,Chaud,Le Caire
65,4107,Aventure,25,Froid,New York
47,2021,Nature,3,Tempéré,Sydney
19,677,Ville,8,Tempéré,New York
26,4337,Ville,3,Chaud,Sydney
66,2156,Culture,18,Tempéré,Paris
50,3684,Plage,4,Chaud,Sydney
48,2223,Plage,7,Chaud,Barcelone
22,3373,Plage,9,Tempéré,Sydney
32,831,Ville,25,Chaud,Barcelone
22,3233,Ville,7,Chaud,Sydney
52,2611,Aventure,28,Froid,New York
29,1965,Aventure,24,Tempéré,Tokyo
21,3601,Ville,26,Chaud,Sydney
68,2571,Culture,2,Tempéré,Paris
20,1990,Plage,8,Tempéré,Barcelone
56,1755,Plage,4,Tempéré,Barcelone
22,2777,Culture,29,Froid,Londres
58,4178,Plage,4,Chaud,Sydney
27,1607,Ville,8,Froid,Londres
20,3598,Culture,20,Chaud,Tokyo
23,3241,Nature,27,Tempéré,Sydney
38,2118,Aventure,3,Tempéré,Tokyo
28,3901,Nature,17,Froid,Sydney
53,817,Nature,6,Froid,Rio de Janeiro
39,1526,Plage,29,Chaud,Rio de Janeiro
43,2319,Plage,28,Chaud,Barcelone
39,4849,Plage,25,Froid,Sydney
56,3081,Culture,15,Chaud,Rome
62,3878,Aventure,13,Chaud,Rio de Janeiro
36,1028,Culture,6,Chaud,Rome
43,1446,Aventure,2,Chaud,Rio de Janeiro
18,1503,Nature,28,Tempéré,Rio de Janeiro
66,1406,Culture,12,Froid,Le Caire
63,3710,Plage,19,Froid,Sydney
46,4460,Plage,16,Froid,Sydney
68,4305,Ville,26,Chaud,Sydney
49,3635,Aventure,21,Froid,New York
56,1240,Plage,16,Chaud,Bali
69,1293,Aventure,17,Froid,New York
34,2478,Nature,10,Tempéré,Sydney
39,3651,Aventure,3,Chaud,Rio de Janeiro
60,1011,Culture,10,Tempéré,Rome
43,1160,Plage,24,Chaud,Barcelone
68,1538,Nature,8,Tempéré,Sydney
43,4713,Nature,13,Chaud,Rio de Janeiro
55,2526,Nature,8,Chaud,Rio de Janeiro
25,4595,Culture,14,Tempéré,Tokyo
49,4187,Nature,23,Tempéré,Sydney
56,3297,Culture,18,Tempéré,Rome
42,3004,Ville,27,Tempéré,Paris
66,2479,Nature,27,Chaud,Rio de Janeiro
68,2224,Plage,15,Chaud,Rio de Janeiro
67,4482,Nature,12,Tempéré,Sydney
30,3579,Plage,10,Tempéré,Sydney
69,1779,Nature,20,Tempéré,Sydney
39,3725,Plage,25,Chaud,Sydney
38,1030,Plage,16,Froid,Bali
35,2771,Nature,21,Chaud,Sydney
32,2232,Culture,8,Chaud,Rome
21,4866,Aventure,4,Froid,New York
32,555,Ville,15,Chaud,Sydney
33,2350,Ville,25,Chaud,Sydney
45,2405,Plage,5,Tempéré,Barcelone
19,1144,Culture,3,Tempéré,Barcelone
53,4854,Culture,10,Chaud,Le Caire
49,2223,Nature,2,Chaud,Sydney
67,2539,Plage,2,Froid,Sydney
28,1405,Plage,9,Chaud,Rio de Janeiro
38,4369,Culture,18,Chaud,Le Caire
44,682,Plage,23,Froid,Sydney
38,1995,Culture,5,Chaud,Rome
31,4331,Plage,15,Froid,Sydney
32,2840,Plage,20,Chaud,Sydney
66,2946,Aventure,18,Chaud,Rio de Janeiro
22,3241,Culture,10,Chaud,Rome
19,1780,Aventure,16,Froid,Rio de Janeiro
44,2083,Culture,6,Chaud,Barcelone
36,2007,Aventure,2,Tempéré,New York
45,1014,Culture,5,Chaud,Barcelone
43,4064,Aventure,18,Froid,New York
61,2636,Ville,11,Froid,Londres
44,937,Plage,16,Tempéré,Barcelone
44,1318,Aventure,11,Tempéré,New York
55,2713,Aventure,24,Chaud,Rio de Janeiro
51,2355,Ville,20,Chaud,Rome
55,4791,Culture,14,Chaud,Rome
44,3557,Aventure,5,Tempéré,New York
25,4453,Plage,21,Tempéré,Sydney
54,2399,Ville,28,Chaud,Rome
31,2968,Nature,22,Froid,Sydney
58,4195,Culture,23,Tempéré,Tokyo
38,4028,Plage,3,Chaud,Sydney
21,1756,Plage,15,Tempéré,Barcelone
63,4890,Aventure,9,Tempéré,Tokyo
22,2805,Plage,13,Chaud,Rio de Janeiro
22,3781,Nature,19,Tempéré,Sydney
34,2220,Aventure,22,Tempéré,Tokyo
53,3905,Ville,26,Froid,Londres
18,3627,Plage,9,Tempéré,Sydney
57,537,Aventure,22,Tempéré,Tokyo
32,4262,Plage,19,Chaud,Sydney
50,1024,Culture,24,Chaud,Rome
48,3733,Nature,8,Chaud,Sydney
59,1158,Ville,23,Tempéré,Rome
31,4031,Aventure,5,Tempéré,New York
34,2195,Ville,9,Chaud,Rome
45,4641,Aventure,24,Tempéré,Tokyo
69,2149,Culture,19,Froid,Londres
48,2594,Plage,2,Chaud,Barcelone
25,3455,Culture,23,Tempéré,Tokyo
18,4520,Aventure,8,Chaud,Rio de Janeiro
43,670,Nature,4,Froid,Bali
44,730,Ville,4,Froid,New York
20,2210,Aventure,18,Tempéré,Tokyo
67,3683,Aventure,22,Chaud,Rio de Janeiro
61,3668,Ville,5,Tempéré,New York
34,3644,Nature,14,Froid,Sydney
61,2367,Nature,24,Chaud,Sydney
45,2414,Plage,21,Froid,Rio de Janeiro
61,1513,Aventure,12,Chaud,Rio de Janeiro
25,3434,Culture,13,Froid,Londres
25,3148,Culture,26,Tempéré,Rome
42,1026,Plage,19,Froid,Rio de Janeiro
45,4092,Aventure,16,Tempéré,Tokyo
40,1517,Aventure,29,Chaud,Rio de Janeiro
67,2921,Ville,13,Chaud,Sydney
37,824,Nature,8,Chaud,Bali
61,4557,Plage,9,Tempéré,Barcelone
52,1100,Plage,9,Tempéré,Barcelone
37,3625,Aventure,24,Tempéré,New York
23,793,Nature,22,Chaud,Rio de Janeiro
23,1689,Ville,10,Tempéré,Barcelone
51,846,Ville,7,Chaud,Rome
26,1942,Culture,3,Froid,Londres
44,3498,Nature,21,Tempéré,Sydney
53,4149,Aventure,25,Chaud,New York
34,4899,Plage,9,Chaud,Bali
63,2461,Aventure,11,Chaud,Rio de Janeiro
25,3730,Aventure,28,Chaud,Rio de Janeiro
38,807,Culture,14,Tempéré,Barcelone
49,2581,Plage,16,Tempéré,Sydney
20,4136,Aventure,5,Tempéré,New York
23,3089,Culture,18,Froid,Londres
32,1775,Aventure,7,Chaud,Rio de Janeiro
59,2589,Culture,27,Chaud,Rome
53,708,Ville,20,Chaud,Rome
49,4238,Plage,21,Tempéré,Sydney
67,1766,Nature,20,Chaud,Bali
69,550,Plage,17,Froid,Bali
69,2053,Nature,10,Tempéré,Sydney
40,3601,Culture,14,Froid,Londres
40,4950,Plage,26,Tempéré,Sydney
31,4817,Plage,10,Froid,Bali
53,1250,Aventure,16,Tempéré,New York
58,1801,Culture,17,Chaud,Le Caire
67,3138,Plage,17,Tempéré,Sydney
35,2137,Aventure,15,Chaud,Rio de Janeiro
49,2964,Culture,24,Tempéré,Rome
43,1940,Aventure,14,Tempéré,Tokyo
53,2970,Nature,23,Chaud,Sydney
41,3275,Nature,27,Chaud,Sydney
66,3239,Plage,7,Froid,Sydney
67,4629,Plage,21,Froid,Bali
52,4545,Aventure,20,Tempéré,New York
42,1519,Nature,14,Tempéré,Sydney
57,3263,Plage,11,Tempéré,Sydney
61,4337,Ville,24,Chaud,Sydney
49,3380,Aventure,17,Froid,New York
62,3356,Ville,24,Chaud,Rome
39,2370,Culture,28,Tempéré,Paris
52,3513,Nature,12,Chaud,Sydney
25,4780,Nature,26,Tempéré,Sydney
21,1460,Ville,8,Tempéré,Barcelone
54,1781,Plage,12,Froid,Bali
31,2656,Aventure,5,Chaud,Rio de Janeiro
49,2948,Ville,7,Froid,New York
56,3353,Ville,10,Chaud,Rome
31,1878,Ville,8,Froid,Londres
20,4800,Nature,28,Froid,Bali
40,2585,Aventure,10,Tempéré,New York
45,4753,Nature,7,Froid,Rio de Janeiro
30,1618,Plage,4,Chaud,Bali
43,1947,Ville,8,Tempéré,Londres
19,4822,Culture,22,Tempéré,Tokyo
48,1585,Aventure,12,Tempéré,Tokyo
55,3663,Culture,10,Chaud,Le Caire
45,4814,Aventure,17,Froid,New York
59,2339,Culture,21,Froid,Londres
59,1993,Culture,13,Chaud,Rome
43,1921,Ville,25,Chaud,Barcelone
19,2041,Ville,18,Tempéré,Sydney
21,2382,Plage,26,Tempéré,Barcelone
48,2935,Aventure,3,Tempéré,New York
59,1092,Culture,3,Froid,Londres
24,795,Nature,19,Froid,Bali
59,4271,Nature,19,Froid,Sydney
63,2758,Ville,11,Froid,Londres
37,586,Ville,9,Tempéré,Tokyo
65,3881,Plage,7,Tempéré,Sydney
55,3168,Aventure,20,Froid,New York
28,4628,Plage,9,Tempéré,Barcelone
63,3721,Nature,2,Tempéré,Sydney
46,2676,Nature,16,Tempéré,Sydney
27,3819,Aventure,16,Tempéré,Tokyo
42,3796,Ville,24,Chaud,Sydney
22,4278,Aventure,24,Chaud,Rio de Janeiro
37,3880,Nature,19,Tempéré,Sydney
47,2729,Culture,21,Tempéré,Rome
37,2659,Plage,23,Tempéré,Barcelone
64,3397,Plage,14,Froid,Sydney
35,4705,Ville,27,Tempéré,Tokyo
61,1385,Plage,29,Froid,Bali
46,773,Aventure,23,Chaud,Rio de Janeiro
59,1527,Culture,26,Froid,Londres
36,2542,Aventure,23,Tempéré,New York
63,1471,Ville,24,Tempéré,Rome
49,2904,Aventure,3,Froid,New York
42,604,Plage,16,Froid,Rio de Janeiro
36,3482,Aventure,12,Froid,New York
64,1854,Nature,6,Chaud,Rio de Janeiro
19,3760,Ville,14,Froid,New York
18,4114,Culture,21,Tempéré,Tokyo
50,762,Ville,15,Chaud,Barcelone
53,4775,Plage,22,Tempéré,Sydney
25,1385,Nature,11,Chaud,Bali
47,2627,Nature,2,Chaud,Sydney
21,3739,Ville,23,Tempéré,Sydney
54,1996,Culture,15,Froid,Londres
69,1200,Nature,16,Chaud,Bali
39,4759,Plage,10,Tempéré,Sydney
34,4922,Aventure,13,Chaud,Rio de Janeiro
24,1808,Culture,20,Froid,Londres
18,2941,Nature,7,Chaud,Rio de Janeiro
46,3525,Nature,18,Froid,Sydney
58,4126,Culture,27,Chaud,Rome
69,3589,Nature,16,Chaud,Sydney
18,4256,Plage,8,Froid,Rio de Janeiro
26,4925,Ville,25,Chaud,Sydney
62,3205,Culture,15,Chaud,Rome
63,2298,Plage,28,Chaud,Sydney
37,2929,Culture,18,Froid,Londres
61,839,Ville,4,Tempéré,Rome
29,3683,Ville,29,Tempéré,Londres
39,4639,Aventure,7,Chaud,Rio de Janeiro
52,1393,Nature,7,Tempéré,Rio de Janeiro
43,4269,Plage,18,Chaud,Sydney
60,975,Plage,22,Chaud,Rio de Janeiro
63,1682,Culture,14,Chaud,Rome
56,3549,Ville,8,Froid,Londres
38,2558,Nature,5,Tempéré,Sydney
32,1892,Plage,21,Tempéré,Barcelone
58,3716,Nature,21,Froid,Londres
42,3882,Aventure,3,Chaud,Rio de Janeiro
61,2498,Plage,24,Froid,Sydney
50,696,Nature,11,Chaud,Bali
35,4523,Ville,22,Froid,New York
26,4672,Plage,3,Froid,Rio de Janeiro
57,1603,Aventure,24,Tempéré,New York
48,2042,Ville,26,Tempéré,Rome
39,2308,Aventure,5,Tempéré,New York
28,2398,Aventure,8,Froid,New York
21,2013,Ville,12,Froid,Londres
55,2507,Nature,27,Tempéré,Sydney
45,4629,Aventure,8,Chaud,Tokyo
62,3710,Nature,3,Froid,Sydney
58,3919,Aventure,25,Chaud,Rio de Janeiro
25,660,Plage,7,Tempéré,Barcelone
33,3081,Aventure,9,Chaud,Rio de Janeiro
25,2006,Nature,14,Tempéré,Sydney
27,3568,Aventure,29,Chaud,Rio de Janeiro
45,3321,Ville,22,Chaud,Sydney
42,3843,Nature,28,Chaud,Sydney
64,3488,Ville,10,Froid,Londres
28,824,Culture,22,Tempéré,Barcelone
18,1917,Nature,22,Chaud,Rio de Janeiro
25,1735,Nature,18,Froid,Bali
50,3859,Nature,4,Froid,Londres
42,4308,Aventure,4,Tempéré,New York
42,3570,Ville,21,Froid,Londres
37,1870,Nature,14,Tempéré,Sydney
21,2433,Ville,13,Tempéré,Sydney
61,1267,Nature,6,Tempéré,Rio de Janeiro
50,4571,Culture,13,Froid,Tokyo
48,1611,Plage,15,Froid,Barcelone
29,2732,Plage,10,Chaud,Rio de Janeiro
44,4227,Ville,25,Tempéré,Sydney
43,1086,Nature,24,Froid,Rio de Janeiro
22,4114,Culture,29,Chaud,Barcelone
43,1967,Culture,29,Froid,Londres
41,4175,Aventure,25,Tempéré,Tokyo
46,4547,Ville,22,Chaud,Barcelone
40,1618,Plage,17,Froid,Rio de Janeiro
46,3213,Aventure,14,Tempéré,Tokyo
31,704,Aventure,5,Tempéré,New York
65,2782,Culture,16,Froid,Londres
40,4046,Ville,20,Froid,New York
55,4067,Culture,19,Tempéré,Tokyo
51,2973,Plage,24,Tempéré,Sydney
62,1974,Aventure,12,Tempéré,Tokyo
39,1836,Ville,15,Chaud,Rome
46,2136,Nature,28,Froid,Sydney
65,739,Plage,28,Froid,Bali
55,4423,Plage,10,Froid,New York
44,1694,Aventure,23,Froid,New York
44,1420,Plage,18,Froid,Barcelone
25,4673,Culture,29,Froid,Londres
31,1481,Ville,6,Tempéré,Barcelone
29,1489,Culture,23,Tempéré,Rome
27,2876,Plage,27,Tempéré,Sydney
44,4729,Culture,22,Tempéré,Tokyo
66,3346,Nature,23,Tempéré,Sydney
45,745,Ville,27,Froid,New York
33,1301,Aventure,26,Froid,New York
30,1926,Plage,18,Tempéré,Barcelone
23,4422,Aventure,17,Chaud,Tokyo
29,2339,Culture,7,Tempéré,Londres
35,1059,Ville,5,Froid,New York
31,1892,Culture,3,Froid,Londres
36,2718,Plage,28,Tempéré,Barcelone
54,3570,Aventure,21,Tempéré,New York
24,4193,Nature,25,Chaud,Sydney
52,3322,Plage,27,Tempéré,Sydney
51,3774,Ville,22,Chaud,Sydney
49,4432,Nature,13,Chaud,Sydney
38,862,Plage,24,Chaud,Barcelone
59,4513,Plage,7,Tempéré,Sydney
68,1692,Ville,17,Froid,Londres
25,4060,Culture,18,Froid,Tokyo
43,1028,Nature,2,Froid,Rio de Janeiro
30,817,Nature,25,Froid,Rio de Janeiro
23,2253,Culture,21,Chaud,Barcelone
48,3923,Nature,15,Froid,Sydney
31,2935,Ville,18,Froid,New York
46,1018,Nature,7,Chaud,Bali
49,1595,Plage,20,Froid,Barcelone
47,1380,Aventure,21,Tempéré,Tokyo
68,1890,Nature,16,Froid,Bali
19,786,Ville,3,Froid,New York
54,2218,Plage,19,Chaud,Bali
62,4540,Nature,11,Chaud,Bali
50,4623,Plage,4,Tempéré,Barcelone
47,2937,Aventure,22,Tempéré,New York
47,563,Aventure,25,Froid,New York
62,4961,Culture,19,Chaud,Le Caire
23,3339,Plage,28,Tempéré,Sydney
64,3472,Aventure,25,Froid,New York
38,1772,Aventure,23,Chaud,Rio de Janeiro
50,900,Nature,5,Froid,Rio de Janeiro
57,706,Nature,28,Tempéré,Sydney
25,2887,Nature,13,Tempéré,Sydney
40,4477,Nature,9,Tempéré,Sydney
32,4010,Nature,9,Tempéré,Sydney
59,934,Aventure,11,Chaud,Rio de Janeiro
44,1622,Ville,28,Froid,Londres
65,4343,Nature,4,Tempéré,Sydney
37,614,Ville,19,Chaud,Sydney
24,865,Culture,12,Tempéré,Barcelone
60,4024,Nature,3,Chaud,Sydney
58,2338,Aventure,15,Chaud,Rio de Janeiro
41,3863,Ville,10,Chaud,Sydney
34,1161,Ville,4,Tempéré,Rome
24,4467,Ville,15,Froid,New York
55,4910,Ville,8,Froid,New York
34,1271,Plage,2,Tempéré,Barcelone
36,2985,Aventure,17,Tempéré,New York
51,1841,Nature,14,Tempéré,Sydney
53,2780,Aventure,15,Chaud,Rio de Janeiro
30,3920,Ville,6,Froid,Londres
58,3587,Aventure,29,Tempéré,Tokyo
42,593,Culture,19,Tempéré,Tokyo
23,1591,Culture,14,Chaud,Barcelone
60,1307,Plage,13,Chaud,Bali
24,1222,Nature,16,Tempéré,Sydney
45,1610,Aventure,13,Chaud,Rio de Janeiro
49,4995,Nature,27,Froid,New York
54,4898,Plage,6,Tempéré,Barcelone
63,4699,Culture,7,Chaud,Le Caire
26,4003,Aventure,25,Chaud,Rio de Janeiro
63,2005,Nature,9,Tempéré,Sydney
50,1514,Plage,12,Tempéré,Barcelone
47,2934,Nature,28,Tempéré,Sydney
42,2401,Ville,2,Froid,Londres
22,1095,Culture,29,Chaud,Barcelone
65,4868,Culture,14,Tempéré,Rome
45,2843,Nature,13,Froid,Rio de Janeiro
18,580,Ville,21,Chaud,Sydney
48,1770,Ville,2,Chaud,Barcelone
18,2864,Aventure,16,Froid,Rio de Janeiro
43,1175,Nature,14,Froid,Rio de Janeiro
38,4192,Plage,11,Froid,Sydney
25,2961,Culture,11,Chaud,Rome
18,3359,Ville,20,Chaud,Sydney
59,4212,Culture,27,Froid,Londres
55,1317,Nature,24,Tempéré,Sydney
50,4083,Nature,29,Froid,Sydney
21,1956,Nature,11,Chaud,Bali
61,3548,Ville,4,Tempéré,Londres
22,4358,Aventure,9,Froid,New York
27,2235,Nature,26,Chaud,Sydney
65,3026,Aventure,27,Froid,New York
32,4626,Nature,27,Froid,New York
61,2122,Ville,6,Chaud,Rome
38,3120,Ville,19,Froid,Londres
52,3979,Plage,12,Froid,Sydney
46,2021,Culture,2,Chaud,Barcelone
23,1565,Plage,10,Tempéré,Barcelone
65,1445,Ville,28,Chaud,Rome
58,3184,Ville,13,Chaud,Rome
67,3102,Plage,11,Tempéré,Sydney
20,4317,Culture,3,Froid,Tokyo
58,2079,Ville,21,Froid,Londres
52,3929,Culture,16,Tempéré,Tokyo
30,3202,Plage,9,Tempéré,Sydney
24,2752,Nature,29,Tempéré,Sydney
68,3391,Aventure,10,Froid,New York
55,1602,Nature,17,Tempéré,Sydney
19,2266,Plage,28,Chaud,Bali
53,1431,Plage,29,Froid,Rio de Janeiro
56,2892,Nature,18,Chaud,Sydney
24,3371,Nature,7,Froid,Sydney
62,2434,Plage,16,Tempéré,Sydney
36,3150,Plage,9,Tempéré,Sydney
31,1131,Culture,18,Chaud,Le Caire
52,4753,Culture,17,Froid,Londres
69,3513,Aventure,21,Froid,New York
67,2342,Plage,20,Tempéré,Sydney
42,2859,Plage,19,Chaud,Sydney
67,3225,Aventure,21,Chaud,Rio de Janeiro
53,4924,Ville,29,Tempéré,New York
53,3113,Culture,8,Tempéré,Rome
56,3350,Nature,10,Tempéré,Sydney
49,3835,Aventure,18,Chaud,Tokyo
59,3593,Ville,16,Froid,Londres
63,3215,Ville,7,Froid,Londres
42,4061,Nature,7,Tempéré,Sydney
24,965,Aventure,15,Froid,New York
61,1536,Nature,11,Tempéré,Sydney
21,4978,Plage,16,Froid,Bali
19,1021,Aventure,7,Tempéré,Rio de Janeiro
26,906,Plage,11,Froid,Bali
59,3096,Nature,19,Froid,Sydney
57,4338,Plage,23,Tempéré,Sydney
69,2786,Nature,3,Tempéré,Sydney
33,1898,Aventure,15,Tempéré,Tokyo
45,2814,Culture,12,Froid,Londres
54,4153,Ville,22,Chaud,Sydney
56,3736,Nature,7,Chaud,Sydney
34,3498,Ville,28,Froid,New York
45,932,Plage,16,Tempéré,Sydney
28,2891,Aventure,6,Froid,New York
46,2033,Plage,16,Froid,Sydney
67,3403,Aventure,7,Tempéré,New York
61,3320,Nature,13,Tempéré,Sydney
45,2096,Aventure,21,Tempéré,Tokyo
47,2130,Plage,8,Froid,Barcelone
41,2681,Aventure,15,Froid,New York
67,3835,Plage,29,Tempéré,Sydney
39,1588,Plage,14,Chaud,Rio de Janeiro
40,4457,Aventure,27,Froid,New York
21,2819,Plage,23,Tempéré,Sydney
50,731,Culture,5,Froid,Londres
45,3397,Plage,5,Tempéré,Sydney
67,1784,Ville,21,Chaud,Barcelone
68,872,Aventure,7,Froid,New York
21,2513,Plage,17,Tempéré,Sydney
59,4606,Aventure,11,Chaud,Rio de Janeiro
20,809,Plage,13,Froid,Rio de Janeiro
53,997,Nature,8,Tempéré,Sydney
41,1838,Aventure,8,Chaud,Rio de Janeiro
46,2918,Aventure,24,Froid,New York
31,3895,Aventure,20,Chaud,Tokyo
31,2734,Plage,23,Tempéré,Sydney
47,4898,Ville,25,Tempéré,Tokyo
65,1168,Culture,23,Tempéré,Rome
51,1441,Ville,14,Froid,Londres
35,2063,Aventure,5,Froid,New York
35,2211,Ville,20,Tempéré,Rome
38,1089,Ville,10,Tempéré,Barcelone
52,1238,Nature,22,Chaud,Rio de Janeiro
57,4985,Aventure,10,Chaud,Rio de Janeiro
59,3008,Culture,3,Tempéré,Londres
38,4092,Plage,21,Tempéré,Sydney
34,2811,Ville,18,Tempéré,Barcelone
32,3434,Ville,2,Tempéré,Tokyo
27,3972,Plage,9,Tempéré,Barcelone
58,3803,Nature,9,Froid,Londres
45,866,Culture,12,Tempéré,Barcelone
26,3477,Plage,24,Chaud,Sydney
64,2467,Aventure,9,Froid,New York
64,729,Ville,26,Tempéré,Rome
32,2561,Aventure,10,Froid,New York
33,4218,Aventure,29,Chaud,Rio de Janeiro
41,3704,Aventure,15,Chaud,Rio de Janeiro
37,1128,Nature,13,Chaud,Bali
67,4833,Ville,26,Tempéré,New York
32,1966,Ville,10,Tempéré,Londres
44,3889,Ville,22,Chaud,Sydney
61,4628,Culture,3,Tempéré,Rome
52,3148,Aventure,21,Chaud,New York
63,3559,Plage,14,Froid,Sydney
32,3415,Nature,6,Chaud,Sydney
51,2757,Aventure,28,Froid,New York
29,3059,Nature,27,Tempéré,Sydney
46,932,Culture,29,Tempéré,Barcelone
30,667,Ville,14,Tempéré,Tokyo
34,3610,Nature,27,Tempéré,Sydney
60,1058,Culture,16,Tempéré,Rome
58,4338,Culture,26,Chaud,Le Caire
22,3153,Ville,16,Chaud,Sydney
41,1038,Culture,29,Chaud,Rome
52,1582,Aventure,5,Tempéré,New York
25,4688,Ville,22,Tempéré,Tokyo
69,2152,Ville,3,Froid,Londres
26,4484,Plage,22,Froid,Sydney
44,4372,Nature,14,Chaud,Sydney
37,4743,Ville,24,Tempéré,Tokyo
48,1392,Plage,28,Chaud,Barcelone
22,3569,Ville,13,Froid,New York
30,3726,Aventure,10,Froid,New York
32,4503,Nature,29,Chaud,Bali
46,2451,Ville,6,Tempéré,Barcelone
58,1593,Aventure,21,Chaud,Rio de Janeiro
22,1839,Culture,9,Tempéré,Barcelone
38,3497,Ville,9,Chaud,Rome
22,1114,Nature,5,Tempéré,Sydney
34,1030,Culture,8,Tempéré,Barcelone
65,4431,Nature,15,Chaud,Sydney
63,2950,Ville,21,Froid,New York
47,4780,Culture,7,Froid,Londres
41,3360,Ville,16,Froid,New York
60,4291,Aventure,26,Chaud,Rio de Janeiro
66,3410,Aventure,2,Tempéré,New York
61,1806,Plage,17,Tempéré,Barcelone
63,3431,Ville,29,Froid,Londres
63,1705,Ville,8,Chaud,Rome
53,4244,Culture,10,Froid,Londres
63,2472,Aventure,22,Froid,New York
25,3968,Nature,19,Chaud,Sydney
38,2380,Culture,20,Froid,Londres
25,2845,Aventure,22,Chaud,Rio de Janeiro
21,4530,Aventure,2,Chaud,Rio de Janeiro
65,4887,Nature,14,Tempéré,Sydney
41,2959,Culture,7,Froid,Londres
20,636,Aventure,3,Chaud,Rio de Janeiro
67,3304,Ville,18,Froid,Londres
42,3656,Nature,17,Tempéré,Sydney
28,3770,Nature,22,Chaud,Sydney
47,4389,Culture,5,Froid,Londres
38,1360,Culture,12,Chaud,Le Caire
32,2435,Culture,11,Chaud,Rome
23,2974,Nature,7,Tempéré,Sydney
33,1687,Nature,25,Chaud,Rio de Janeiro
58,4505,Ville,15,Froid,Londres
31,3378,Culture,29,Chaud,Rome
28,3662,Nature,18,Froid,Sydney
66,2707,Plage,12,Froid,Rio de Janeiro
53,1047,Nature,24,Froid,Rio de Janeiro
40,1594,Ville,6,Chaud,Rome
19,2730,Plage,16,Tempéré,Sydney
19,4787,Ville,6,Froid,New York
46,3497,Nature,22,Chaud,Sydney
69,3368,Culture,29,Chaud,Le Caire
67,2892,Nature,16,Chaud,Sydney
44,4394,Nature,15,Tempéré,Sydney
20,2756,Plage,13,Chaud,Sydney
64,3546,Plage,22,Tempéré,Sydney
40,3942,Culture,18,Tempéré,Tokyo
49,4776,Culture,2,Froid,Londres
53,1370,Aventure,27,Tempéré,New York
69,2752,Ville,2,Froid,New York
28,1101,Aventure,13,Froid,New York
68,3545,Plage,12,Chaud,Sydney
46,4550,Ville,28,Tempéré,New York
64,4440,Ville,26,Froid,New York
43,1147,Culture,13,Chaud,Rome
59,2624,Ville,8,Chaud,Rome
52,2698,Plage,21,Tempéré,Sydney
43,3262,Nature,10,Chaud,Sydney
40,2258,Plage,3,Froid,Barcelone
28,3347,Ville,3,Chaud,Sydney
68,3797,Nature,18,Tempéré,Sydney
55,1064,Culture,17,Chaud,Le Caire
39,3310,Culture,5,Froid,Londres
64,4971,Aventure,15,Chaud,Rio de Janeiro
38,3338,Culture,13,Froid,Londres
37,2617,Plage,23,Tempéré,Sydney
41,1482,Culture,14,Froid,Rome
25,796,Plage,22,Chaud,Bali
57,2005,Nature,29,Froid,Londres
59,4204,Plage,28,Froid,Sydney
37,1262,Culture,11,Chaud,Le Caire
67,4224,Nature,17,Tempéré,Sydney
60,4614,Aventure,21,Tempéré,Tokyo
44,3269,Plage,9,Chaud,Sydney
56,4441,Ville,3,Tempéré,New York
18,3914,Ville,17,Chaud,Sydney
33,4401,Culture,25,Froid,Londres
36,3839,Aventure,12,Chaud,Rio de Janeiro
19,1222,Culture,4,Froid,Londres
58,1468,Aventure,24,Tempéré,New York
28,3721,Aventure,3,Tempéré,New York
60,3245,Aventure,18,Froid,New York
61,2330,Culture,16,Chaud,Rome
55,1919,Plage,15,Chaud,Bali
63,1408,Culture,9,Chaud,Le Caire
69,4064,Aventure,21,Froid,New York
62,4830,Culture,25,Tempéré,Rome
24,2115,Ville,26,Tempéré,Barcelone
39,3113,Nature,26,Froid,Sydney
56,1242,Plage,26,Froid,Rio de Janeiro
32,3631,Ville,10,Tempéré,New York
35,4285,Nature,12,Tempéré,Sydney
25,4284,Culture,20,Chaud,Rome
58,2581,Culture,12,Froid,Londres
59,4132,Ville,23,Chaud,Sydney
20,2516,Aventure,2,Froid,New York
51,3947,Culture,9,Froid,Londres
53,2148,Aventure,26,Tempéré,New York
59,4433,Culture,12,Chaud,Rome
28,3542,Culture,14,Chaud,Paris
45,2313,Culture,3,Froid,Londres
34,4012,Culture,26,Chaud,Barcelone
18,4852,Culture,22,Chaud,Le Caire
35,4118,Ville,19,Chaud,Sydney
33,3707,Nature,15,Froid,Sydney
67,1903,Plage,28,Froid,Rio de Janeiro
31,1999,Plage,26,Tempéré,Barcelone
66,944,Aventure,12,Froid,New York
36,4232,Plage,17,Tempéré,Sydney
35,4031,Plage,9,Froid,Sydney
39,3108,Ville,8,Tempéré,New York
41,683,Nature,19,Froid,Sydney
50,2266,Culture,9,Froid,Londres
49,4299,Plage,26,Chaud,Sydney
18,2816,Culture,16,Chaud,Rome
23,4128,Culture,27,Tempéré,Tokyo
53,811,Ville,2,Tempéré,Londres
26,2315,Plage,3,Tempéré,Barcelone
54,4788,Culture,11,Froid,Londres
63,516,Culture,15,Froid,Londres
20,3006,Ville,14,Chaud,Sydney
55,4321,Ville,15,Tempéré,New York
66,680,Nature,28,Chaud,Bali
23,2821,Culture,29,Tempéré,Barcelone
62,4964,Plage,18,Chaud,Rio de Janeiro
33,1218,Plage,17,Froid,Bali
32,2465,Ville,17,Chaud,Sydney
27,2564,Nature,22,Tempéré,Sydney
20,3669,Nature,22,Froid,Sydney
62,3147,Nature,18,Tempéré,Sydney
43,4307,Aventure,15,Froid,New York
28,3893,Culture,23,Froid,Londres
37,3704,Plage,6,Tempéré,Sydney
26,3153,Nature,27,Tempéré,Sydney
59,2924,Plage,11,Froid,Rio de Janeiro
65,2502,Ville,6,Froid,New York
46,4186,Culture,23,Froid,Londres
40,2938,Nature,18,Chaud,Sydney
57,3500,Aventure,3,Chaud,New York
57,4542,Culture,8,Chaud,Rome
50,820,Ville,19,Chaud,Barcelone
60,1514,Ville,8,Froid,Londres
20,2949,Ville,29,Tempéré,Barcelone
32,3617,Aventure,6,Tempéré,Tokyo
29,2530,Nature,24,Froid,Sydney
61,4163,Plage,16,Chaud,Sydney
26,2100,Aventure,22,Chaud,Rio de Janeiro
25,4957,Aventure,24,Chaud,Rio de Janeiro
33,2747,Nature,8,Chaud,Sydney
40,2188,Ville,12,Froid,Londres
66,1739,Plage,2,Chaud,Barcelone
49,3420,Culture,3,Tempéré,Londres
31,535,Plage,3,Chaud,Bali
69,3941,Ville,28,Chaud,Sydney
41,653,Plage,29,Tempéré,Barcelone
66,2906,Ville,16,Froid,New York
21,3260,Plage,22,Tempéré,Sydney
24,3797,Nature,24,Chaud,Sydney
30,3067,Culture,7,Chaud,Rome
58,1717,Aventure,24,Tempéré,Tokyo
60,2015,Nature,7,Tempéré,Sydney
18,1308,Aventure,4,Froid,New York
29,4965,Plage,13,Chaud,Sydney
35,4118,Plage,14,Froid,Sydney
31,3329,Ville,22,Froid,New York
65,2484,Aventure,28,Chaud,Rio de Janeiro
54,1155,Aventure,25,Chaud,Rio de Janeiro
34,3457,Nature,9,Tempéré,Sydney
64,874,Plage,4,Tempéré,Barcelone
29,3231,Ville,16,Tempéré,Tokyo
37,3980,Culture,26,Chaud,Le Caire
54,4967,Culture,13,Chaud,Rome
22,2813,Ville,18,Tempéré,Sydney
66,1474,Aventure,19,Tempéré,Tokyo
20,3368,Aventure,14,Tempéré,Tokyo
64,1870,Nature,7,Froid,Rio de Janeiro
66,4885,Culture,15,Chaud,Le Caire
60,3254,Nature,22,Chaud,Sydney
68,3912,Ville,23,Froid,Londres
66,1594,Plage,2,Chaud,Bali
56,1808,Plage,16,Froid,Bali
23,4920,Culture,21,Tempéré,Tokyo
64,2153,Aventure,29,Chaud,Rio de Janeiro
55,3573,Nature,12,Froid,Sydney
37,2238,Aventure,7,Chaud,Rio de Janeiro
42,831,Ville,20,Froid,New York
34,2887,Plage,22,Froid,Sydney
19,3593,Aventure,14,Froid,New York
54,1348,Aventure,27,Froid,New York
42,3958,Plage,12,Chaud,Sydney
56,1493,Aventure,9,Tempéré,New York
39,4387,Ville,22,Chaud,Sydney
20,3103,Ville,2,Tempéré,New York
26,3548,Nature,20,Froid,Sydney
50,3183,Culture,5,Froid,Londres
20,1696,Nature,2,Froid,Bali
42,2255,Ville,9,Tempéré,Rome
21,783,Nature,22,Froid,Bali
54,4141,Culture,3,Froid,Londres
57,1390,Culture,21,Chaud,Le Caire
43,2911,Aventure,21,Tempéré,New York
49,3847,Culture,4,Tempéré,Londres
23,1921,Nature,23,Chaud,Rio de Janeiro
23,3228,Ville,14,Tempéré,Tokyo
36,2133,Aventure,21,Chaud,Rio de Janeiro
54,4768,Nature,19,Froid,New York
28,1474,Plage,16,Froid,Bali
64,791,Aventure,12,Froid,Rio de Janeiro
68,752,Aventure,14,Tempéré,Tokyo
35,2120,Plage,19,Tempéré,Sydney
36,4499,Ville,29,Chaud,Sydney
31,4361,Culture,2,Chaud,Le Caire
19,1764,Culture,15,Froid,Londres
65,2984,Plage,14,Tempéré,Sydney
27,4611,Nature,21,Chaud,Bali
39,2931,Ville,27,Tempéré,Rome
49,3000,Plage,2,Chaud,Barcelone
21,4757,Aventure,22,Tempéré,New York
33,784,Nature,16,Froid,Bali
49,3174,Nature,5,Tempéré,Sydney
37,4955,Nature,26,Chaud,Sydney
40,1818,Culture,29,Tempéré,Paris
42,1747,Nature,9,Tempéré,Sydney
49,1252,Plage,14,Tempéré,Barcelone
19,1887,Aventure,11,Froid,Rio de Janeiro
27,4232,Culture,18,Chaud,Tokyo
59,4956,Ville,17,Froid,Londres
52,2940,Plage,25,Chaud,Sydney
27,907,Aventure,6,Froid,New York
32,784,Ville,24,Tempéré,Sydney
49,2748,Aventure,6,Chaud,Rio de Janeiro
41,2330,Aventure,26,Froid,New York
29,1460,Nature,24,Chaud,Bali
33,3189,Ville,7,Chaud,Rome
58,4541,Ville,14,Chaud,Rome
49,4568,Ville,28,Tempéré,Tokyo
52,3906,Nature,7,Chaud,Sydney
40,871,Plage,14,Tempéré,Barcelone
40,2384,Aventure,24,Froid,New York
62,3662,Plage,17,Tempéré,Sydney
69,2089,Culture,29,Tempéré,Londres
30,1621,Nature,18,Froid,Bali
19,1862,Nature,19,Tempéré,Rio de Janeiro
47,3396,Aventure,4,Tempéré,New York
47,1627,Nature,22,Chaud,Sydney
68,4065,Ville,2,Chaud,Sydney
34,986,Nature,24,Tempéré,Sydney
56,1373,Plage,20,Tempéré,Barcelone
53,4142,Culture,10,Tempéré,Londres
52,1334,Aventure,7,Froid,New York
20,2912,Ville,24,Tempéré,Sydney
23,3027,Ville,12,Tempéré,Tokyo
58,804,Nature,5,Froid,Rio de Janeiro
54,1995,Culture,16,Tempéré,Rome
22,916,Aventure,14,Froid,Rio de Janeiro
41,2338,Plage,16,Chaud,Sydney
34,2283,Plage,4,Chaud,Barcelone
36,4463,Culture,29,Chaud,Rome
28,3981,Aventure,2,Tempéré,Tokyo
60,4144,Ville,7,Tempéré,Paris
66,2069,Nature,24,Chaud,Sydney
29,3403,Aventure,21,Froid,New York
44,1515,Nature,19,Chaud,Rio de Janeiro
67,2308,Ville,14,Froid,Londres
32,1651,Plage,22,Chaud,Bali
64,4375,Culture,17,Tempéré,Tokyo
55,1797,Culture,8,Tempéré,Paris
20,3499,Ville,27,Tempéré,Sydney
54,837,Culture,13,Tempéré,Paris
24,1053,Culture,12,Tempéré,Tokyo
19,3581,Aventure,16,Froid,New York
53,983,Nature,29,Tempéré,Sydney
23,4802,Aventure,14,Chaud,Tokyo
33,751,Nature,28,Chaud,Rio de Janeiro
60,2704,Aventure,13,Tempéré,New York
49,4855,Plage,7,Chaud,Sydney
31,3198,Plage,22,Tempéré,Sydney
33,3112,Ville,2,Tempéré,Sydney
52,3232,Plage,11,Froid,Sydney
59,2892,Ville,24,Tempéré,Paris
18,934,Plage,5,Tempéré,Barcelone
20,4371,Aventure,2,Tempéré,New York
53,3905,Aventure,15,Tempéré,New York
33,4907,Nature,12,Chaud,Bali
53,1367,Culture,25,Froid,Londres
29,1128,Aventure,12,Froid,New York
68,2713,Culture,16,Froid,Londres
18,4193,Aventure,7,Tempéré,Tokyo
41,4203,Nature,23,Chaud,Sydney
42,3312,Aventure,20,Tempéré,New York
67,627,Nature,29,Tempéré,Sydney
49,4545,Aventure,12,Tempéré,Tokyo
19,3916,Nature,28,Tempéré,Sydney
18,3696,Plage,11,Tempéré,Sydney
42,1471,Plage,21,Chaud,Barcelone
31,1809,Ville,5,Chaud,Barcelone
37,3223,Nature,5,Chaud,Sydney
24,2019,Plage,23,Tempéré,Sydney
60,1077,Culture,4,Froid,Londres
48,3236,Plage,20,Tempéré,Sydney
20,3855,Nature,5,Chaud,Sydney
47,2553,Ville,21,Froid,New York
62,1498,Nature,4,Tempéré,Sydney
46,569,Nature,12,Chaud,Sydney
69,1197,Culture,15,Tempéré,Tokyo
50,1996,Nature,11,Chaud,Bali
52,2540,Plage,6,Chaud,Barcelone
62,2671,Ville,24,Tempéré,Rome
45,905,Aventure,17,Tempéré,Tokyo
69,3852,Aventure,29,Froid,New York
21,1251,Plage,6,Tempéré,Barcelone
22,4332,Nature,11,Chaud,Sydney
35,2995,Ville,25,Tempéré,Sydney
26,2797,Culture,5,Froid,Londres
19,1981,Ville,28,Chaud,Rome
21,4760,Ville,11,Tempéré,Tokyo
46,1093,Plage,27,Tempéré,Barcelone
61,2556,Aventure,23,Froid,New York
21,3657,Ville,8,Tempéré,New York
41,4479,Aventure,16,Froid,New York
29,4620,Culture,18,Chaud,Barcelone
41,2306,Nature,25,Chaud,Sydney
25,2078,Ville,25,Tempéré,Sydney
33,2362,Plage,19,Tempéré,Sydney
52,1690,Plage,5,Froid,Barcelone
37,3514,Plage,15,Tempéré,Sydney
42,2419,Nature,23,Froid,Sydney
27,3830,Culture,14,Tempéré,Tokyo
37,4035,Plage,10,Froid,Sydney
49,3234,Nature,4,Chaud,Sydney
20,2363,Ville,16,Chaud,Sydney
49,844,Ville,18,Chaud,Barcelone
26,2090,Nature,21,Tempéré,Sydney
47,4220,Plage,10,Chaud,Sydney
27,3314,Culture,25,Chaud,Rome
19,899,Plage,19,Chaud,Bali
41,4375,Plage,18,Tempéré,Sydney
52,1635,Aventure,22,Tempéré,New York
62,1035,Aventure,6,Froid,New York
54,1064,Ville,19,Chaud,Rome
33,3833,Plage,6,Froid,Sydney
31,3471,Culture,17,Chaud,Rome
54,4283,Plage,21,Tempéré,Sydney
21,4438,Ville,22,Froid,New York
57,4510,Ville,4,Froid,Londres
20,4193,Ville,19,Froid,New York
41,2059,Culture,25,Chaud,Barcelone
35,4833,Nature,4,Chaud,Sydney
24,945,Culture,17,Froid,Barcelone
39,1879,Ville,18,Chaud,Rome
66,573,Culture,14,Tempéré,Rome
47,1676,Aventure,3,Froid,New York
46,3728,Culture,26,Chaud,Le Caire
62,4448,Plage,13,Tempéré,Sydney
43,802,Ville,14,Froid,Londres
40,4850,Culture,15,Froid,Tokyo
19,2945,Ville,9,Froid,Londres
69,2079,Culture,19,Froid,Londres
61,4839,Culture,8,Froid,Londres
35,1632,Ville,4,Tempéré,Barcelone
37,2916,Plage,6,Froid,Barcelone
26,2084,Culture,17,Froid,Londres
39,2447,Culture,10,Tempéré,Barcelone
39,1861,Plage,5,Chaud,Rio de Janeiro
32,1190,Plage,20,Tempéré,Barcelone
60,4044,Aventure,15,Froid,New York
68,3877,Aventure,14,Chaud,Rio de Janeiro
59,3056,Nature,27,Tempéré,Sydney
27,4009,Nature,21,Tempéré,Sydney
62,3000,Culture,6,Tempéré,Rome
32,3296,Plage,18,Tempéré,Sydney
61,3293,Culture,9,Froid,Londres
63,1788,Aventure,19,Chaud,Rio de Janeiro
65,1248,Plage,3,Froid,Barcelone
39,4868,Nature,14,Froid,Sydney
63,3574,Plage,2,Froid,Sydney
54,1232,Culture,22,Tempéré,Rome
26,2519,Nature,27,Tempéré,Sydney
55,4290,Ville,23,Froid,New York
36,4988,Nature,28,Chaud,Rio de Janeiro
68,3034,Nature,17,Chaud,Sydney
67,2137,Culture,21,Froid,Londres
65,3838,Culture,15,Froid,Londres
40,1959,Nature,24,Tempéré,Sydney
37,3254,Culture,18,Tempéré,Tokyo
24,3779,Plage,25,Chaud,Sydney
48,4861,Ville,12,Chaud,Sydney
31,3883,Plage,14,Tempéré,Sydney
59,1652,Culture,17,Tempéré,Rome
56,4266,Ville,20,Tempéré,Sydney
51,4525,Aventure,10,Chaud,New York
55,981,Aventure,20,Chaud,Rio de Janeiro
61,2863,Nature,17,Froid,Sydney
51,3307,Culture,10,Tempéré,Rome
46,4059,Ville,21,Tempéré,Sydney
68,2733,Nature,8,Froid,Sydney
39,2131,Plage,23,Tempéré,Sydney
46,709,Aventure,10,Tempéré,Tokyo
30,3659,Plage,10,Froid,Sydney
62,4860,Ville,16,Tempéré,Tokyo
61,2583,Nature,7,Chaud,Rio de Janeiro
24,2479,Plage,28,Tempéré,Sydney
50,4648,Culture,28,Froid,Londres
56,976,Aventure,18,Chaud,Rio de Janeiro
20,4350,Ville,5,Froid,New York
69,4259,Nature,17,Froid,Sydney
21,3907,Culture,10,Tempéré,Tokyo
62,3166,Culture,4,Tempéré,Rome
52,4647,Nature,10,Froid,New York
37,1785,Culture,15,Chaud,Le Caire
69,1341,Culture,22,Tempéré,Rome
67,574,Aventure,25,Chaud,Rio de Janeiro
66,3927,Plage,29,Tempéré,Sydney
64,842,Ville,29,Froid,New York
55,3652,Aventure,28,Tempéré,New York
20,4659,Aventure,9,Chaud,Rio de Janeiro
23,4668,Nature,8,Froid,Bali
54,931,Plage,19,Tempéré,Barcelone
60,938,Ville,9,Tempéré,Barcelone
67,2697,Culture,12,Chaud,Le Caire
63,1692,Culture,23,Froid,Londres
64,2367,Nature,18,Chaud,Bali
47,3593,Plage,27,Chaud,Sydney
25,1146,Ville,8,Froid,Londres
47,550,Aventure,21,Tempéré,New York
50,2400,Aventure,21,Tempéré,Tokyo
60,3653,Ville,28,Tempéré,Paris
34,3543,Ville,22,Chaud,Sydney
65,1486,Ville,16,Tempéré,Rome
57,1726,Nature,23,Chaud,Rio de Janeiro
18,3370,Ville,14,Chaud,Rome
52,4801,Ville,28,Froid,New York
63,2305,Culture,20,Chaud,Rome
19,1423,Ville,17,Chaud,Rome
41,2362,Culture,3,Chaud,Barcelone
43,1147,Plage,17,Tempéré,Barcelone
38,2748,Aventure,19,Tempéré,New York
67,1878,Aventure,13,Froid,Rio de Janeiro
30,615,Ville,16,Tempéré,Tokyo
54,3706,Plage,6,Froid,Londres
28,4125,Ville,8,Chaud,Sydney
40,2405,Nature,7,Froid,Bali
52,867,Culture,22,Tempéré,Rome
50,1963,Aventure,5,Chaud,Rio de Janeiro
64,3002,Culture,28,Tempéré,Paris
44,4437,Culture,18,Tempéré,Tokyo
40,2145,Nature,23,Froid,Sydney
21,2277,Plage,17,Froid,Sydney
52,4003,Nature,28,Froid,New York
21,4691,Plage,19,Chaud,Sydney
34,3430,Plage,20,Froid,Sydney
37,2972,Culture,10,Froid,Londres
60,3434,Plage,20,Froid,Sydney
41,1846,Culture,28,Froid,Londres
21,2103,Ville,10,Chaud,Sydney
64,1418,Nature,15,Chaud,Bali
47,4068,Plage,9,Froid,New York
58,2671,Ville,24,Froid,Londres
18,2058,Aventure,17,Froid,New York
58,4934,Aventure,21,Tempéré,New York
68,1593,Aventure,14,Chaud,Rio de Janeiro
42,2411,Aventure,20,Froid,New York
39,1713,Ville,2,Froid,Londres
43,886,Culture,17,Froid,Londres
59,1245,Ville,26,Chaud,Rome
47,2287,Ville,24,Froid,Londres
48,3379,Culture,10,Chaud,Rome
32,1866,Aventure,18,Tempéré,Tokyo
37,4735,Ville,19,Chaud,Tokyo
35,3393,Aventure,27,Tempéré,New York
47,2990,Ville,19,Tempéré,Sydney
21,4271,Plage,13,Tempéré,Sydney
46,4515,Nature,4,Froid,New York
18,1560,Ville,5,Chaud,Rome
58,2355,Nature,8,Froid,Bali
32,3749,Ville,18,Tempéré,Sydney
64,1801,Plage,9,Tempéré,Barcelone
36,4569,Aventure,27,Chaud,Rio de Janeiro
43,651,Nature,16,Froid,Sydney
21,1942,Nature,8,Froid,Bali
65,4847,Aventure,22,Tempéré,Tokyo
30,4974,Aventure,25,Chaud,Rio de Janeiro
62,4961,Aventure,27,Froid,New York
62,2130,Nature,11,Chaud,Sydney
61,3274,Nature,13,Froid,Sydney
30,698,Culture,20,Froid,Londres
66,3788,Plage,23,Froid,Sydney
24,2666,Culture,11,Froid,Londres
24,920,Nature,13,Tempéré,Sydney
64,2173,Aventure,14,Froid,Rio de Janeiro
33,1128,Nature,21,Froid,Bali
68,4321,Nature,15,Tempéré,Sydney
44,1840,Aventure,23,Tempéré,Tokyo
35,3916,Culture,27,Chaud,Le Caire
23,3676,Nature,25,Chaud,Sydney
50,3621,Ville,28,Froid,New York
36,3688,Aventure,6,Tempéré,New York
43,2628,Aventure,12,Tempéré,New York
46,3074,Nature,16,Chaud,Sydney
66,2558,Culture,16,Chaud,Le Caire
25,1587,Plage,3,Tempéré,Barcelone
62,1961,Nature,2,Tempéré,Sydney
62,1526,Aventure,25,Tempéré,Tokyo
49,3500,Culture,15,Chaud,Rome
46,2684,Culture,10,Tempéré,Londres
63,4483,Culture,9,Tempéré,Tokyo
54,4037,Nature,4,Tempéré,Sydney
60,4779,Plage,20,Froid,Bali
24,1244,Aventure,5,Tempéré,New York
20,2247,Nature,28,Chaud,Sydney
38,4518,Nature,14,Tempéré,Sydney
53,4626,Plage,22,Tempéré,Sydney
54,4096,Culture,13,Chaud,Rome
68,3642,Ville,26,Chaud,Sydney
29,1167,Aventure,22,Froid,New York
27,4739,Ville,16,Chaud,Sydney
62,3206,Aventure,7,Froid,New York
58,1908,Plage,22,Tempéré,Barcelone
30,3776,Ville,9,Tempéré,New York
28,2870,Ville,2,Chaud,Barcelone
23,2744,Nature,25,Chaud,Sydney
50,918,Nature,23,Froid,Sydney
18,2589,Nature,3,Tempéré,Sydney
26,2049,Nature,3,Tempéré,Sydney
67,699,Aventure,11,Froid,New York
54,872,Ville,28,Tempéré,Rome
28,4268,Ville,27,Froid,New York
38,3171,Ville,27,Tempéré,New York
26,2597,Plage,20,Tempéré,Sydney
55,4014,Aventure,4,Froid,New York
43,986,Ville,6,Chaud,Barcelone
63,2559,Culture,8,Tempéré,Rome
34,1523,Nature,25,Chaud,Rio de Janeiro
44,1624,Ville,28,Froid,Londres
35,1227,Aventure,16,Chaud,Rio de Janeiro
40,3286,Ville,8,Tempéré,Rome
19,3477,Aventure,12,Froid,New York
59,4229,Culture,25,Chaud,Le Caire
54,844,Culture,28,Chaud,Le Caire
34,507,Nature,27,Chaud,Bali
21,717,Plage,18,Chaud,Bali
21,4225,Aventure,26,Tempéré,New York
65,4621,Plage,7,Chaud,Barcelone
52,2878,Plage,26,Chaud,Sydney
48,1289,Aventure,19,Tempéré,Tokyo
26,1014,Aventure,9,Chaud,Rio de Janeiro
46,3941,Plage,4,Tempéré,Sydney
52,1620,Nature,9,Froid,Bali
51,4471,Aventure,4,Froid,New York
59,4324,Plage,18,Tempéré,Sydney
28,1916,Nature,27,Tempéré,Sydney
66,3757,Plage,8,Froid,Sydney
45,1460,Culture,9,Chaud,Le Caire
45,2224,Nature,5,Chaud,Rio de Janeiro
62,3632,Ville,6,Chaud,Sydney
66,4180,Nature,14,Chaud,Sydney
44,3691,Nature,11,Chaud,Sydney
40,1243,Nature,27,Froid,Rio de Janeiro
27,1377,Ville,28,Tempéré,Barcelone
60,3037,Plage,23,Chaud,Sydney
24,2132,Aventure,2,Chaud,Rio de Janeiro
40,3275,Nature,10,Froid,Sydney
61,2564,Aventure,19,Chaud,Rio de Janeiro
69,4425,Aventure,2,Froid,New York
46,592,Culture,25,Chaud,Barcelone
61,2177,Culture,5,Tempéré,Rome
35,4018,Aventure,27,Froid,New York
28,1611,Aventure,28,Chaud,Rio de Janeiro
54,1333,Plage,19,Tempéré,Barcelone
18,1843,Plage,20,Froid,Bali
52,1916,Ville,29,Chaud,Rome
69,4004,Plage,11,Tempéré,Sydney
45,2705,Nature,26,Chaud,Rio de Janeiro
56,1191,Aventure,24,Froid,Rio de Janeiro
69,1289,Culture,26,Tempéré,Rome
36,3829,Plage,19,Chaud,Sydney
28,3818,Plage,18,Tempéré,Sydney
40,4558,Nature,27,Chaud,Rio de Janeiro
35,3710,Plage,11,Froid,Sydney
41,3020,Aventure,18,Froid,New York
37,3227,Culture,4,Tempéré,Rome
62,1944,Plage,20,Froid,Rio de Janeiro
29,3583,Plage,3,Chaud,Sydney
66,3329,Culture,15,Chaud,Rome
57,1068,Ville,2,Froid,Londres
26,1832,Ville,22,Froid,Londres
26,4784,Aventure,6,Chaud,Rio de Janeiro
51,4038,Culture,6,Chaud,Le Caire
51,3224,Nature,7,Chaud,Sydney
68,2802,Aventure,26,Chaud,Rio de Janeiro
47,1684,Plage,17,Tempéré,Sydney
60,2732,Culture,13,Tempéré,Rome
39,2485,Ville,20,Froid,Londres
65,4221,Ville,2,Tempéré,Tokyo
49,4021,Nature,17,Froid,Sydney
23,2318,Aventure,15,Froid,New York
33,3542,Culture,12,Froid,Londres
30,4718,Ville,13,Froid,New York
66,3663,Nature,6,Tempéré,Sydney
49,2236,Ville,28,Froid,Londres
41,2020,Plage,8,Froid,Rio de Janeiro
49,3160,Ville,25,Tempéré,Sydney
20,753,Aventure,16,Tempéré,Tokyo
48,4551,Aventure,8,Tempéré,New York
50,3317,Nature,19,Froid,Sydney
52,3089,Aventure,3,Froid,New York
24,1430,Culture,6,Tempéré,Barcelone
53,3658,Culture,24,Tempéré,Londres
20,4645,Plage,2,Chaud,Sydney
39,678,Ville,6,Froid,Londres
32,707,Ville,9,Froid,New York
56,2559,Aventure,20,Froid,New York
36,2152,Aventure,8,Tempéré,Tokyo
40,2057,Plage,19,Chaud,Bali
28,4562,Ville,6,Tempéré,New York
44,1777,Plage,17,Froid,Rio de Janeiro
44,4171,Ville,4,Chaud,Rome
56,3235,Nature,3,Froid,Sydney
25,4770,Culture,6,Tempéré,Tokyo
37,2789,Aventure,10,Chaud,Rio de Janeiro
56,3744,Nature,13,Tempéré,Sydney
57,2203,Nature,10,Froid,Sydney
30,3713,Ville,22,Tempéré,Sydney
63,1337,Nature,29,Tempéré,Rio de Janeiro
52,2282,Plage,20,Froid,Sydney
20,2343,Nature,18,Tempéré,Sydney
34,2542,Nature,18,Froid,Sydney
28,2772,Aventure,7,Froid,New York
63,4658,Culture,12,Chaud,Rome
26,3222,Culture,2,Froid,Londres
22,4766,Ville,13,Chaud,Sydney
27,1178,Plage,29,Tempéré,Barcelone
58,1183,Plage,15,Chaud,Rio de Janeiro
53,2601,Nature,28,Froid,Rio de Janeiro
18,4260,Culture,15,Chaud,Rome
52,1638,Aventure,26,Chaud,Rio de Janeiro
66,3178,Ville,3,Chaud,Sydney
52,4844,Aventure,9,Froid,New York
37,3854,Ville,10,Chaud,Sydney
48,4112,Culture,3,Froid,Londres
57,4353,Aventure,2,Tempéré,New York
69,4315,Aventure,18,Chaud,Tokyo
48,2780,Ville,12,Froid,Londres
21,4968,Culture,11,Froid,Tokyo
58,806,Aventure,9,Froid,New York
53,4429,Culture,18,Tempéré,Paris
23,2515,Culture,3,Tempéré,Barcelone
21,1499,Nature,9,Froid,Bali
19,2899,Plage,8,Chaud,Rio de Janeiro
42,4853,Culture,3,Tempéré,Tokyo
69,695,Ville,13,Froid,Londres
31,3338,Aventure,24,Froid,New York
61,4130,Aventure,20,Froid,New York
38,4269,Nature,15,Chaud,Sydney
50,3456,Nature,22,Tempéré,Sydney
30,1371,Culture,4,Chaud,Barcelone
46,2129,Ville,3,Tempéré,Barcelone
22,3599,Culture,19,Chaud,Barcelone
45,1407,Ville,13,Froid,New York
69,2019,Plage,17,Tempéré,Sydney
66,1140,Culture,6,Froid,Le Caire
53,4319,Ville,11,Chaud,Rome
66,1525,Nature,29,Froid,Bali
50,2938,Plage,10,Tempéré,Barcelone
45,1386,Ville,22,Chaud,Rome
67,1529,Aventure,4,Froid,New York
44,3012,Nature,7,Chaud,Sydney
33,3778,Nature,26,Tempéré,Sydney
22,4641,Ville,18,Froid,New York
39,1188,Plage,28,Chaud,Rio de Janeiro
63,2941,Nature,16,Chaud,Sydney
24,1681,Nature,4,Chaud,Rio de Janeiro
32,3122,Nature,26,Froid,Sydney
26,4572,Ville,12,Tempéré,Tokyo
35,2119,Culture,19,Froid,Londres
68,4367,Ville,4,Tempéré,New York
38,3553,Nature,18,Chaud,Sydney
19,2517,Ville,16,Tempéré,New York
33,1653,Plage,6,Froid,Rio de Janeiro
60,4171,Nature,5,Froid,New York
58,3345,Plage,7,Tempéré,Sydney
69,3793,Aventure,15,Chaud,Rio de Janeiro
27,4395,Aventure,12,Tempéré,Tokyo
51,1559,Ville,6,Tempéré,Paris
68,3369,Aventure,5,Chaud,Rio de Janeiro
61,4728,Nature,29,Chaud,Bali
24,570,Culture,8,Chaud,Barcelone
36,2796,Aventure,13,Tempéré,New York
48,2991,Nature,29,Froid,Sydney
44,2289,Plage,8,Chaud,Rio de Janeiro
21,1228,Ville,20,Froid,Barcelone
48,1405,Plage,16,Chaud,Barcelone
52,3785,Nature,7,Froid,Londres
54,4759,Plage,22,Chaud,Sydney
21,4547,Plage,28,Tempéré,Barcelone
18,2507,Nature,4,Tempéré,Sydney
27,2948,Culture,21,Tempéré,Rome
64,4408,Nature,9,Chaud,Sydney
46,4605,Plage,25,Froid,Sydney
34,3767,Ville,21,Chaud,Sydney
56,1949,Culture,4,Tempéré,Rome
58,581,Ville,25,Froid,Londres
55,2705,Ville,23,Chaud,Rome
27,2695,Nature,6,Tempéré,Sydney
33,1748,Ville,28,Tempéré,Paris
54,1109,Aventure,3,Tempéré,New York
60,3613,Culture,13,Chaud,Rome
53,2249,Aventure,3,Froid,New York
19,3630,Plage,11,Chaud,Rio de Janeiro
60,1699,Culture,16,Froid,Londres
53,1329,Culture,15,Chaud,Le Caire
25,3202,Aventure,17,Froid,New York
28,1078,Ville,25,Froid,Londres
43,2696,Nature,3,Froid,Sydney
44,3714,Nature,2,Tempéré,Sydney
62,1753,Ville,22,Froid,Londres
25,2943,Culture,24,Chaud,Barcelone
66,1587,Ville,2,Chaud,Rome
18,2268,Nature,2,Chaud,Rio de Janeiro
39,4302,Nature,18,Chaud,Sydney
33,1968,Culture,6,Chaud,Le Caire
53,2568,Culture,28,Froid,Londres
42,4108,Nature,14,Chaud,Sydney
49,1853,Ville,15,Tempéré,Barcelone
57,4136,Aventure,5,Tempéré,New York
67,1295,Nature,13,Froid,Rio de Janeiro
37,4664,Culture,17,Tempéré,Tokyo
30,2151,Ville,22,Tempéré,Sydney
42,4218,Aventure,26,Froid,New York
27,3099,Aventure,18,Tempéré,Tokyo
68,1097,Plage,16,Chaud,Bali
40,1692,Aventure,25,Chaud,Rio de Janeiro
57,4377,Ville,25,Tempéré,Sydney
31,4467,Ville,2,Tempéré,Tokyo
25,4694,Aventure,5,Chaud,Rio de Janeiro
41,3138,Nature,15,Froid,Sydney
36,4894,Aventure,12,Tempéré,New York
59,3956,Culture,2,Tempéré,Londres
41,2439,Aventure,18,Froid,New York
35,4186,Plage,5,Tempéré,Sydney
68,1704,Plage,15,Tempéré,Sydney
60,2043,Culture,6,Chaud,Rome
27,896,Nature,21,Tempéré,Sydney
68,4268,Nature,29,Chaud,Sydney
31,845,Plage,17,Chaud,Bali
28,1878,Ville,5,Froid,Londres
69,667,Ville,12,Froid,Londres
41,4776,Nature,6,Chaud,Rio de Janeiro
58,3954,Aventure,8,Tempéré,Tokyo
37,4179,Plage,13,Tempéré,Sydney
23,4627,Nature,28,Chaud,Rio de Janeiro
50,4467,Plage,11,Tempéré,Sydney
36,1945,Plage,16,Tempéré,Barcelone
36,1833,Aventure,9,Tempéré,New York
62,3701,Ville,24,Chaud,Sydney
57,1445,Aventure,10,Froid,New York
30,1812,Aventure,8,Chaud,Rio de Janeiro
52,2727,Ville,7,Froid,Londres
33,4936,Culture,5,Froid,Londres
23,2934,Culture,27,Froid,Londres
60,4319,Ville,9,Chaud,Rome
66,1222,Ville,29,Tempéré,Barcelone
52,4549,Aventure,23,Froid,New York
67,623,Plage,20,Chaud,Bali
33,1681,Ville,2,Tempéré,Londres
67,4526,Culture,15,Froid,Londres
33,2008,Plage,11,Chaud,Rio de Janeiro
39,3852,Plage,22,Froid,Sydney
35,1213,Aventure,26,Froid,New York
64,1957,Nature,12,Tempéré,Sydney
68,4786,Culture,6,Froid,Londres
19,545,Plage,9,Froid,Bali
44,1562,Ville,24,Tempéré,Paris
68,2532,Aventure,18,Tempéré,New York
18,2328,Plage,16,Froid,Bali
48,629,Plage,15,Chaud,Bali
60,1667,Ville,10,Chaud,Rome
51,2362,Nature,19,Chaud,Bali
41,3456,Ville,22,Froid,Londres
43,1631,Ville,19,Chaud,Rome
33,4858,Ville,24,Froid,New York
57,1078,Culture,21,Froid,Londres
43,2085,Culture,16,Chaud,Rome
36,1895,Ville,10,Tempéré,Paris
27,647,Culture,22,Froid,Londres
28,3468,Plage,10,Chaud,Sydney
27,4141,Aventure,26,Chaud,Rio de Janeiro
20,3670,Aventure,25,Chaud,New York
60,1757,Nature,2,Froid,Bali
63,2865,Aventure,9,Froid,New York
54,3564,Nature,12,Chaud,Sydney
19,836,Plage,12,Chaud,Rio de Janeiro
27,714,Nature,2,Froid,Bali
65,3720,Aventure,14,Froid,New York
34,4715,Culture,9,Tempéré,Tokyo
60,4268,Culture,13,Chaud,Rome
19,1504,Nature,7,Froid,Bali
20,4963,Plage,9,Tempéré,Barcelone
48,3568,Plage,13,Chaud,Sydney
31,3454,Aventure,10,Chaud,Rio de Janeiro
26,1538,Ville,25,Tempéré,Paris
43,4247,Ville,3,Froid,New York
45,3168,Culture,23,Chaud,Rome
25,1663,Culture,20,Froid,Londres
22,1500,Culture,25,Chaud,Barcelone
61,3402,Ville,11,Tempéré,Rome
19,4780,Ville,29,Tempéré,Tokyo
40,2859,Nature,15,Tempéré,Sydney
50,544,Culture,16,Chaud,Le Caire
40,2818,Aventure,6,Chaud,Rio de Janeiro
59,3610,Ville,21,Froid,Londres
61,2353,Ville,3,Tempéré,Rome
39,2675,Ville,21,Froid,New York
46,4590,Plage,16,Froid,Sydney
38,4350,Nature,15,Froid,Sydney
27,3679,Aventure,8,Chaud,Rio de Janeiro
28,4307,Nature,6,Tempéré,Sydney
39,618,Culture,9,Froid,Londres
18,2631,Culture,12,Tempéré,Paris
55,2588,Nature,19,Chaud,Sydney
35,4706,Nature,11,Froid,Sydney
21,3575,Plage,24,Tempéré,Sydney
33,2034,Ville,26,Chaud,Sydney
31,804,Aventure,19,Froid,Rio de Janeiro
68,829,Plage,25,Froid,Bali
40,3179,Nature,28,Chaud,Rio de Janeiro
44,4427,Nature,15,Chaud,Sydney
48,1359,Aventure,2,Chaud,Rio de Janeiro
22,2552,Culture,14,Tempéré,Barcelone
37,2851,Culture,24,Froid,Londres
65,2612,Aventure,9,Froid,New York
34,3734,Nature,21,Tempéré,Sydney
43,801,Aventure,13,Froid,New York
31,3374,Plage,18,Froid,Sydney
28,1765,Ville,22,Froid,Londres
58,1146,Plage,20,Chaud,Bali
45,2619,Ville,5,Tempéré,Barcelone
25,2627,Nature,4,Tempéré,Sydney
61,1964,Plage,7,Tempéré,Barcelone
30,4602,Plage,15,Froid,Rio de Janeiro
22,3597,Culture,7,Chaud,Barcelone
21,2611,Ville,18,Chaud,Sydney
48,3318,Plage,9,Tempéré,Sydney
50,2416,Culture,17,Chaud,Rome
32,4098,Nature,16,Tempéré,Sydney
39,669,Aventure,9,Chaud,Rio de Janeiro
21,2292,Plage,10,Chaud,Barcelone
59,2515,Ville,19,Tempéré,Paris
30,4036,Plage,10,Chaud,Sydney
61,518,Plage,16,Tempéré,Sydney
44,1054,Culture,29,Chaud,Rome
61,3823,Aventure,19,Chaud,Rio de Janeiro
30,4366,Culture,13,Chaud,Barcelone
31,4755,Ville,24,Froid,New York
64,2667,Nature,17,Chaud,Rio de Janeiro
33,920,Nature,19,Chaud,Bali
63,1206,Aventure,12,Chaud,Rio de Janeiro
18,4707,Plage,8,Froid,Bali
56,631,Aventure,29,Froid,New York
31,3538,Aventure,20,Froid,New York
34,4269,Nature,18,Froid,Sydney
55,866,Aventure,24,Froid,New York
47,4385,Plage,24,Froid,Sydney
29,3347,Aventure,29,Froid,New York
63,1958,Plage,4,Tempéré,Barcelone
58,4679,Aventure,12,Froid,New York
35,671,Ville,27,Chaud,Barcelone
29,1350,Plage,17,Froid,Bali
56,2560,Nature,7,Tempéré,Sydney
37,3525,Plage,16,Tempéré,Sydney
60,658,Nature,24,Chaud,Bali
64,815,Ville,28,Tempéré,Rome
44,1698,Nature,10,Froid,Rio de Janeiro
68,4090,Aventure,4,Froid,New York
55,3265,Plage,15,Chaud,Sydney
65,1242,Aventure,14,Froid,Rio de Janeiro
63,2142,Plage,18,Tempéré,Sydney
57,3144,Culture,15,Froid,Londres
56,2084,Aventure,15,Chaud,Rio de Janeiro
32,1141,Aventure,20,Tempéré,Tokyo
31,4971,Aventure,27,Tempéré,New York
53,3412,Nature,14,Tempéré,Sydney
32,4434,Nature,7,Chaud,Sydney
20,2215,Plage,26,Froid,Sydney
41,2043,Ville,6,Froid,Londres
69,3179,Ville,4,Froid,Londres
39,4147,Aventure,21,Chaud,Rio de Janeiro
54,1916,Plage,6,Chaud,Rio de Janeiro
25,1614,Ville,11,Chaud,Barcelone
19,3046,Ville,22,Chaud,Sydney
42,3056,Nature,2,Tempéré,Sydney
26,1645,Aventure,24,Chaud,Rio de Janeiro
18,3208,Aventure,11,Chaud,Rio de Janeiro
66,1198,Aventure,26,Froid,New York
66,2058,Plage,12,Tempéré,Sydney
46,3583,Plage,2,Chaud,Sydney
36,853,Ville,2,Tempéré,Barcelone
62,1345,Nature,6,Chaud,Rio de Janeiro
40,4303,Ville,9,Froid,New York
41,997,Aventure,17,Tempéré,New York
42,2166,Ville,25,Tempéré,Sydney
39,2998,Aventure,15,Chaud,Rio de Janeiro
41,1017,Nature,2,Froid,Rio de Janeiro
49,2610,Culture,26,Tempéré,Paris
67,910,Plage,22,Chaud,Barcelone
29,2727,Aventure,12,Froid,New York
64,4728,Ville,16,Chaud,Rome
45,3854,Plage,3,Tempéré,Sydney
45,1444,Nature,2,Chaud,Rio de Janeiro
62,1561,Plage,22,Tempéré,Barcelone
42,3294,Culture,9,Tempéré,Paris
40,1877,Nature,12,Froid,Bali
40,2951,Nature,15,Chaud,Rio de Janeiro
18,3119,Nature,23,Chaud,Sydney
66,926,Culture,3,Chaud,Le Caire
61,2446,Ville,17,Froid,Londres
58,1415,Plage,24,Froid,Bali
24,1443,Ville,21,Froid,New York
67,3166,Ville,4,Tempéré,Londres
50,3416,Aventure,29,Froid,New York
62,3564,Aventure,20,Chaud,Tokyo
48,4729,Culture,11,Froid,Londres
50,1520,Aventure,3,Tempéré,New York
41,3615,Plage,2,Chaud,Sydney
25,4809,Ville,28,Tempéré,Tokyo
30,1016,Nature,15,Froid,Rio de Janeiro
30,2548,Culture,9,Tempéré,Londres
44,3113,Aventure,16,Tempéré,Tokyo
48,1365,Ville,18,Tempéré,Rome
64,4352,Culture,16,Chaud,Rome
63,2384,Ville,7,Chaud,Rome
51,2093,Plage,28,Tempéré,Barcelone
41,1414,Culture,3,Froid,Barcelone
37,3658,Culture,11,Chaud,Rome
57,4640,Nature,12,Froid,Bali
27,1044,Aventure,28,Froid,Rio de Janeiro
60,3938,Plage,19,Froid,Sydney
33,1327,Plage,7,Tempéré,Barcelone
47,4591,Aventure,10,Tempéré,New York
44,1533,Ville,23,Tempéré,Londres
64,749,Ville,27,Tempéré,Rome
48,1635,Aventure,4,Chaud,Rio de Janeiro
56,4023,Ville,11,Chaud,Rome
43,2975,Ville,22,Chaud,Rome
69,3215,Culture,4,Tempéré,Londres
62,3452,Plage,25,Tempéré,Sydney
24,4719,Culture,4,Tempéré,Tokyo
41,3199,Aventure,8,Froid,New York
57,4969,Aventure,21,Froid,New York
42,2780,Aventure,21,Froid,New York
38,4304,Ville,15,Chaud,Sydney
62,4608,Ville,22,Chaud,Rome
27,2294,Plage,14,Chaud,Bali
21,2099,Plage,2,Tempéré,Barcelone
48,4408,Plage,7,Tempéré,Sydney
63,1885,Aventure,8,Froid,New York
66,4302,Ville,10,Froid,New York
36,1409,Plage,3,Froid,Barcelone
26,4841,Ville,13,Chaud,Rome
52,4322,Culture,17,Chaud,Rome
19,1163,Culture,13,Chaud,Rome
46,4359,Ville,20,Chaud,Sydney
57,3311,Aventure,10,Chaud,Rio de Janeiro
38,1361,Ville,23,Froid,New York
35,3658,Aventure,11,Chaud,Rio de Janeiro
25,4072,Aventure,15,Tempéré,New York
65,657,Ville,26,Tempéré,Rome
58,4827,Nature,12,Froid,Londres
37,4296,Plage,14,Chaud,Sydney
63,752,Culture,26,Tempéré,Rome
51,648,Ville,26,Chaud,Rome
51,1973,Plage,13,Chaud,Rio de Janeiro
40,3781,Culture,13,Chaud,Rome
53,1321,Nature,15,Froid,Rio de Janeiro
31,1995,Ville,20,Froid,Londres
35,3560,Plage,19,Chaud,Sydney
27,1906,Nature,6,Froid,Rio de Janeiro
37,821,Ville,18,Froid,Londres
39,1577,Aventure,25,Froid,New York
19,4053,Nature,9,Tempéré,Sydney
53,1668,Ville,29,Froid,Londres
34,4133,Ville,3,Chaud,Sydney
54,1502,Plage,26,Froid,Rio de Janeiro
46,4320,Aventure,7,Tempéré,New York
59,4790,Culture,23,Froid,Londres
31,3838,Ville,5,Froid,Londres
47,1441,Culture,12,Chaud,Rome
58,659,Plage,7,Froid,Bali
28,3124,Culture,23,Tempéré,Paris
39,2299,Plage,12,Tempéré,Sydney
24,1364,Nature,29,Froid,Rio de Janeiro
30,2737,Plage,2,Tempéré,Sydney
19,521,Aventure,18,Tempéré,Tokyo
40,4384,Nature,3,Tempéré,Sydney
45,3430,Culture,16,Tempéré,Tokyo
18,3869,Culture,18,Froid,Londres
34,1617,Aventure,4,Chaud,Rio de Janeiro
41,2736,Aventure,6,Tempéré,New York
48,2801,Ville,7,Froid,Londres
62,1403,Plage,19,Chaud,Barcelone
45,1196,Culture,3,Tempéré,Barcelone
57,2294,Aventure,15,Chaud,Rio de Janeiro
50,4023,Culture,25,Chaud,Rome
51,1859,Aventure,21,Froid,New York
45,3340,Nature,19,Tempéré,Sydney
24,1622,Culture,24,Chaud,Barcelone
24,2044,Culture,3,Froid,Londres
28,3222,Culture,28,Chaud,Rome
26,1132,Culture,19,Tempéré,Rome
25,758,Aventure,6,Tempéré,Rio de Janeiro
63,4678,Plage,11,Chaud,Rio de Janeiro
68,989,Plage,15,Chaud,Bali
26,3925,Culture,9,Chaud,Rome
53,2970,Plage,13,Chaud,Sydney
60,1086,Aventure,18,Chaud,Rio de Janeiro
68,1658,Nature,4,Chaud,Rio de Janeiro
53,1300,Ville,16,Tempéré,Rome
21,3699,Nature,2,Froid,Sydney
32,4363,Plage,25,Tempéré,Sydney
50,3271,Ville,24,Froid,Londres
63,1982,Nature,2,Froid,Rio de Janeiro
36,2345,Aventure,24,Froid,New York
63,568,Aventure,19,Froid,New York
66,2961,Culture,3,Froid,Londres
55,2438,Culture,17,Froid,Londres
51,919,Plage,29,Froid,Rio de Janeiro
18,2201,Ville,15,Chaud,Sydney
38,4490,Culture,22,Chaud,Rome
19,4123,Plage,7,Froid,Rio de Janeiro
51,3419,Culture,8,Froid,Londres
50,4483,Aventure,13,Froid,New York
48,3173,Aventure,27,Tempéré,Tokyo
35,4677,Nature,18,Tempéré,Sydney
37,4128,Plage,4,Tempéré,Sydney
41,3091,Culture,11,Tempéré,Tokyo
37,2218,Plage,9,Tempéré,Barcelone
56,3317,Plage,16,Froid,Sydney
49,3666,Nature,28,Tempéré,Sydney
54,1554,Aventure,18,Froid,New York
59,3285,Nature,4,Froid,Londres
29,4172,Ville,22,Tempéré,Sydney
57,1253,Aventure,4,Tempéré,New York
30,1453,Plage,19,Tempéré,Barcelone
50,3035,Plage,18,Chaud,Sydney
66,1210,Nature,5,Tempéré,Rio de Janeiro
56,789,Ville,22,Chaud,Rome
33,2399,Nature,22,Chaud,Sydney
49,1008,Nature,19,Froid,Sydney
30,3992,Plage,17,Chaud,Sydney
37,1206,Ville,20,Froid,Londres
39,4589,Culture,4,Froid,Londres
66,895,Culture,24,Tempéré,Barcelone
37,1964,Plage,7,Chaud,Barcelone
66,3191,Ville,19,Tempéré,Tokyo
41,845,Aventure,10,Tempéré,Tokyo
37,1887,Plage,16,Chaud,Bali
20,4915,Culture,24,Tempéré,Tokyo
42,4475,Plage,15,Tempéré,Sydney
64,1223,Culture,19,Chaud,Le Caire
55,4549,Plage,26,Froid,New York
69,3249,Ville,12,Froid,Londres
63,558,Culture,21,Froid,Londres
41,3856,Nature,7,Tempéré,Sydney
67,1522,Aventure,11,Chaud,Rio de Janeiro
51,2458,Nature,5,Froid,Rio de Janeiro
32,3375,Ville,18,Chaud,Sydney
53,1544,Plage,9,Chaud,Rio de Janeiro
63,2946,Aventure,19,Froid,New York
66,3323,Aventure,15,Tempéré,Tokyo
36,2615,Culture,20,Chaud,Barcelone
38,1726,Culture,15,Chaud,Le Caire
34,1659,Aventure,26,Chaud,Rio de Janeiro
36,1443,Aventure,4,Tempéré,New York
28,4237,Ville,26,Chaud,Sydney
69,1509,Ville,12,Froid,Londres
68,4515,Ville,24,Froid,New York
51,2740,Aventure,3,Chaud,Rio de Janeiro
31,4921,Plage,14,Froid,Bali
54,1528,Culture,9,Tempéré,Londres
36,4124,Culture,20,Froid,Londres
62,3711,Ville,10,Tempéré,Paris
29,3336,Aventure,23,Chaud,Rio de Janeiro
57,2001,Nature,5,Chaud,Rio de Janeiro
50,1867,Aventure,8,Froid,New York
61,4451,Aventure,21,Chaud,Rio de Janeiro
41,3630,Plage,6,Tempéré,Sydney
45,3627,Ville,15,Chaud,Sydney
28,1780,Aventure,3,Tempéré,Tokyo
48,3259,Nature,20,Chaud,Sydney
38,3063,Ville,8,Chaud,Rome
43,3875,Ville,22,Chaud,Sydney
38,3853,Ville,21,Chaud,Sydney
60,3855,Nature,20,Tempéré,Sydney
21,3607,Plage,24,Tempéré,Sydney
48,4367,Ville,16,Tempéré,Tokyo
21,1096,Plage,8,Tempéré,Barcelone
66,3174,Ville,26,Froid,New York
38,2105,Plage,23,Chaud,Sydney
55,556,Culture,11,Chaud,Le Caire
52,1657,Ville,7,Froid,Londres
19,2151,Plage,9,Froid,Rio de Janeiro
51,702,Nature,27,Chaud,Rio de Janeiro
61,957,Plage,8,Chaud,Rio de Janeiro
65,2245,Ville,11,Chaud,Rome
60,1618,Nature,23,Tempéré,Sydney
62,864,Aventure,7,Chaud,Rio de Janeiro
38,3966,Culture,17,Chaud,Tokyo
50,1579,Aventure,13,Froid,New York
58,3762,Ville,10,Chaud,Sydney
32,2487,Plage,3,Tempéré,Barcelone
67,3837,Ville,28,Froid,New York
62,2794,Culture,11,Chaud,Rome
37,3606,Ville,16,Tempéré,Tokyo
54,3672,Plage,13,Tempéré,Sydney
59,4775,Plage,28,Tempéré,Barcelone
45,603,Ville,7,Froid,Londres
40,4415,Aventure,29,Froid,New York
18,3489,Plage,22,Chaud,Sydney
35,689,Aventure,8,Chaud,Rio de Janeiro
26,554,Aventure,15,Froid,New York
41,4227,Ville,14,Tempéré,Sydney
22,4674,Aventure,29,Tempéré,Tokyo
47,2333,Culture,5,Tempéré,Paris
51,3536,Culture,4,Chaud,Rome
42,4095,Culture,27,Tempéré,Tokyo
28,3659,Culture,19,Tempéré,Paris
39,3960,Plage,29,Froid,Sydney
30,2722,Aventure,25,Froid,New York
44,1904,Plage,29,Froid,Barcelone
57,3179,Nature,13,Chaud,Sydney
41,2373,Aventure,2,Froid,New York
57,4571,Aventure,11,Chaud,Rio de Janeiro
27,2647,Culture,6,Tempéré,Barcelone
32,4666,Ville,17,Froid,New York
18,2973,Ville,12,Tempéré,Rome
55,4192,Aventure,4,Froid,New York
55,1262,Aventure,14,Chaud,Rio de Janeiro
21,4073,Culture,19,Tempéré,Tokyo
49,1336,Plage,6,Tempéré,Barcelone
35,4191,Culture,24,Chaud,Le Caire
31,4522,Plage,4,Tempéré,Barcelone
52,4574,Nature,13,Chaud,Bali
69,1157,Plage,25,Tempéré,Barcelone
50,3819,Plage,11,Froid,Sydney
58,1842,Aventure,18,Froid,New York
23,4766,Culture,24,Tempéré,Tokyo
51,4055,Nature,4,Chaud,Sydney
67,2370,Plage,28,Froid,Bali
44,4513,Ville,14,Froid,New York
18,2110,Culture,16,Froid,Londres
38,2092,Plage,26,Tempéré,Barcelone
58,1716,Culture,27,Chaud,Le Caire
62,1530,Aventure,9,Chaud,Rio de Janeiro
38,1823,Ville,8,Tempéré,Rome
64,4997,Plage,25,Tempéré,Sydney
52,2834,Ville,3,Chaud,Rome
25,3670,Aventure,28,Froid,New York
35,2577,Ville,8,Chaud,Rome
20,2166,Ville,22,Chaud,Sydney
41,4304,Nature,4,Chaud,Sydney
55,589,Aventure,14,Froid,New York
47,4258,Nature,10,Froid,Sydney
44,3343,Nature,17,Chaud,Sydney
56,1778,Culture,28,Chaud,Le Caire
20,1085,Ville,4,Chaud,Barcelone
40,2015,Ville,22,Chaud,Sydney
22,2001,Culture,19,Chaud,Barcelone
24,4894,Plage,25,Chaud,Sydney
58,2396,Plage,29,Tempéré,Sydney
23,1025,Plage,22,Froid,Bali
39,4161,Plage,10,Chaud,Sydney
42,2299,Plage,12,Chaud,Sydney
60,4700,Nature,28,Froid,Rio de Janeiro
47,1872,Ville,10,Chaud,Barcelone
39,2748,Culture,28,Chaud,Barcelone
55,4324,Aventure,5,Chaud,New York
45,4394,Aventure,10,Chaud,Rio de Janeiro
49,500,Aventure,12,Froid,New York
25,1364,Plage,27,Tempéré,Barcelone
50,2995,Plage,13,Chaud,Sydney
44,3726,Aventure,26,Tempéré,Tokyo
30,3674,Culture,27,Froid,Londres
46,4957,Aventure,29,Chaud,Tokyo
49,2512,Aventure,9,Froid,New York
18,3782,Aventure,22,Tempéré,New York
30,3327,Ville,21,Tempéré,New York
52,4005,Culture,27,Chaud,Rome
60,2699,Plage,12,Chaud,Sydney
35,1625,Plage,21,Chaud,Bali
43,4166,Culture,24,Tempéré,Tokyo
37,1209,Ville,18,Chaud,Rome
36,936,Aventure,16,Chaud,Rio de Janeiro
21,1311,Plage,10,Tempéré,Barcelone
50,2876,Plage,24,Tempéré,Sydney
27,2158,Culture,23,Chaud,Barcelone
19,3323,Nature,21,Tempéré,Sydney
62,4791,Nature,7,Tempéré,Sydney
54,4597,Nature,14,Froid,New York
66,824,Plage,11,Tempéré,Barcelone
55,4429,Culture,28,Chaud,Rome
68,3378,Culture,12,Chaud,Rome
30,4796,Nature,23,Tempéré,Sydney
37,3627,Aventure,29,Froid,New York
50,4921,Aventure,24,Froid,New York
52,537,Nature,29,Chaud,Bali
56,1675,Aventure,23,Froid,New York
64,1885,Nature,7,Tempéré,Bali
25,3682,Aventure,15,Tempéré,Tokyo
26,2302,Ville,8,Chaud,Rome
47,3054,Culture,9,Tempéré,Londres
26,806,Nature,9,Froid,Bali
51,1893,Ville,8,Tempéré,Londres
43,1924,Plage,8,Chaud,Barcelone
35,2636,Ville,2,Tempéré,New York
67,739,Aventure,5,Tempéré,New York
35,1596,Plage,17,Froid,Bali
23,2895,Aventure,8,Chaud,Rio de Janeiro
41,4412,Aventure,6,Tempéré,New York
42,1518,Culture,7,Chaud,Rome
42,2817,Nature,5,Tempéré,Sydney
69,1311,Plage,12,Tempéré,Barcelone
64,3613,Plage,25,Froid,Sydney
28,4776,Culture,19,Tempéré,Tokyo
35,806,Culture,13,Tempéré,Barcelone
46,4799,Culture,4,Chaud,Barcelone
38,4630,Plage,4,Chaud,Barcelone
56,972,Aventure,13,Tempéré,Rio de Janeiro
59,1813,Nature,20,Chaud,Bali
40,770,Aventure,7,Chaud,Rio de Janeiro
29,3121,Aventure,8,Froid,New York
49,1141,Plage,18,Froid,Barcelone
40,4072,Culture,29,Tempéré,Tokyo
46,832,Ville,5,Tempéré,Barcelone
56,1222,Culture,2,Froid,Londres
51,4658,Ville,21,Chaud,Rome
58,1888,Culture,12,Chaud,Rome
61,2480,Nature,5,Tempéré,Sydney
25,2429,Aventure,19,Froid,Rio de Janeiro
25,2298,Ville,12,Chaud,Sydney
51,2669,Ville,26,Tempéré,New York
22,3657,Plage,7,Chaud,Sydney
39,2737,Culture,14,Tempéré,Paris
64,1044,Nature,11,Tempéré,Sydney
53,3392,Ville,17,Froid,New York
33,868,Nature,14,Chaud,Bali
65,2706,Aventure,4,Froid,New York
58,3564,Culture,9,Froid,Londres
44,1304,Culture,29,Froid,Londres
52,4132,Culture,23,Tempéré,Londres
41,4893,Ville,14,Chaud,Sydney
68,2835,Plage,24,Tempéré,Sydney
62,4165,Plage,19,Tempéré,Sydney
47,2275,Aventure,20,Tempéré,Tokyo
63,1964,Nature,9,Chaud,Rio de Janeiro
39,4931,Culture,22,Tempéré,Tokyo
18,4698,Plage,2,Tempéré,Sydney
27,2422,Aventure,13,Tempéré,Tokyo
27,4640,Ville,16,Chaud,Sydney
44,4723,Aventure,18,Tempéré,Tokyo
31,2125,Plage,20,Froid,Sydney
65,3607,Nature,4,Chaud,Sydney
19,1044,Plage,6,Froid,Rio de Janeiro
43,2197,Ville,14,Chaud,Sydney
31,1229,Aventure,6,Tempéré,New York
39,3680,Nature,24,Tempéré,Sydney
48,1141,Aventure,21,Tempéré,New York
54,1812,Aventure,2,Froid,New York
36,3763,Ville,4,Chaud,Sydney
61,1901,Culture,17,Froid,Londres
19,2795,Aventure,14,Tempéré,Rio de Janeiro
58,3960,Plage,29,Froid,Londres
67,2607,Ville,13,Chaud,Rome
36,1531,Aventure,14,Tempéré,New York
35,3297,Nature,16,Tempéré,Sydney
37,656,Plage,12,Chaud,Bali
23,3566,Nature,28,Chaud,Sydney
36,2612,Plage,13,Froid,Sydney
30,2204,Aventure,29,Froid,New York
64,3140,Plage,21,Chaud,Sydney
32,4514,Culture,5,Froid,Londres
32,4780,Plage,4,Tempéré,Sydney
36,4430,Aventure,15,Tempéré,Tokyo
41,4612,Plage,28,Froid,Sydney
57,1516,Culture,27,Tempéré,Rome
69,3319,Plage,26,Tempéré,Sydney
37,2036,Nature,21,Tempéré,Sydney
51,4714,Culture,3,Tempéré,Tokyo
32,1741,Aventure,26,Froid,New York
30,2115,Aventure,4,Chaud,Rio de Janeiro
63,3938,Aventure,16,Tempéré,Tokyo
58,720,Ville,23,Tempéré,Rome
32,3090,Nature,15,Tempéré,Sydney
69,1813,Plage,2,Tempéré,Barcelone
57,4890,Plage,8,Chaud,Rio de Janeiro
63,2491,Nature,13,Chaud,Sydney
40,4573,Plage,17,Chaud,Bali
51,4241,Aventure,26,Froid,New York
51,1264,Nature,16,Chaud,Bali
42,2613,Aventure,4,Tempéré,New York
43,2012,Plage,8,Chaud,Barcelone
68,3195,Aventure,23,Tempéré,New York
34,3735,Aventure,12,Tempéré,Tokyo
69,3463,Ville,8,Froid,Londres
36,4615,Aventure,2,Tempéré,Tokyo
30,1951,Aventure,7,Tempéré,Tokyo
65,1385,Culture,25,Chaud,Rome
23,4390,Ville,5,Chaud,Sydney
54,2890,Culture,3,Froid,Londres
27,1698,Culture,17,Froid,Londres
50,4160,Culture,2,Froid,Tokyo
23,1464,Plage,20,Chaud,Rio de Janeiro
45,616,Plage,7,Froid,Rio de Janeiro
63,977,Culture,21,Tempéré,Le Caire
66,4925,Culture,17,Tempéré,Tokyo
55,4299,Nature,2,Chaud,Sydney
55,584,Culture,2,Tempéré,Londres
46,1264,Culture,13,Tempéré,Rome
42,3300,Culture,28,Chaud,Rome
62,1248,Plage,3,Tempéré,Barcelone
58,987,Culture,15,Chaud,Le Caire
34,3062,Aventure,4,Froid,New York
29,897,Culture,25,Froid,Londres
20,562,Nature,13,Chaud,Bali
27,1281,Ville,25,Chaud,Barcelone
64,1764,Plage,9,Tempéré,Barcelone
55,4855,Nature,25,Froid,New York
45,1766,Ville,19,Chaud,Rome
53,825,Nature,29,Tempéré,Sydney
35,3979,Ville,29,Chaud,Sydney
61,790,Nature,24,Tempéré,Sydney
64,1254,Plage,10,Chaud,Barcelone
62,1615,Culture,2,Tempéré,Rome
52,4415,Plage,9,Froid,Sydney
37,4132,Culture,11,Tempéré,Tokyo
66,4772,Aventure,7,Froid,New York
47,3537,Culture,9,Chaud,Le Caire
56,3892,Nature,22,Tempéré,Sydney
69,4256,Nature,24,Chaud,Sydney
45,4626,Nature,10,Chaud,Rio de Janeiro
33,2607,Ville,27,Froid,New York
31,2191,Ville,11,Froid,Londres
59,873,Plage,24,Chaud,Rio de Janeiro
19,1486,Culture,28,Tempéré,Rome
64,3700,Nature,28,Tempéré,Sydney
54,2725,Nature,27,Froid,Londres
44,3325,Nature,21,Chaud,Sydney
40,644,Plage,28,Chaud,Bali
52,4944,Nature,28,Tempéré,Sydney
38,4580,Plage,7,Froid,Bali
24,4218,Nature,13,Tempéré,Sydney
49,3458,Ville,24,Chaud,Sydney
23,1103,Culture,13,Froid,Londres
44,4961,Ville,19,Froid,New York
40,752,Plage,20,Froid,Bali
29,1625,Plage,14,Chaud,Bali
26,4244,Culture,11,Froid,Londres
33,1378,Ville,10,Froid,New York
61,932,Ville,21,Froid,New York
53,2855,Aventure,12,Froid,New York
37,1367,Culture,9,Froid,Londres
61,1654,Plage,5,Tempéré,Barcelone
47,4141,Nature,17,Tempéré,Sydney
65,4453,Ville,20,Froid,New York
31,2748,Ville,14,Froid,Londres
28,1878,Nature,25,Chaud,Rio de Janeiro
57,3404,Culture,10,Froid,Londres
67,594,Culture,11,Tempéré,Rome
53,3464,Ville,17,Tempéré,New York
54,2723,Culture,18,Tempéré,Paris
52,4924,Ville,10,Froid,New York
20,1118,Nature,22,Chaud,Rio de Janeiro
49,2573,Nature,10,Chaud,Sydney
47,3224,Ville,17,Chaud,Sydney
43,4881,Ville,11,Chaud,Sydney
47,4813,Culture,27,Tempéré,Tokyo
34,3667,Culture,24,Chaud,Rome
18,968,Culture,18,Froid,Londres
51,1327,Culture,3,Chaud,Le Caire
40,1716,Aventure,3,Froid,New York
20,1426,Ville,5,Tempéré,Barcelone
26,3202,Aventure,29,Chaud,Rio de Janeiro
68,2573,Ville,11,Tempéré,Paris
68,991,Ville,9,Tempéré,Barcelone
68,3465,Culture,14,Tempéré,Tokyo
62,1334,Culture,14,Tempéré,Rome
52,2106,Plage,29,Tempéré,Barcelone
21,1720,Nature,26,Chaud,Bali
29,3881,Aventure,26,Tempéré,Tokyo
18,3153,Culture,5,Tempéré,Londres
65,658,Aventure,14,Froid,New York
63,4487,Aventure,23,Tempéré,Tokyo
32,770,Aventure,2,Froid,New York
53,1595,Ville,25,Froid,Londres
21,1357,Culture,3,Froid,Barcelone
30,4596,Nature,21,Chaud,Sydney
42,4610,Culture,8,Froid,Londres
53,1267,Ville,5,Froid,Londres
63,2138,Plage,14,Froid,Bali
64,2833,Ville,28,Froid,New York
44,2379,Nature,23,Chaud,Sydney
53,726,Culture,26,Froid,Londres
31,4435,Aventure,13,Chaud,Rio de Janeiro
66,4680,Nature,26,Froid,Bali
58,4406,Plage,25,Froid,Sydney
52,1669,Aventure,8,Froid,New York
43,4428,Aventure,15,Tempéré,Tokyo
36,4550,Plage,28,Froid,Sydney
39,4195,Ville,13,Froid,New York
35,1023,Nature,15,Tempéré,Sydney
63,3325,Aventure,16,Froid,New York
51,2242,Plage,3,Froid,Londres
42,791,Nature,23,Chaud,Rio de Janeiro
48,2248,Culture,4,Chaud,Barcelone
31,1189,Nature,10,Froid,Rio de Janeiro
55,3994,Aventure,9,Chaud,New York
35,1125,Plage,17,Chaud,Bali
46,4887,Ville,5,Chaud,Rome
33,3067,Nature,21,Froid,Sydney
22,1430,Culture,20,Froid,Barcelone
32,721,Ville,14,Tempéré,Paris
35,2277,Culture,7,Tempéré,Paris
26,514,Aventure,16,Chaud,Rio de Janeiro
37,1705,Aventure,20,Froid,New York
19,1456,Ville,8,Tempéré,Barcelone
58,4442,Nature,15,Froid,Sydney
18,4276,Nature,18,Tempéré,Sydney
38,1635,Culture,21,Froid,Londres
63,2215,Culture,24,Chaud,Rome
63,4487,Culture,21,Tempéré,Rome
49,3634,Ville,20,Chaud,Sydney
67,4132,Ville,6,Chaud,Rome
59,2608,Culture,25,Chaud,Rome
52,1808,Nature,4,Froid,Bali
20,3322,Ville,17,Chaud,Sydney
55,3359,Culture,24,Chaud,Rome
29,2967,Culture,15,Tempéré,Paris
38,3791,Nature,2,Chaud,Sydney
63,2678,Culture,13,Froid,Londres
37,4967,Plage,22,Chaud,Sydney
67,1256,Aventure,22,Chaud,Rio de Janeiro
18,1874,Nature,24,Tempéré,Rio de Janeiro
24,1497,Ville,12,Froid,Londres
56,1965,Culture,11,Froid,Londres
44,4572,Nature,17,Froid,Sydney
38,1359,Aventure,7,Chaud,Rio de Janeiro
18,2591,Plage,22,Froid,Rio de Janeiro
31,1753,Ville,8,Froid,Londres
68,1916,Plage,9,Chaud,Bali
64,2833,Plage,21,Froid,Sydney
27,3875,Ville,14,Tempéré,Tokyo
66,4682,Ville,8,Tempéré,Tokyo
19,3350,Culture,4,Froid,Londres
50,1440,Nature,14,Tempéré,Sydney
51,2873,Plage,29,Chaud,Sydney
49,1922,Culture,6,Froid,Londres
26,3804,Nature,28,Froid,Sydney
66,2755,Culture,11,Chaud,Rome
67,3584,Nature,5,Froid,Sydney
20,2294,Culture,11,Chaud,Barcelone
27,4805,Nature,11,Tempéré,Sydney
59,3264,Culture,6,Chaud,Rome
51,4357,Ville,2,Chaud,Sydney
45,4563,Culture,28,Chaud,Le Caire
28,2549,Aventure,18,Froid,New York
39,2728,Plage,9,Froid,Barcelone
24,3139,Ville,27,Froid,New York
51,4834,Culture,18,Chaud,Rome
28,1614,Ville,22,Froid,Londres
20,2938,Aventure,2,Chaud,Rio de Janeiro
51,2327,Plage,9,Chaud,Rio de Janeiro
49,1984,Nature,14,Froid,Bali
44,2629,Nature,15,Froid,Sydney
66,3786,Nature,24,Tempéré,Sydney
39,4148,Ville,21,Chaud,Sydney
60,1241,Nature,5,Tempéré,Sydney
67,1084,Aventure,29,Froid,Rio de Janeiro
24,2887,Plage,13,Chaud,Rio de Janeiro
26,3712,Aventure,5,Chaud,Rio de Janeiro
65,3589,Culture,6,Tempéré,Rome
42,4523,Nature,17,Tempéré,Sydney
62,2202,Nature,15,Chaud,Rio de Janeiro
50,569,Aventure,19,Chaud,Rio de Janeiro
30,1566,Aventure,9,Tempéré,Tokyo
37,4910,Aventure,4,Chaud,Rio de Janeiro
43,2101,Aventure,15,Froid,Rio de Janeiro
55,1102,Plage,10,Chaud,Barcelone
28,513,Aventure,22,Froid,New York
41,1717,Nature,6,Tempéré,Rio de Janeiro
55,2006,Nature,16,Chaud,Rio de Janeiro
50,3860,Ville,10,Chaud,Sydney
50,957,Culture,8,Chaud,Barcelone
59,4147,Ville,5,Chaud,Rome
38,3047,Nature,25,Chaud,Sydney
59,1063,Ville,18,Tempéré,Rome
57,884,Aventure,4,Froid,New York
45,3525,Nature,11,Froid,Sydney
27,1050,Culture,26,Froid,Londres
42,1073,Ville,5,Tempéré,Rome
55,2649,Culture,12,Tempéré,Londres
66,4023,Ville,11,Tempéré,Tokyo
44,546,Plage,5,Froid,Barcelone
40,2463,Plage,10,Chaud,Barcelone
28,782,Ville,24,Froid,Londres
29,745,Culture,19,Froid,Londres
59,3202,Culture,12,Tempéré,Rome
68,795,Plage,22,Chaud,Rio de Janeiro
56,3185,Ville,9,Froid,Londres
62,3405,Aventure,10,Tempéré,New York
45,3265,Plage,8,Froid,Sydney
63,1285,Plage,22,Tempéré,Barcelone
41,1072,Aventure,16,Tempéré,Tokyo
52,3855,Culture,21,Chaud,Rome
33,4109,Ville,11,Tempéré,Tokyo
29,4750,Ville,25,Chaud,Sydney
49,2848,Plage,28,Froid,Sydney
25,2333,Aventure,2,Chaud,Rio de Janeiro
21,1095,Plage,9,Chaud,Bali
40,4441,Nature,5,Froid,Sydney
46,4920,Nature,3,Tempéré,Sydney
46,2012,Ville,6,Chaud,Barcelone
23,2525,Ville,6,Chaud,Barcelone
21,2613,Ville,19,Chaud,Sydney
42,1043,Culture,23,Froid,Londres
34,3717,Aventure,21,Tempéré,Tokyo
33,4456,Culture,15,Froid,Londres
26,4272,Nature,14,Chaud,Sydney
43,1096,Plage,21,Tempéré,Barcelone
69,910,Aventure,11,Chaud,Rio de Janeiro
64,3624,Culture,17,Chaud,Le Caire
60,1764,Culture,5,Froid,Londres
38,3142,Ville,13,Tempéré,Paris
29,4336,Ville,3,Chaud,Barcelone
28,2391,Plage,19,Froid,Bali
50,4723,Nature,29,Froid,New York
36,537,Nature,23,Froid,Bali
26,2601,Culture,9,Froid,Londres
44,2919,Nature,7,Froid,Rio de Janeiro
18,1987,Nature,3,Froid,Rio de Janeiro
32,546,Aventure,11,Tempéré,New York
31,1928,Ville,25,Froid,Londres
24,4015,Ville,26,Tempéré,Sydney
40,4634,Nature,20,Tempéré,Sydney
43,2986,Aventure,29,Froid,New York
62,877,Ville,21,Froid,New York
40,1202,Ville,14,Tempéré,Rome
28,3761,Aventure,16,Tempéré,Tokyo
54,2815,Plage,5,Chaud,Rio de Janeiro
47,2921,Culture,10,Tempéré,Barcelone
41,2189,Aventure,10,Tempéré,New York
39,2769,Nature,19,Chaud,Sydney
38,3035,Culture,17,Tempéré,Tokyo
62,3104,Ville,2,Chaud,Rome
28,3307,Culture,15,Tempéré,Tokyo
61,775,Aventure,20,Chaud,Rio de Janeiro
67,2165,Nature,22,Chaud,Sydney
67,1479,Aventure,5,Chaud,Rio de Janeiro
39,651,Aventure,27,Tempéré,New York
26,2169,Ville,28,Tempéré,Londres
52,2933,Culture,13,Chaud,Rome
26,3625,Plage,16,Tempéré,Sydney
60,4467,Plage,3,Tempéré,Sydney
62,2609,Culture,15,Tempéré,Rome
27,2186,Plage,17,Tempéré,Sydney
28,4317,Aventure,23,Froid,New York
28,3929,Aventure,28,Froid,New York
33,3689,Aventure,22,Froid,New York
29,2849,Plage,3,Tempéré,Barcelone
22,3424,Ville,26,Chaud,Sydney
20,898,Nature,7,Froid,Rio de Janeiro
21,763,Culture,27,Tempéré,Barcelone
27,667,Ville,20,Chaud,Sydney
55,2014,Nature,8,Tempéré,Sydney
18,3606,Culture,25,Froid,Londres
68,4868,Nature,20,Froid,Bali
22,1405,Nature,2,Tempéré,Sydney
64,1282,Aventure,20,Tempéré,Tokyo
29,4618,Nature,19,Chaud,Sydney
28,1206,Nature,21,Chaud,Bali
51,953,Aventure,28,Chaud,Rio de Janeiro
22,1477,Nature,9,Chaud,Bali
18,2356,Ville,29,Froid,Londres
22,532,Ville,22,Froid,New York
45,1475,Aventure,9,Froid,New York
25,2247,Culture,24,Chaud,Rome
50,4720,Culture,23,Froid,Londres
29,1812,Aventure,22,Chaud,Rio de Janeiro
19,4513,Plage,10,Tempéré,Barcelone
52,4110,Plage,18,Froid,Sydney
50,1236,Aventure,25,Froid,New York
60,2840,Nature,8,Froid,Rio de Janeiro
66,4952,Culture,29,Tempéré,Tokyo
31,4540,Culture,2,Chaud,Rome
55,3393,Nature,15,Chaud,Sydney
40,1345,Aventure,3,Tempéré,Tokyo
28,1964,Aventure,12,Tempéré,Rio de Janeiro
22,2912,Nature,9,Froid,Sydney
32,530,Aventure,14,Chaud,Rio de Janeiro
22,2599,Ville,11,Tempéré,Sydney
43,2972,Nature,5,Froid,Rio de Janeiro
67,1780,Aventure,8,Froid,New York
26,4888,Nature,10,Froid,Bali
66,2560,Aventure,24,Tempéré,New York
53,1428,Ville,5,Froid,Londres
63,1050,Culture,9,Chaud,Le Caire
67,3708,Culture,19,Chaud,Le Caire
44,2866,Nature,17,Chaud,Sydney
54,2847,Aventure,3,Tempéré,New York
25,3501,Nature,6,Froid,Sydney
64,4840,Culture,3,Froid,Londres
55,2980,Ville,22,Chaud,Rome
48,4837,Aventure,18,Chaud,Tokyo
34,4200,Plage,28,Chaud,Sydney
32,1527,Plage,9,Tempéré,Barcelone
50,3450,Plage,12,Tempéré,Sydney
23,731,Plage,25,Chaud,Rio de Janeiro
50,1030,Nature,15,Froid,Bali
34,1134,Plage,15,Froid,Rio de Janeiro
19,3201,Nature,3,Froid,Rio de Janeiro
54,2221,Plage,19,Froid,Sydney
58,4296,Aventure,16,Tempéré,Tokyo
40,676,Culture,5,Tempéré,Londres
18,3312,Plage,14,Tempéré,Sydney
52,2722,Plage,4,Tempéré,Barcelone
62,3032,Ville,23,Chaud,Rome
63,2832,Nature,28,Froid,Sydney
29,4994,Culture,8,Chaud,Barcelone
35,4932,Culture,2,Tempéré,Tokyo
22,1089,Ville,26,Chaud,Barcelone
50,4440,Culture,24,Chaud,Barcelone
33,1415,Aventure,19,Chaud,Rio de Janeiro
38,1912,Aventure,18,Froid,New York
23,1685,Ville,26,Froid,New York
53,4328,Ville,14,Froid,New York
54,3266,Culture,17,Froid,Londres
38,714,Nature,28,Chaud,Rio de Janeiro
36,4578,Ville,23,Tempéré,New York
64,1765,Ville,16,Chaud,Rome
22,1817,Ville,3,Tempéré,Barcelone
21,1054,Ville,28,Chaud,Barcelone
40,683,Aventure,7,Tempéré,New York
28,4146,Culture,2,Froid,Londres
21,3889,Culture,12,Froid,Londres
30,3033,Culture,20,Froid,Londres
32,1586,Nature,24,Tempéré,Sydney
32,544,Culture,28,Tempéré,Londres
68,4096,Aventure,2,Tempéré,Tokyo
50,2091,Aventure,20,Chaud,Rio de Janeiro
53,3606,Culture,29,Tempéré,Paris
37,833,Nature,13,Froid,Bali
35,2588,Nature,17,Froid,Sydney
37,3480,Aventure,12,Froid,New York
60,1020,Plage,15,Tempéré,Barcelone
54,4509,Ville,25,Froid,New York
38,827,Ville,21,Froid,Londres
18,1222,Nature,28,Froid,Bali
26,2389,Culture,6,Chaud,Barcelone
53,3565,Ville,15,Tempéré,Paris
48,1077,Aventure,7,Froid,New York
54,1215,Nature,18,Chaud,Bali
47,3012,Ville,6,Froid,Londres
47,2685,Aventure,3,Froid,New York
35,2453,Ville,13,Froid,Londres
54,2783,Ville,10,Froid,Londres
52,3163,Ville,21,Chaud,Rome
21,3826,Aventure,11,Froid,New York
33,2103,Culture,5,Tempéré,Paris
52,4807,Plage,22,Chaud,Rio de Janeiro
28,2342,Aventure,17,Tempéré,Tokyo
60,1846,Nature,3,Froid,Londres
25,1095,Plage,7,Tempéré,Barcelone
27,4989,Plage,26,Tempéré,Barcelone
68,3277,Ville,28,Tempéré,New York
19,3177,Culture,15,Froid,Londres
36,3516,Plage,10,Froid,Sydney
24,702,Plage,27,Tempéré,Barcelone
53,3252,Nature,16,Froid,Sydney
49,2167,Aventure,18,Froid,New York
21,4087,Plage,12,Tempéré,Sydney
35,4896,Culture,19,Chaud,Rome
67,4292,Nature,7,Tempéré,Sydney
56,4763,Nature,3,Chaud,Sydney
69,3233,Ville,10,Froid,Londres
31,3056,Aventure,23,Chaud,Rio de Janeiro
18,2145,Nature,23,Chaud,Rio de Janeiro
68,3480,Plage,13,Froid,Sydney
57,2081,Ville,12,Tempéré,Paris
43,3075,Ville,16,Chaud,Sydney
57,1461,Culture,25,Froid,Londres
57,2314,Nature,3,Tempéré,Sydney
19,1991,Ville,15,Tempéré,Paris
57,1832,Aventure,15,Froid,New York
61,797,Culture,11,Tempéré,Rome
48,4991,Nature,2,Tempéré,Sydney
42,895,Aventure,3,Chaud,Rio de Janeiro
60,2401,Aventure,5,Tempéré,New York
45,1410,Culture,12,Froid,Londres
23,4106,Culture,8,Tempéré,Tokyo
65,3154,Nature,26,Tempéré,Sydney
39,953,Nature,17,Chaud,Bali
41,4978,Ville,22,Chaud,Sydney
24,3374,Aventure,9,Tempéré,Tokyo
43,785,Nature,29,Froid,Rio de Janeiro
44,687,Nature,25,Tempéré,Sydney
56,1081,Culture,10,Froid,Londres
66,3526,Nature,23,Chaud,Sydney
27,2969,Aventure,21,Chaud,Rio de Janeiro
34,2804,Aventure,17,Tempéré,New York
49,1163,Culture,9,Chaud,Rome
41,3408,Ville,15,Tempéré,Tokyo
21,1296,Aventure,14,Froid,New York
20,1750,Plage,3,Chaud,Bali
36,1781,Ville,17,Chaud,Rome
50,3821,Aventure,9,Tempéré,New York
68,4948,Plage,13,Tempéré,Sydney
21,4505,Ville,21,Chaud,Sydney
40,2994,Aventure,15,Tempéré,New York
61,3357,Aventure,10,Froid,New York
66,3460,Culture,5,Chaud,Le Caire
35,4663,Nature,11,Froid,Rio de Janeiro
43,2716,Aventure,27,Chaud,Rio de Janeiro
42,3875,Ville,9,Froid,New York
69,1346,Nature,18,Chaud,Bali
18,4233,Aventure,19,Chaud,Rio de Janeiro
42,4305,Culture,10,Tempéré,Tokyo
41,4393,Nature,15,Chaud,Sydney
69,1405,Ville,4,Tempéré,Barcelone
52,2348,Culture,7,Froid,Londres
31,3489,Aventure,11,Chaud,Rio de Janeiro
21,1194,Nature,2,Froid,Rio de Janeiro
50,2456,Ville,29,Tempéré,Londres
34,2032,Aventure,28,Tempéré,New York
44,4512,Plage,22,Froid,Sydney
48,540,Culture,20,Froid,Londres
43,1916,Aventure,27,Tempéré,Tokyo
48,3281,Plage,18,Chaud,Sydney
27,1952,Ville,19,Chaud,Rome
49,3734,Culture,13,Froid,Londres
42,3991,Culture,20,Tempéré,Londres
48,754,Nature,9,Froid,Rio de Janeiro
49,1764,Aventure,9,Froid,New York
39,2755,Ville,12,Chaud,Sydney
37,805,Culture,11,Tempéré,Barcelone
63,2520,Plage,15,Chaud,Rio de Janeiro
28,1129,Culture,2,Chaud,Rome
66,627,Culture,29,Froid,Londres
34,3148,Aventure,10,Froid,New York
28,2070,Culture,6,Froid,Londres
61,901,Aventure,2,Froid,New York
56,3319,Nature,10,Froid,Sydney
44,3802,Aventure,25,Chaud,Rio de Janeiro
53,4323,Ville,9,Chaud,Rome
49,2678,Nature,26,Chaud,Sydney
29,3540,Aventure,5,Chaud,Rio de Janeiro
59,1000,Ville,17,Tempéré,Rome
69,4782,Plage,28,Tempéré,Barcelone
24,1636,Plage,6,Tempéré,Barcelone
46,2237,Aventure,11,Froid,New York
18,2814,Nature,27,Froid,Rio de Janeiro
19,1864,Nature,17,Froid,Bali
23,2992,Culture,8,Chaud,Barcelone
36,3661,Culture,10,Froid,Londres
52,2129,Nature,22,Chaud,Sydney
31,3770,Aventure,19,Froid,New York
35,2667,Aventure,23,Froid,New York
56,745,Culture,11,Chaud,Le Caire
65,1131,Culture,21,Tempéré,Rome
20,4217,Nature,5,Tempéré,Sydney
53,1273,Culture,13,Tempéré,Rome
42,588,Ville,10,Chaud,Sydney
43,1467,Culture,2,Chaud,Le Caire
55,2048,Nature,26,Froid,Bali
56,881,Aventure,27,Froid,New York
50,3330,Aventure,16,Chaud,New York
68,4472,Aventure,8,Chaud,New York
48,3182,Plage,25,Tempéré,Sydney
41,3816,Nature,24,Tempéré,Sydney
44,4122,Culture,9,Froid,Londres
43,3281,Nature,25,Froid,Sydney
68,3115,Aventure,28,Froid,New York
62,4666,Plage,13,Chaud,Sydney
53,1271,Plage,20,Tempéré,Barcelone
57,3200,Ville,25,Tempéré,Paris
37,2205,Ville,6,Chaud,Barcelone
49,3112,Nature,13,Tempéré,Sydney
26,4720,Ville,5,Tempéré,New York
59,698,Aventure,10,Tempéré,Tokyo
39,3187,Ville,29,Froid,Londres
57,2729,Plage,20,Chaud,Sydney
68,2243,Culture,7,Tempéré,Barcelone
35,3961,Ville,4,Froid,New York
33,3698,Ville,24,Tempéré,Sydney
36,4409,Ville,21,Tempéré,Sydney
39,4382,Plage,5,Tempéré,Sydney
53,1658,Culture,21,Tempéré,Paris
25,2866,Nature,19,Chaud,Sydney
69,1333,Plage,22,Froid,Rio de Janeiro
47,3763,Aventure,20,Chaud,Tokyo
44,4022,Ville,7,Tempéré,Tokyo
69,2432,Aventure,20,Tempéré,Tokyo
68,2591,Nature,18,Tempéré,Sydney
41,696,Nature,13,Chaud,Bali
47,709,Aventure,13,Chaud,Rio de Janeiro
51,4398,Ville,19,Froid,New York
41,1131,Plage,3,Froid,Barcelone
62,1936,Ville,27,Tempéré,Rome
19,2392,Culture,21,Froid,Londres
24,1095,Nature,2,Froid,Bali
48,4187,Plage,10,Chaud,Sydney
47,3788,Aventure,6,Chaud,New York
63,1204,Nature,28,Tempéré,Sydney
66,3662,Ville,29,Chaud,Sydney
30,4545,Ville,10,Froid,New York
44,1391,Culture,2,Froid,Londres
66,2884,Aventure,15,Froid,New York
46,1421,Nature,25,Froid,Sydney
45,2981,Culture,18,Tempéré,Londres
62,4126,Nature,28,Tempéré,Sydney
44,1131,Culture,23,Tempéré,Rome
62,1098,Ville,29,Chaud,Rome
53,2202,Nature,15,Chaud,Sydney
31,3019,Nature,9,Tempéré,Sydney
59,3545,Nature,25,Froid,Londres
23,2369,Plage,9,Froid,Bali
36,3221,Culture,27,Chaud,Rome
26,1748,Plage,23,Tempéré,Barcelone
30,2712,Aventure,19,Tempéré,New York
30,1843,Culture,28,Froid,Londres
53,1139,Nature,17,Froid,Bali
21,2193,Nature,9,Tempéré,Sydney
45,3757,Culture,17,Froid,Londres
58,2136,Culture,16,Chaud,Rome
52,2705,Culture,17,Froid,Londres
44,4741,Culture,27,Froid,Londres
37,3554,Ville,15,Tempéré,Sydney
56,4726,Plage,12,Tempéré,Sydney
37,1925,Ville,6,Froid,Londres
53,4626,Culture,10,Froid,Londres
38,948,Plage,24,Tempéré,Barcelone
34,2349,Culture,24,Chaud,Barcelone
23,650,Nature,10,Froid,Bali
37,3740,Ville,13,Tempéré,Sydney
68,3669,Culture,12,Tempéré,Tokyo
56,1370,Nature,5,Chaud,Rio de Janeiro
20,1213,Aventure,18,Chaud,Rio de Janeiro
38,741,Ville,26,Froid,Londres
55,3505,Ville,17,Chaud,Sydney
26,865,Plage,13,Tempéré,Barcelone
37,583,Ville,5,Chaud,Rome
69,1613,Culture,12,Tempéré,Londres
59,1334,Nature,20,Froid,Bali
35,1139,Ville,23,Tempéré,Barcelone
26,3456,Ville,22,Tempéré,Sydney
57,501,Plage,27,Froid,Bali
21,3977,Nature,10,Tempéré,Sydney
67,2609,Plage,15,Tempéré,Sydney
30,3667,Nature,8,Chaud,Sydney
28,4583,Ville,13,Chaud,Sydney
55,3440,Nature,6,Chaud,Sydney
20,570,Ville,12,Chaud,Sydney
47,3624,Plage,16,Froid,Sydney
55,4616,Nature,8,Tempéré,Sydney
26,4442,Ville,25,Chaud,Sydney
42,4908,Nature,26,Froid,New York
65,3731,Aventure,29,Tempéré,Tokyo
65,2059,Culture,4,Froid,Londres
38,1357,Culture,9,Chaud,Rome
63,780,Plage,7,Tempéré,Barcelone
53,3543,Nature,4,Tempéré,Sydney
69,2538,Culture,28,Froid,Londres
38,3475,Aventure,3,Froid,New York
29,2558,Culture,11,Tempéré,Paris
48,3038,Plage,19,Tempéré,Sydney
39,1697,Plage,9,Froid,Bali
64,2582,Culture,10,Froid,Londres
32,3849,Plage,8,Froid,Sydney
68,3313,Plage,27,Froid,Sydney
22,4357,Culture,23,Froid,Tokyo
39,2698,Plage,23,Chaud,Sydney
68,1827,Culture,17,Tempéré,Rome
63,2203,Nature,14,Froid,Sydney
53,3682,Culture,23,Tempéré,Paris
36,740,Nature,19,Chaud,Bali
48,2386,Nature,15,Chaud,Sydney
28,3298,Nature,16,Chaud,Sydney
45,898,Aventure,20,Froid,New York
26,3768,Ville,23,Froid,New York
69,3257,Culture,23,Tempéré,Tokyo
54,3373,Aventure,2,Froid,New York
64,2346,Nature,4,Tempéré,Sydney
61,1479,Aventure,24,Chaud,Rio de Janeiro
41,2773,Culture,8,Chaud,Barcelone
41,3578,Culture,26,Froid,Londres
19,1790,Plage,21,Froid,Bali
68,2612,Culture,5,Chaud,Rome
33,3919,Nature,8,Tempéré,Sydney
55,1116,Ville,6,Chaud,Rome
67,1497,Culture,15,Chaud,Le Caire
21,966,Nature,22,Froid,Bali
62,1122,Aventure,14,Chaud,Rio de Janeiro
37,729,Plage,12,Tempéré,Sydney
38,884,Culture,22,Froid,Londres
32,4572,Plage,5,Chaud,Rio de Janeiro
64,3419,Nature,11,Froid,Sydney
35,1122,Aventure,12,Tempéré,Tokyo
68,3061,Culture,9,Chaud,Rome
33,4759,Aventure,7,Chaud,Tokyo
48,2265,Nature,19,Chaud,Sydney
40,1774,Ville,24,Froid,Londres
66,3959,Culture,12,Tempéré,Tokyo
48,4201,Culture,17,Chaud,Le Caire
38,1708,Plage,19,Tempéré,Barcelone
40,2318,Aventure,21,Tempéré,Rio de Janeiro
19,2902,Ville,9,Tempéré,Londres
29,4293,Plage,10,Froid,Sydney
58,2597,Nature,19,Froid,Londres
54,3443,Ville,22,Froid,New York
56,1272,Culture,20,Chaud,Le Caire
51,2951,Ville,6,Froid,New York
60,2894,Culture,29,Tempéré,Londres
58,4315,Nature,4,Froid,Sydney
57,2285,Ville,11,Tempéré,Londres
26,3193,Aventure,5,Froid,New York
32,1778,Culture,17,Chaud,Rome
63,1176,Aventure,10,Froid,New York
65,4376,Culture,18,Chaud,Le Caire
46,4091,Plage,23,Chaud,Sydney
34,1751,Culture,22,Tempéré,Paris
68,4577,Culture,10,Tempéré,Tokyo
41,1773,Nature,21,Tempéré,Sydney
41,3029,Ville,7,Froid,Londres
21,2489,Plage,27,Chaud,Bali
33,4016,Nature,14,Chaud,Sydney
64,3068,Aventure,24,Chaud,Rio de Janeiro
33,4132,Culture,18,Tempéré,Tokyo
65,1934,Culture,16,Froid,Londres
61,4242,Aventure,26,Tempéré,New York
55,4064,Plage,11,Tempéré,Sydney
50,3912,Plage,8,Froid,Sydney
66,4880,Nature,22,Froid,Sydney
30,4387,Aventure,27,Froid,New York
20,1027,Culture,26,Froid,Barcelone
28,1584,Plage,16,Chaud,Bali
30,3071,Ville,23,Chaud,Sydney
54,1480,Plage,28,Tempéré,Barcelone
66,1595,Aventure,24,Chaud,Rio de Janeiro
64,811,Ville,14,Chaud,Rome
47,1452,Culture,22,Tempéré,Barcelone
50,3850,Nature,5,Tempéré,Sydney
23,2610,Aventure,6,Chaud,Rio de Janeiro
29,3446,Nature,26,Chaud,Sydney
51,4590,Culture,27,Tempéré,Paris
33,1604,Plage,17,Chaud,Bali
19,1371,Culture,2,Froid,Barcelone
56,4993,Culture,22,Froid,Londres
38,952,Plage,12,Froid,Bali
61,2796,Plage,8,Froid,Rio de Janeiro
52,1673,Ville,12,Froid,Londres
59,2377,Culture,14,Froid,Londres
46,3730,Nature,10,Chaud,Sydney
29,2712,Aventure,2,Chaud,Rio de Janeiro
26,599,Aventure,28,Tempéré,New York
45,850,Nature,12,Chaud,Rio de Janeiro
27,2851,Nature,13,Chaud,Sydney
19,4463,Aventure,4,Chaud,Rio de Janeiro
60,1050,Nature,15,Tempéré,Bali
54,3997,Ville,29,Tempéré,Londres
38,2281,Culture,15,Froid,Londres
59,2739,Aventure,5,Chaud,Rio de Janeiro
35,2936,Nature,15,Froid,Sydney
29,1120,Culture,2,Tempéré,Rome
42,3155,Aventure,17,Chaud,Rio de Janeiro
19,906,Aventure,2,Tempéré,Rio de Janeiro
45,4349,Ville,16,Froid,New York
46,4477,Aventure,19,Chaud,Sydney
58,1403,Aventure,16,Chaud,Rio de Janeiro
29,3309,Aventure,27,Froid,New York
50,1434,Ville,27,Tempéré,Barcelone
51,2057,Ville,20,Chaud,Sydney
18,3010,Culture,2,Chaud,Rome
30,1549,Aventure,23,Froid,New York
46,4193,Nature,18,Tempéré,Sydney
42,4999,Plage,2,Froid,Sydney
67,2981,Nature,4,Tempéré,Sydney
53,2938,Plage,20,Froid,New York
50,2846,Plage,14,Tempéré,Sydney
41,3252,Nature,2,Tempéré,Sydney
34,2519,Aventure,10,Froid,New York
62,869,Ville,25,Chaud,Barcelone
32,975,Culture,20,Froid,Londres
20,758,Nature,22,Tempéré,Sydney
35,2373,Plage,5,Chaud,Rio de Janeiro
69,1318,Aventure,8,Chaud,Rio de Janeiro
50,4802,Plage,10,Froid,Barcelone
20,4328,Culture,23,Froid,Tokyo
48,3636,Nature,3,Tempéré,Sydney
25,879,Culture,9,Chaud,Barcelone
66,906,Plage,3,Tempéré,Barcelone
62,2943,Aventure,6,Tempéré,New York
44,2705,Aventure,6,Froid,New York
18,4656,Nature,12,Froid,Rio de Janeiro
55,4993,Plage,19,Froid,Sydney
62,1185,Culture,2,Chaud,Le Caire
42,3484,Nature,18,Tempéré,Sydney
52,3957,Nature,16,Tempéré,Sydney
28,858,Nature,24,Froid,Rio de Janeiro
68,1661,Ville,22,Chaud,Rome
40,612,Culture,27,Chaud,Rome
37,1967,Aventure,6,Froid,New York
40,927,Ville,25,Tempéré,Sydney
64,3758,Plage,25,Tempéré,Sydney
26,2907,Plage,2,Tempéré,Barcelone
57,3501,Ville,27,Tempéré,Londres
21,3676,Nature,23,Tempéré,Sydney
41,3074,Plage,13,Tempéré,Sydney
34,3477,Culture,14,Tempéré,Rome
42,3612,Aventure,22,Tempéré,Tokyo
32,1747,Ville,14,Tempéré,Rome
57,4915,Ville,29,Chaud,Rome
52,2257,Plage,20,Tempéré,Sydney
46,3870,Nature,18,Froid,Sydney
31,1122,Nature,20,Tempéré,Sydney
57,1797,Culture,14,Froid,Londres
36,609,Aventure,13,Froid,New York
58,1560,Plage,27,Tempéré,Barcelone
26,4393,Plage,24,Chaud,Sydney
69,2398,Ville,17,Tempéré,Sydney
37,3065,Plage,25,Tempéré,Sydney
54,2473,Plage,13,Froid,Sydney
30,2669,Aventure,13,Tempéré,New York
46,4563,Culture,23,Tempéré,Tokyo
44,590,Ville,10,Chaud,Rome
46,2602,Ville,11,Tempéré,Londres
32,4419,Nature,20,Chaud,Sydney
46,3340,Aventure,8,Chaud,Tokyo
19,1605,Nature,17,Tempéré,Bali
26,3500,Culture,10,Froid,Londres
22,3117,Aventure,29,Froid,New York
39,3466,Aventure,17,Tempéré,Tokyo
55,4189,Culture,27,Chaud,Le Caire
51,4569,Culture,16,Chaud,Le Caire
26,4571,Culture,18,Chaud,Barcelone
39,579,Nature,27,Chaud,Bali
20,2097,Nature,12,Chaud,Bali
59,3665,Aventure,11,Tempéré,Tokyo
36,4816,Culture,10,Tempéré,Tokyo
18,3325,Ville,12,Froid,Londres
54,2839,Plage,18,Tempéré,Sydney
34,2774,Culture,9,Chaud,Barcelone
28,4801,Aventure,21,Froid,New York
37,1612,Aventure,8,Tempéré,Tokyo
40,636,Aventure,3,Chaud,Rio de Janeiro
33,3828,Nature,16,Tempéré,Sydney
47,1580,Culture,19,Chaud,Barcelone
66,879,Plage,26,Tempéré,Barcelone
24,1194,Culture,4,Froid,Londres
57,3876,Ville,20,Froid,Londres
66,1874,Culture,3,Tempéré,Barcelone
61,1461,Nature,18,Tempéré,Sydney
31,2544,Plage,27,Tempéré,Barcelone
65,3833,Culture,20,Tempéré,Tokyo
61,4796,Aventure,13,Froid,New York
60,1836,Nature,3,Tempéré,Sydney
21,1395,Nature,15,Chaud,Rio de Janeiro
42,4281,Nature,7,Chaud,Rio de Janeiro
31,828,Culture,24,Chaud,Barcelone
57,2722,Culture,15,Tempéré,Paris
38,4733,Aventure,14,Chaud,Rio de Janeiro
55,2307,Aventure,23,Tempéré,New York
31,696,Plage,4,Froid,Bali
34,3642,Aventure,21,Chaud,Rio de Janeiro
45,1783,Nature,18,Froid,Rio de Janeiro
30,2066,Aventure,21,Froid,New York
27,1298,Culture,29,Chaud,Rome
38,1558,Culture,11,Froid,Londres
47,530,Culture,20,Tempéré,Tokyo
59,2897,Nature,12,Tempéré,Sydney
38,2817,Plage,17,Tempéré,Sydney
26,4864,Aventure,22,Tempéré,New York
69,4692,Plage,22,Froid,Sydney
45,4076,Aventure,5,Chaud,Rio de Janeiro
24,4591,Ville,11,Chaud,Tokyo
26,2010,Aventure,24,Chaud,Rio de Janeiro
23,3322,Culture,18,Chaud,Barcelone
24,3892,Plage,27,Chaud,Sydney
41,2818,Ville,4,Chaud,Rome
22,871,Aventure,7,Chaud,Rio de Janeiro
38,1126,Aventure,20,Chaud,Rio de Janeiro
31,2336,Aventure,24,Froid,New York
48,537,Aventure,21,Tempéré,New York
56,2618,Plage,12,Tempéré,Sydney
50,3484,Culture,18,Chaud,Rome
67,3462,Nature,5,Tempéré,Sydney
44,4666,Aventure,12,Froid,New York
60,1701,Ville,8,Chaud,Rome
50,2477,Plage,29,Froid,Barcelone
54,1610,Aventure,19,Froid,New York
30,4584,Aventure,17,Chaud,Tokyo
69,546,Culture,6,Tempéré,Londres
33,4243,Nature,25,Tempéré,Sydney
49,3067,Aventure,8,Tempéré,Tokyo
24,2301,Aventure,2,Tempéré,New York
27,2395,Nature,8,Tempéré,Sydney
52,2079,Ville,13,Froid,Londres
20,522,Plage,9,Tempéré,Barcelone
32,2274,Culture,25,Tempéré,Paris
58,4174,Ville,13,Tempéré,Rome
54,1858,Plage,8,Chaud,Rio de Janeiro
59,1540,Ville,20,Chaud,Rome
56,1220,Aventure,13,Tempéré,Tokyo
21,3158,Aventure,14,Tempéré,Tokyo
58,2971,Culture,5,Froid,Londres
51,2582,Plage,23,Tempéré,Sydney
53,4993,Aventure,23,Tempéré,New York
61,2595,Ville,22,Tempéré,Rome
41,4790,Plage,27,Chaud,Barcelone
20,3443,Culture,9,Froid,Londres
22,3013,Culture,10,Chaud,Barcelone
22,4920,Nature,13,Froid,Bali
57,4869,Culture,26,Tempéré,Tokyo
69,4189,Aventure,21,Tempéré,New York
40,3521,Aventure,2,Tempéré,New York
69,3031,Nature,3,Froid,Sydney
19,2685,Nature,20,Froid,Rio de Janeiro
22,913,Plage,25,Tempéré,Barcelone
51,2768,Ville,13,Chaud,Rome
23,1971,Ville,22,Tempéré,Barcelone
67,802,Nature,5,Chaud,Rio de Janeiro
69,4970,Ville,27,Froid,New York
29,2634,Aventure,6,Froid,New York
33,4274,Plage,3,Chaud,Sydney
55,1990,Nature,24,Tempéré,Sydney
62,3196,Ville,25,Froid,New York
38,3211,Ville,3,Froid,New York
27,2079,Culture,14,Chaud,Rome
43,2507,Culture,23,Froid,Londres
60,4061,Aventure,18,Froid,New York
63,2774,Nature,23,Froid,Sydney
37,1271,Aventure,11,Chaud,Rio de Janeiro
52,2202,Plage,28,Tempéré,Sydney
62,3653,Ville,7,Froid,New York
43,3332,Culture,13,Tempéré,Paris
23,2871,Ville,11,Froid,New York
40,4715,Plage,2,Tempéré,Barcelone
65,3638,Culture,27,Froid,Londres
57,1096,Nature,24,Tempéré,Sydney
39,1025,Nature,24,Froid,Bali
47,3293,Culture,7,Froid,Londres
42,2470,Ville,13,Tempéré,Rome
32,4802,Ville,25,Chaud,Sydney
21,3118,Ville,3,Froid,New York
29,3534,Culture,2,Chaud,Rome
64,1913,Aventure,9,Chaud,Rio de Janeiro
47,4842,Plage,4,Tempéré,Barcelone
49,3924,Ville,2,Chaud,Sydney
47,1174,Aventure,19,Froid,New York
69,4007,Ville,22,Chaud,Sydney
35,980,Nature,10,Chaud,Bali
36,2026,Aventure,25,Chaud,Rio de Janeiro
43,4057,Plage,23,Tempéré,Sydney
69,926,Plage,12,Tempéré,Barcelone
24,1794,Aventure,11,Tempéré,New York
35,1192,Aventure,16,Tempéré,Tokyo
20,2787,Culture,4,Tempéré,Barcelone
38,3427,Plage,16,Froid,Sydney
45,2200,Culture,20,Tempéré,Rome
53,4407,Aventure,8,Chaud,New York
59,4298,Ville,29,Chaud,Rome
34,4849,Nature,14,Tempéré,Sydney
29,710,Nature,12,Tempéré,Sydney
29,1270,Ville,9,Tempéré,Barcelone
39,1417,Ville,17,Tempéré,Barcelone
57,3656,Plage,14,Tempéré,Sydney
39,1247,Culture,12,Chaud,Rome
22,3896,Plage,13,Froid,Sydney
29,844,Plage,4,Froid,Rio de Janeiro
52,1569,Ville,9,Chaud,Rome
53,2926,Plage,15,Tempéré,Sydney
44,1245,Nature,23,Froid,Rio de Janeiro
43,1393,Ville,6,Froid,New York
24,4495,Nature,29,Froid,Sydney
23,3661,Plage,26,Chaud,Sydney
31,990,Ville,22,Froid,New York
61,2583,Nature,6,Chaud,Rio de Janeiro
66,3519,Plage,25,Froid,Sydney
66,3587,Plage,13,Chaud,Sydney
22,3389,Culture,7,Chaud,Rome
60,2116,Plage,13,Tempéré,Sydney
63,4718,Ville,6,Chaud,Rome
61,2887,Culture,7,Chaud,Rome
64,3334,Plage,10,Tempéré,Sydney
40,585,Ville,17,Tempéré,Sydney
19,4962,Nature,26,Tempéré,Sydney
46,3265,Plage,22,Tempéré,Sydney
28,2988,Aventure,19,Chaud,Rio de Janeiro
59,1577,Aventure,10,Chaud,Rio de Janeiro
29,1971,Aventure,17,Tempéré,Tokyo
32,608,Ville,16,Tempéré,Tokyo
31,871,Nature,10,Tempéré,Sydney
57,4994,Plage,5,Tempéré,Barcelone
62,732,Ville,11,Chaud,Rome
46,4176,Nature,4,Froid,Sydney
67,3230,Nature,2,Froid,Sydney
42,1743,Culture,22,Froid,Londres
36,1474,Plage,13,Tempéré,Barcelone
36,3658,Nature,5,Chaud,Sydney
63,3060,Aventure,25,Chaud,Rio de Janeiro
39,3101,Culture,19,Tempéré,Paris
49,4915,Aventure,5,Chaud,New York
25,1305,Plage,19,Froid,Bali
26,1185,Ville,7,Chaud,Barcelone
67,633,Aventure,23,Chaud,Rio de Janeiro
40,3196,Plage,23,Tempéré,Sydney
44,4664,Culture,25,Froid,Londres
62,4369,Aventure,5,Chaud,Rio de Janeiro
24,2828,Plage,22,Froid,Sydney
27,4190,Aventure,14,Froid,New York
46,1346,Nature,22,Tempéré,Sydney
46,591,Culture,26,Froid,Londres
59,1071,Nature,18,Froid,Bali
50,2991,Nature,23,Tempéré,Sydney
24,4472,Aventure,26,Froid,New York
35,3594,Aventure,22,Froid,New York
65,2953,Culture,4,Chaud,Rome
46,2516,Nature,23,Froid,Sydney
63,4033,Nature,29,Tempéré,Sydney
26,3428,Culture,23,Tempéré,Tokyo
36,2910,Culture,26,Chaud,Barcelone
40,4949,Plage,19,Tempéré,Barcelone
62,2453,Plage,14,Tempéré,Sydney
44,3893,Plage,21,Tempéré,Sydney
44,2374,Plage,10,Tempéré,Barcelone
29,3152,Culture,13,Chaud,Rome
63,4454,Plage,6,Froid,Sydney
32,4162,Ville,25,Tempéré,Sydney
36,726,Ville,24,Chaud,Sydney
57,2136,Aventure,21,Froid,New York
35,3836,Plage,11,Chaud,Sydney
27,954,Plage,4,Froid,Barcelone
55,3266,Nature,28,Tempéré,Sydney
57,4930,Plage,11,Tempéré,Sydney
62,3762,Ville,2,Chaud,Rome
55,1472,Aventure,17,Froid,New York
42,3455,Aventure,23,Chaud,Rio de Janeiro
19,3607,Plage,26,Chaud,Bali
26,3574,Nature,13,Chaud,Sydney
43,2387,Nature,15,Chaud,Rio de Janeiro
54,1854,Nature,26,Froid,Rio de Janeiro
36,3837,Nature,26,Chaud,Sydney
33,2151,Aventure,6,Tempéré,New York
61,2566,Culture,29,Froid,Londres
41,668,Culture,23,Chaud,Rome
27,3753,Culture,12,Froid,Londres
28,3538,Plage,25,Tempéré,Sydney
23,1174,Ville,25,Tempéré,Barcelone
30,4030,Aventure,13,Tempéré,Tokyo
55,1835,Culture,7,Froid,Londres
56,1873,Aventure,28,Chaud,Rio de Janeiro
26,3789,Ville,21,Chaud,Sydney
33,887,Culture,6,Tempéré,Barcelone
32,1293,Culture,14,Chaud,Rome
31,4331,Aventure,27,Chaud,Rio de Janeiro
61,4201,Culture,29,Tempéré,Rome
64,3501,Aventure,28,Chaud,Rio de Janeiro
68,4260,Aventure,21,Chaud,Rio de Janeiro
48,1288,Nature,17,Froid,Sydney
53,1141,Nature,13,Tempéré,Sydney
48,1623,Culture,16,Tempéré,Barcelone
18,1733,Nature,11,Tempéré,Bali
28,4397,Nature,11,Froid,Sydney
41,699,Plage,7,Tempéré,Barcelone
62,2536,Aventure,5,Froid,New York
61,1921,Plage,12,Froid,Bali
65,4181,Ville,8,Tempéré,Tokyo
44,587,Nature,6,Froid,Rio de Janeiro
59,4357,Ville,17,Chaud,Sydney
40,1330,Culture,28,Froid,Londres
36,2193,Nature,4,Froid,Bali
54,1160,Ville,8,Chaud,Rome
26,1031,Aventure,4,Tempéré,New York
36,2781,Ville,18,Chaud,Sydney
47,626,Aventure,16,Chaud,Tokyo
53,2819,Aventure,21,Froid,New York
47,1637,Aventure,28,Froid,New York
39,4849,Nature,15,Froid,Bali
36,2315,Ville,25,Tempéré,Sydney
33,599,Culture,8,Tempéré,Rome
56,1968,Ville,22,Froid,Londres
50,2039,Culture,3,Tempéré,Londres
48,4965,Plage,27,Tempéré,Sydney
43,1877,Ville,21,Chaud,Rome
36,2301,Plage,22,Froid,Sydney
58,1621,Nature,5,Chaud,Rio de Janeiro
30,3000,Culture,6,Froid,Londres
65,3311,Plage,21,Froid,Sydney
49,3642,Plage,5,Froid,Sydney
33,1642,Ville,25,Froid,Londres
61,1234,Culture,24,Froid,Le Caire
37,799,Culture,27,Froid,Londres
47,3052,Plage,11,Tempéré,Sydney
39,995,Ville,7,Tempéré,Barcelone
48,1849,Culture,5,Tempéré,Londres
18,3172,Aventure,29,Tempéré,New York
36,3383,Plage,11,Froid,Sydney
44,2183,Ville,29,Tempéré,Sydney
23,1486,Plage,20,Froid,Bali
68,4929,Plage,7,Froid,Bali
60,4449,Nature,15,Chaud,Sydney
57,1080,Nature,18,Chaud,Bali
58,1736,Plage,14,Froid,Rio de Janeiro
64,4437,Culture,10,Chaud,Rome
29,1518,Culture,13,Froid,Londres
50,2629,Ville,14,Chaud,Rome
32,999,Nature,19,Tempéré,Sydney
19,537,Ville,25,Froid,Londres
66,839,Aventure,7,Froid,New York
57,4835,Culture,5,Froid,Londres
66,2143,Plage,25,Chaud,Sydney
47,4589,Plage,5,Froid,Barcelone
61,4830,Ville,28,Tempéré,Rome
43,3760,Nature,17,Froid,Sydney
53,3062,Aventure,13,Froid,New York
50,1796,Aventure,8,Tempéré,Tokyo
29,2143,Nature,23,Chaud,Sydney
51,2643,Aventure,9,Chaud,Rio de Janeiro
51,1265,Plage,17,Chaud,Bali
69,2620,Aventure,21,Tempéré,New York
36,3377,Aventure,21,Chaud,New York
44,3815,Culture,29,Froid,Londres
37,539,Culture,17,Froid,Londres
45,4624,Nature,10,Chaud,Rio de Janeiro
42,4319,Culture,4,Tempéré,Rome
56,3678,Ville,21,Chaud,Sydney
46,2184,Aventure,18,Tempéré,Tokyo
42,2209,Plage,19,Tempéré,Sydney
68,992,Plage,13,Tempéré,Barcelone
21,2429,Culture,3,Tempéré,Barcelone
35,2287,Nature,17,Chaud,Sydney
55,3355,Plage,29,Chaud,Sydney
59,616,Plage,7,Froid,Bali
56,1040,Plage,19,Chaud,Bali
52,2857,Ville,9,Froid,New York
69,648,Aventure,8,Tempéré,New York
43,4088,Ville,22,Chaud,Sydney
56,658,Ville,15,Tempéré,Paris
63,1734,Culture,13,Froid,Londres
63,4565,Plage,12,Froid,Sydney
52,1653,Culture,17,Chaud,Le Caire
36,1120,Nature,24,Tempéré,Sydney
64,944,Aventure,9,Froid,New York
46,3408,Nature,28,Tempéré,Sydney
25,3033,Ville,5,Chaud,Rome
38,3063,Culture,15,Froid,Londres
49,2915,Ville,9,Chaud,Barcelone
41,3214,Aventure,22,Froid,New York
47,1824,Ville,27,Tempéré,Rome
33,2723,Plage,18,Froid,Sydney
21,1326,Plage,29,Tempéré,Barcelone
62,2821,Plage,26,Froid,Sydney
51,837,Plage,28,Froid,Rio de Janeiro
31,4793,Culture,4,Froid,Londres
62,1005,Ville,4,Chaud,Rome
42,981,Ville,4,Froid,New York
57,2379,Plage,8,Tempéré,Barcelone
45,2832,Nature,17,Tempéré,Sydney
36,920,Culture,5,Froid,Londres
20,3799,Aventure,5,Froid,New York
32,2806,Plage,20,Froid,Sydney
64,3273,Plage,27,Tempéré,Sydney
56,2409,Aventure,25,Tempéré,Rio de Janeiro
58,639,Aventure,7,Chaud,Rio de Janeiro
28,3818,Plage,4,Froid,Sydney
21,2070,Culture,14,Tempéré,Barcelone
65,2250,Culture,2,Chaud,Rome
68,1126,Plage,8,Tempéré,Barcelone
43,894,Ville,23,Chaud,Barcelone
34,1585,Culture,12,Froid,Londres
44,511,Ville,9,Tempéré,Paris
32,1757,Ville,18,Froid,Londres
65,1892,Nature,3,Froid,Rio de Janeiro
21,1998,Plage,19,Tempéré,Barcelone
56,1292,Ville,5,Tempéré,Rome
28,2530,Ville,15,Froid,Londres
20,2710,Nature,3,Chaud,Rio de Janeiro
58,1561,Aventure,22,Tempéré,New York
18,2645,Culture,6,Froid,Londres
24,2211,Ville,12,Tempéré,Sydney
37,3682,Plage,25,Tempéré,Sydney
55,3279,Nature,5,Froid,Londres
51,1224,Aventure,24,Froid,New York
52,3542,Ville,9,Tempéré,Paris
28,3274,Nature,25,Chaud,Sydney
30,1907,Plage,7,Froid,Rio de Janeiro
44,962,Aventure,12,Froid,New York
42,4244,Nature,12,Froid,Sydney
69,4418,Nature,26,Froid,Sydney
61,4027,Culture,14,Tempéré,Rome
51,739,Nature,21,Chaud,Bali
31,4760,Nature,24,Froid,Sydney
33,3681,Aventure,29,Tempéré,New York
46,2299,Aventure,5,Tempéré,New York
24,2013,Ville,26,Froid,Londres
35,1159,Ville,12,Chaud,Rome
54,2034,Plage,11,Chaud,Sydney
62,4013,Aventure,18,Chaud,Rio de Janeiro
55,1156,Plage,2,Tempéré,Barcelone
38,4641,Plage,13,Froid,Sydney
44,2662,Culture,4,Tempéré,Barcelone
59,2998,Aventure,6,Froid,New York
26,1426,Ville,8,Chaud,Barcelone
43,4193,Aventure,5,Tempéré,Tokyo
44,2160,Aventure,23,Froid,New York
59,3019,Plage,5,Chaud,Rio de Janeiro
23,4665,Culture,7,Chaud,Barcelone
59,1185,Culture,21,Froid,Londres
66,570,Aventure,6,Froid,New York
68,3807,Plage,6,Froid,Sydney
67,550,Ville,20,Froid,New York
21,1746,Nature,12,Chaud,Rio de Janeiro
45,1546,Aventure,10,Chaud,Rio de Janeiro
44,4759,Ville,2,Chaud,Sydney
63,723,Aventure,20,Froid,New York
40,4514,Plage,9,Tempéré,Barcelone
59,3075,Culture,4,Froid,Londres
31,1828,Plage,17,Tempéré,Barcelone
59,3539,Nature,16,Froid,Sydney
31,3639,Nature,17,Tempéré,Sydney
40,2282,Ville,3,Froid,Londres
37,3399,Culture,3,Chaud,Barcelone
68,4271,Ville,4,Chaud,Sydney
51,3143,Nature,17,Froid,Sydney
61,2738,Nature,8,Froid,Rio de Janeiro
66,3538,Aventure,21,Chaud,Rio de Janeiro
61,2627,Culture,7,Chaud,Rome
69,4971,Plage,18,Froid,Barcelone
45,1736,Plage,29,Tempéré,Barcelone
57,1040,Plage,22,Tempéré,Barcelone
29,995,Aventure,25,Tempéré,Tokyo
24,651,Nature,18,Froid,Bali
54,4049,Ville,16,Froid,New York
36,2817,Culture,19,Tempéré,Paris
58,2752,Ville,3,Froid,Londres
45,2553,Plage,23,Chaud,Sydney
45,2664,Nature,29,Chaud,Rio de Janeiro
52,3506,Nature,7,Froid,New York
64,2314,Nature,21,Froid,Bali
69,1002,Ville,27,Chaud,Barcelone
24,1263,Nature,16,Chaud,Bali
41,4130,Ville,12,Froid,New York
68,4802,Culture,26,Tempéré,Tokyo
24,1162,Nature,4,Chaud,Rio de Janeiro
40,4517,Aventure,7,Chaud,Rio de Janeiro
57,2526,Ville,20,Tempéré,Rome
60,2551,Ville,23,Tempéré,Paris
58,4304,Aventure,28,Tempéré,New York
20,3957,Culture,5,Chaud,Barcelone
53,1263,Ville,10,Tempéré,Rome
20,577,Nature,21,Chaud,Bali
68,2729,Ville,2,Tempéré,Londres
59,3105,Nature,15,Tempéré,Sydney
49,4472,Plage,9,Froid,Sydney
49,4602,Culture,16,Froid,Tokyo
22,2435,Culture,13,Froid,Londres
58,4662,Aventure,8,Froid,New York
56,3366,Culture,7,Tempéré,Paris
48,2837,Nature,7,Tempéré,Sydney
42,1966,Ville,22,Froid,Londres
41,2751,Plage,9,Chaud,Barcelone
48,4333,Culture,14,Chaud,Rome
63,1902,Ville,26,Froid,Londres
49,4181,Nature,28,Tempéré,Sydney
31,2140,Aventure,2,Froid,Rio de Janeiro
47,2708,Culture,25,Chaud,Rome
42,1268,Plage,6,Froid,Barcelone
69,897,Plage,13,Chaud,Rio de Janeiro
53,2591,Nature,3,Tempéré,Sydney
69,1964,Plage,28,Chaud,Bali
